{
  "Dataset": {
    "AtomTypeStyle": "chemicalsymbol",
    "Data": [
      {
        "AtomTypes": [
          "Ni",
          "Ni",
          "Ni",
          "Ni",
          "Ni",
          "Ni",
          "Ni",
          "Ni",
          "Ni",
          "Ni",
          "Ni",
          "Ni",
          "Ni",
          "Ni",
          "Ni",
          "Ni",
          "Ni",
          "Ni",
          "Ni",
          "Ni",
          "Ni",
          "Ni",
          "Ni",
          "Ni",
          "Ni",
          "Ni",
          "Ni",
          "Ni",
          "Ni",
          "O",
          "O",
          "O",
          "O",
          "O",
          "O",
          "O",
          "O",
          "O",
          "O",
          "O",
          "O",
          "O",
          "O",
          "O",
          "O",
          "O",
          "O",
          "O",
          "O",
          "O",
          "O",
          "O",
          "O",
          "O",
          "O",
          "O",
          "O",
          "O",
          "O",
          "O",
          "O",
          "Ti"
        ],
        "Energy": -326.57581778,
        "Forces": [
          [
            -0.032662,
            -7e-06,
            0.910367
          ],
          [
            -0.033927,
            0.038997,
            0.886356
          ],
          [
            -0.094874,
            6e-05,
            0.924339
          ],
          [
            -0.090672,
            0.004278,
            0.908855
          ],
          [
            -0.033916,
            -0.038996,
            0.886413
          ],
          [
            -0.09068,
            -0.004351,
            0.908989
          ],
          [
            0.033812,
            -0.018252,
            -0.890131
          ],
          [
            -0.017914,
            0.000147,
            -0.94753
          ],
          [
            -0.01527,
            0.018028,
            -0.87756
          ],
          [
            0.044477,
            5e-05,
            -0.94955
          ],
          [
            0.033753,
            0.017817,
            -0.890033
          ],
          [
            -0.015174,
            -0.018341,
            -0.877603
          ],
          [
            0.00047,
            -0.026257,
            -0.058313
          ],
          [
            0.000499,
            0.026241,
            -0.058439
          ],
          [
            0.008735,
            -0.023567,
            -0.057519
          ],
          [
            0.008465,
            0.023207,
            -0.057548
          ],
          [
            -0.025446,
            -0.000324,
            -0.0111
          ],
          [
            0.003256,
            2.9e-05,
            -0.122092
          ],
          [
            0.007712,
            0.000193,
            -0.067138
          ],
          [
            0.046584,
            -0.045641,
            -0.003386
          ],
          [
            0.001105,
            -0.057344,
            0.086038
          ],
          [
            -0.038232,
            -0.098497,
            -0.015524
          ],
          [
            0.046724,
            0.045296,
            -0.00321
          ],
          [
            -0.038029,
            0.098721,
            -0.015077
          ],
          [
            0.03983,
            -0.091029,
            0.074757
          ],
          [
            0.01701,
            -5.5e-05,
            0.321802
          ],
          [
            0.001061,
            0.059116,
            0.084731
          ],
          [
            0.009907,
            0.000529,
            -0.202077
          ],
          [
            0.039844,
            0.090234,
            0.074326
          ],
          [
            0.023737,
            9e-06,
            0.453471
          ],
          [
            0.036509,
            -0.013727,
            0.466725
          ],
          [
            0.017762,
            -7e-06,
            0.510166
          ],
          [
            0.003937,
            -0.020651,
            0.533561
          ],
          [
            0.036538,
            0.013735,
            0.466812
          ],
          [
            0.003909,
            0.020678,
            0.533686
          ],
          [
            -0.031642,
            -0.024182,
            -0.652654
          ],
          [
            0.001456,
            0.000188,
            -0.666175
          ],
          [
            0.072265,
            0.035432,
            -0.548405
          ],
          [
            0.056433,
            0.000187,
            -0.479453
          ],
          [
            -0.031671,
            0.023936,
            -0.652777
          ],
          [
            0.072329,
            -0.035995,
            -0.54788
          ],
          [
            0.023028,
            0.000133,
            0.04303
          ],
          [
            0.052265,
            -0.028061,
            -0.006341
          ],
          [
            -0.035572,
            5.1e-05,
            0.081935
          ],
          [
            -0.059208,
            -0.041787,
            0.071403
          ],
          [
            0.052155,
            0.027729,
            -0.006379
          ],
          [
            -0.059124,
            0.041331,
            0.071485
          ],
          [
            -0.014601,
            0.131956,
            -0.09475
          ],
          [
            -0.05879,
            -0.000198,
            -0.035185
          ],
          [
            0.025357,
            -0.052421,
            0.133474
          ],
          [
            -0.003859,
            0.00038,
            0.090298
          ],
          [
            -0.014704,
            -0.131824,
            -0.095045
          ],
          [
            0.0254,
            0.052408,
            0.133023
          ],
          [
            -0.128865,
            0.086279,
            -0.031296
          ],
          [
            -0.128496,
            -0.086558,
            -0.031323
          ],
          [
            0.103505,
            -0.092696,
            0.192816
          ],
          [
            0.103464,
            0.093508,
            0.193779
          ],
          [
            0.233286,
            -0.000213,
            -0.000397
          ],
          [
            -0.210819,
            -0.000349,
            0.030937
          ],
          [
            -0.010141,
            -0.512129,
            0.105013
          ],
          [
            -0.01005,
            0.513824,
            0.105383
          ],
          [
            0.037754,
            -0.001248,
            -0.33208
          ]
        ],
        "Lattice": [
          [
            8.33,
            0.0,
            0.0
          ],
          [
            0.0,
            8.839539657,
            0.0
          ],
          [
            0.0,
            0.0,
            21.359563785
          ]
        ],
        "NumAtoms": 62,
        "Positions": [
          [
            0.0,
            0.0,
            0.0
          ],
          [
            0.0,
            2.94648,
            0.0
          ],
          [
            4.165,
            0.0,
            0.0
          ],
          [
            4.165,
            2.94648,
            0.0
          ],
          [
            0.0,
            5.89306,
            0.0
          ],
          [
            4.165,
            5.89306,
            0.0
          ],
          [
            2.0825,
            1.47329,
            1.47381
          ],
          [
            2.0825,
            4.41977,
            1.47381
          ],
          [
            6.2475,
            1.47329,
            1.47381
          ],
          [
            6.2475,
            4.41977,
            1.47381
          ],
          [
            2.0825,
            7.36625,
            1.47381
          ],
          [
            6.2475,
            7.36625,
            1.47381
          ],
          [
            0.00934,
            2.91832,
            2.93975
          ],
          [
            0.00938,
            5.92127,
            2.93981
          ],
          [
            4.15763,
            2.93758,
            2.95532
          ],
          [
            4.15763,
            5.9019,
            2.95547
          ],
          [
            4.15711,
            -0.00013,
            2.96012
          ],
          [
            0.00094,
            -2e-05,
            2.95543
          ],
          [
            2.08075,
            4.41975,
            4.44849
          ],
          [
            2.05751,
            7.37569,
            4.46795
          ],
          [
            3.9949,
            2.93599,
            5.93676
          ],
          [
            6.26015,
            7.39036,
            4.47189
          ],
          [
            2.05743,
            1.46365,
            4.4677
          ],
          [
            6.26014,
            1.44903,
            4.47172
          ],
          [
            0.11629,
            5.7147,
            5.88507
          ],
          [
            0.02844,
            -8e-05,
            5.84088
          ],
          [
            3.99499,
            5.90221,
            5.93749
          ],
          [
            4.17409,
            -0.00031,
            5.86727
          ],
          [
            0.11626,
            3.12463,
            5.88471
          ],
          [
            2.0825,
            0.0,
            0.0
          ],
          [
            2.0825,
            2.94648,
            0.0
          ],
          [
            6.2475,
            0.0,
            0.0
          ],
          [
            6.2475,
            2.94648,
            0.0
          ],
          [
            2.0825,
            5.89306,
            0.0
          ],
          [
            6.2475,
            5.89306,
            0.0
          ],
          [
            0.0,
            1.47329,
            1.47381
          ],
          [
            0.0,
            4.41977,
            1.47381
          ],
          [
            4.165,
            1.47329,
            1.47381
          ],
          [
            4.165,
            4.41977,
            1.47381
          ],
          [
            0.0,
            7.36625,
            1.47381
          ],
          [
            4.165,
            7.36625,
            1.47381
          ],
          [
            2.09624,
            -9e-05,
            2.94534
          ],
          [
            2.09021,
            2.95895,
            2.95733
          ],
          [
            6.22517,
            -8e-05,
            2.94667
          ],
          [
            6.23927,
            2.99003,
            2.98954
          ],
          [
            2.09027,
            5.8806,
            2.95743
          ],
          [
            6.23923,
            5.8495,
            2.98964
          ],
          [
            -0.01556,
            1.44501,
            4.42003
          ],
          [
            -0.0687,
            4.41982,
            4.31298
          ],
          [
            4.16908,
            1.51108,
            4.46059
          ],
          [
            4.25649,
            4.41953,
            4.48186
          ],
          [
            -0.01554,
            7.3946,
            4.41994
          ],
          [
            4.16908,
            7.32793,
            4.46115
          ],
          [
            2.04591,
            2.94266,
            5.79069
          ],
          [
            2.04603,
            5.89669,
            5.79103
          ],
          [
            6.34425,
            3.0041,
            5.7927
          ],
          [
            6.34399,
            5.83528,
            5.79293
          ],
          [
            2.08994,
            1e-05,
            5.8585
          ],
          [
            6.2314,
            1e-05,
            5.85696
          ],
          [
            4.16729,
            5.09253,
            7.66806
          ],
          [
            4.16716,
            3.74404,
            7.66783
          ],
          [
            6.2584,
            4.41982,
            4.66912
          ]
        ],
        "Stress": [
          [
            -73.50788,
            0.0002,
            0.66402
          ],
          [
            0.0002,
            -12.97652,
            0.01173
          ],
          [
            0.66402,
            0.01173,
            -32.64035
          ]
        ],
        "computation_code": "VASP",
        "pseudopotential_information": [
          [
            "PAW_PBE",
            "Ni",
            "02Aug2007"
          ],
          [
            "PAW_PBE",
            "O",
            "08Apr2002"
          ],
          [
            "PAW_PBE",
            "Ti_sv",
            "26Sep2005"
          ]
        ]
      }
    ],
    "EnergyStyle": "electronvolt",
    "ForcesStyle": "electronvoltperangstrom",
    "LatticeStyle": "angstrom",
    "PositionsStyle": "angstrom",
    "StressStyle": "kB"
  }
}