{
  "Dataset": {
    "AtomTypeStyle": "chemicalsymbol",
    "Data": [
      {
        "AtomTypes": [
          "Ni",
          "Ni",
          "Ni",
          "Ni",
          "Ni",
          "Ni",
          "Ni",
          "Ni",
          "Ni",
          "Ni",
          "Ni",
          "Ni",
          "Ni",
          "Ni",
          "Ni",
          "Ni",
          "Ni",
          "Ni",
          "Ni",
          "Ni",
          "Ni",
          "Ni",
          "Ni",
          "Ni",
          "Ni",
          "Ni",
          "Ni",
          "Ni",
          "Ni",
          "O",
          "O",
          "O",
          "O",
          "O",
          "O",
          "O",
          "O",
          "O",
          "O",
          "O",
          "O",
          "O",
          "O",
          "O",
          "O",
          "O",
          "O",
          "O",
          "O",
          "O",
          "O",
          "O",
          "O",
          "O",
          "O",
          "O",
          "O",
          "O",
          "O",
          "Ti"
        ],
        "Energy": -315.02491148,
        "Forces": [
          [
            -0.031879,
            -0.0,
            0.928955
          ],
          [
            -0.028231,
            0.024206,
            0.899839
          ],
          [
            -0.096712,
            -0.0,
            0.930201
          ],
          [
            -0.093633,
            0.023825,
            0.903389
          ],
          [
            -0.028231,
            -0.024206,
            0.899839
          ],
          [
            -0.093633,
            -0.023825,
            0.903389
          ],
          [
            0.009938,
            -0.069182,
            -0.829286
          ],
          [
            0.015574,
            -0.0,
            -0.92043
          ],
          [
            0.012391,
            -0.051036,
            -0.815859
          ],
          [
            0.01636,
            -0.0,
            -0.928301
          ],
          [
            0.009938,
            0.069182,
            -0.829286
          ],
          [
            0.012391,
            0.051036,
            -0.815859
          ],
          [
            0.001111,
            -0.003785,
            0.025701
          ],
          [
            0.001111,
            0.003785,
            0.025701
          ],
          [
            -0.000712,
            -0.003458,
            0.017011
          ],
          [
            -0.000712,
            0.003458,
            0.017011
          ],
          [
            0.008902,
            -0.0,
            0.051151
          ],
          [
            -0.006043,
            -0.0,
            0.073513
          ],
          [
            -0.020172,
            -0.0,
            -0.038497
          ],
          [
            -0.017237,
            0.022408,
            0.040489
          ],
          [
            0.022548,
            0.001534,
            0.045162
          ],
          [
            0.022919,
            0.021709,
            0.087793
          ],
          [
            -0.017237,
            -0.022408,
            0.040489
          ],
          [
            0.022919,
            -0.021709,
            0.087793
          ],
          [
            -0.031456,
            -0.036551,
            -0.021583
          ],
          [
            -0.009279,
            -0.0,
            -0.121042
          ],
          [
            0.022548,
            -0.001534,
            0.045162
          ],
          [
            0.022263,
            -0.0,
            -0.019156
          ],
          [
            -0.031456,
            0.036551,
            -0.021583
          ],
          [
            0.020289,
            -0.0,
            0.459887
          ],
          [
            0.018485,
            -0.00826,
            0.486393
          ],
          [
            0.020057,
            -0.0,
            0.515184
          ],
          [
            0.019087,
            -0.009797,
            0.564482
          ],
          [
            0.018485,
            0.00826,
            0.486393
          ],
          [
            0.019087,
            0.009797,
            0.564482
          ],
          [
            -0.030244,
            -0.000373,
            -0.656575
          ],
          [
            -0.015451,
            -0.0,
            -0.587649
          ],
          [
            0.076263,
            0.002675,
            -0.649031
          ],
          [
            0.072047,
            -0.0,
            -0.583781
          ],
          [
            -0.030244,
            0.000373,
            -0.656575
          ],
          [
            0.076263,
            -0.002675,
            -0.649031
          ],
          [
            0.002082,
            -0.0,
            -0.009031
          ],
          [
            0.000998,
            0.007435,
            -0.002348
          ],
          [
            -0.00118,
            -0.0,
            -0.015461
          ],
          [
            -0.001348,
            0.007279,
            -0.007347
          ],
          [
            0.000998,
            -0.007435,
            -0.002348
          ],
          [
            -0.001348,
            -0.007279,
            -0.007347
          ],
          [
            0.012184,
            -0.026613,
            0.031699
          ],
          [
            0.019411,
            -0.0,
            0.007921
          ],
          [
            -0.006763,
            -0.014939,
            -0.008944
          ],
          [
            -0.02314,
            -0.0,
            -0.033728
          ],
          [
            0.012184,
            0.026613,
            0.031699
          ],
          [
            -0.006763,
            0.014939,
            -0.008944
          ],
          [
            -0.019479,
            0.002716,
            0.011689
          ],
          [
            -0.019479,
            -0.002716,
            0.011689
          ],
          [
            0.016571,
            0.110382,
            -0.088408
          ],
          [
            0.016571,
            -0.110382,
            -0.088408
          ],
          [
            -0.033676,
            -0.0,
            0.00294
          ],
          [
            0.043347,
            -0.0,
            -0.014448
          ],
          [
            0.030418,
            -0.0,
            0.233236
          ]
        ],
        "Lattice": [
          [
            8.33,
            0.0,
            0.0
          ],
          [
            0.0,
            8.839539657,
            0.0
          ],
          [
            0.0,
            0.0,
            21.359563785
          ]
        ],
        "NumAtoms": 60,
        "Positions": [
          [
            0.0,
            0.0,
            0.0
          ],
          [
            0.0,
            2.94648,
            0.0
          ],
          [
            4.165,
            0.0,
            0.0
          ],
          [
            4.165,
            2.94648,
            0.0
          ],
          [
            0.0,
            5.89306,
            0.0
          ],
          [
            4.165,
            5.89306,
            0.0
          ],
          [
            2.0825,
            1.47329,
            1.47381
          ],
          [
            2.0825,
            4.41977,
            1.47381
          ],
          [
            6.2475,
            1.47329,
            1.47381
          ],
          [
            6.2475,
            4.41977,
            1.47381
          ],
          [
            2.0825,
            7.36625,
            1.47381
          ],
          [
            6.2475,
            7.36625,
            1.47381
          ],
          [
            0.01027,
            2.91564,
            2.94459
          ],
          [
            0.01027,
            5.9239,
            2.94459
          ],
          [
            4.15602,
            2.91608,
            2.94636
          ],
          [
            4.15602,
            5.92346,
            2.94636
          ],
          [
            4.15855,
            0.0,
            2.96126
          ],
          [
            0.00474,
            0.0,
            2.96047
          ],
          [
            2.07753,
            4.41977,
            4.43388
          ],
          [
            2.08339,
            7.36289,
            4.49
          ],
          [
            4.0202,
            3.10939,
            5.98899
          ],
          [
            6.24767,
            7.37817,
            4.48921
          ],
          [
            2.08339,
            1.47665,
            4.49
          ],
          [
            6.24767,
            1.46137,
            4.48921
          ],
          [
            0.14494,
            5.73037,
            5.98771
          ],
          [
            0.02794,
            0.0,
            5.84235
          ],
          [
            4.0202,
            5.73015,
            5.98899
          ],
          [
            4.17217,
            0.0,
            5.84317
          ],
          [
            0.14494,
            3.10917,
            5.98771
          ],
          [
            2.0825,
            0.0,
            0.0
          ],
          [
            2.0825,
            2.94648,
            0.0
          ],
          [
            6.2475,
            0.0,
            0.0
          ],
          [
            6.2475,
            2.94648,
            0.0
          ],
          [
            2.0825,
            5.89306,
            0.0
          ],
          [
            6.2475,
            5.89306,
            0.0
          ],
          [
            0.0,
            1.47329,
            1.47381
          ],
          [
            0.0,
            4.41977,
            1.47381
          ],
          [
            4.165,
            1.47329,
            1.47381
          ],
          [
            4.165,
            4.41977,
            1.47381
          ],
          [
            0.0,
            7.36625,
            1.47381
          ],
          [
            4.165,
            7.36625,
            1.47381
          ],
          [
            2.08212,
            0.0,
            2.95689
          ],
          [
            2.08262,
            2.95552,
            2.96725
          ],
          [
            6.24678,
            0.0,
            2.95789
          ],
          [
            6.24811,
            2.98553,
            3.00616
          ],
          [
            2.08262,
            5.88402,
            2.96725
          ],
          [
            6.24811,
            5.85401,
            3.00616
          ],
          [
            -0.0127,
            1.47096,
            4.43759
          ],
          [
            -0.09496,
            4.41977,
            4.3614
          ],
          [
            4.17668,
            1.47202,
            4.43911
          ],
          [
            4.25793,
            4.41977,
            4.36237
          ],
          [
            -0.0127,
            7.36858,
            4.43759
          ],
          [
            4.17668,
            7.36751,
            4.43911
          ],
          [
            2.08287,
            2.97564,
            5.84561
          ],
          [
            2.08287,
            5.8639,
            5.84561
          ],
          [
            6.24605,
            3.02553,
            5.85068
          ],
          [
            6.24605,
            5.81401,
            5.85068
          ],
          [
            2.08395,
            0.0,
            5.86983
          ],
          [
            6.24756,
            0.0,
            5.87397
          ],
          [
            6.24557,
            4.41977,
            4.63439
          ]
        ],
        "Stress": [
          [
            -75.06106,
            0.0,
            0.47908
          ],
          [
            0.0,
            -13.36227,
            0.0
          ],
          [
            0.47908,
            0.0,
            -34.08445
          ]
        ],
        "computation_code": "VASP",
        "pseudopotential_information": [
          [
            "PAW_PBE",
            "Ni",
            "02Aug2007"
          ],
          [
            "PAW_PBE",
            "O",
            "08Apr2002"
          ],
          [
            "PAW_PBE",
            "Ti_sv",
            "26Sep2005"
          ]
        ]
      }
    ],
    "EnergyStyle": "electronvolt",
    "ForcesStyle": "electronvoltperangstrom",
    "LatticeStyle": "angstrom",
    "PositionsStyle": "angstrom",
    "StressStyle": "kB"
  }
}