{
  "Dataset": {
    "AtomTypeStyle": "chemicalsymbol",
    "Data": [
      {
        "AtomTypes": [
          "Ni",
          "Ni",
          "Ni",
          "Ni",
          "Ni",
          "Ni",
          "Ni",
          "Ni",
          "Ni",
          "Ni",
          "Ni",
          "Ni",
          "Ni",
          "Ni",
          "Ni",
          "Ni",
          "Ni",
          "Ni",
          "Ni",
          "Ni",
          "Ni",
          "Ni",
          "Ni",
          "Ni",
          "Ni",
          "Ni",
          "Ni",
          "Ni",
          "Ni",
          "O",
          "O",
          "O",
          "O",
          "O",
          "O",
          "O",
          "O",
          "O",
          "O",
          "O",
          "O",
          "O",
          "O",
          "O",
          "O",
          "O",
          "O",
          "O",
          "O",
          "O",
          "O",
          "O",
          "O",
          "O",
          "O",
          "O",
          "O",
          "O",
          "Ti"
        ],
        "Energy": -305.24204824,
        "Forces": [
          [
            -0.005203,
            0.030287,
            0.937594
          ],
          [
            0.010256,
            -0.011693,
            0.891951
          ],
          [
            -0.124705,
            0.037254,
            0.947542
          ],
          [
            -0.135806,
            -0.052144,
            0.916046
          ],
          [
            0.020271,
            -0.018109,
            0.896879
          ],
          [
            -0.140591,
            0.011967,
            0.906224
          ],
          [
            0.022131,
            -0.056311,
            -0.820242
          ],
          [
            -0.051779,
            0.015958,
            -0.821836
          ],
          [
            -0.0393,
            -0.077268,
            -0.753773
          ],
          [
            0.035549,
            -0.095652,
            -1.16043
          ],
          [
            9.6e-05,
            0.035514,
            -0.821474
          ],
          [
            -3.1e-05,
            0.222784,
            -0.941119
          ],
          [
            -0.030569,
            -0.004766,
            -0.013498
          ],
          [
            0.043405,
            -0.032778,
            0.073115
          ],
          [
            0.025074,
            -0.061538,
            0.013304
          ],
          [
            -0.017871,
            0.004095,
            -0.033239
          ],
          [
            -0.001477,
            -0.01985,
            0.016945
          ],
          [
            -0.032105,
            -0.000461,
            -0.041006
          ],
          [
            -0.082906,
            0.036244,
            -0.040411
          ],
          [
            -0.031489,
            0.023634,
            0.030911
          ],
          [
            0.086494,
            0.069027,
            -0.038677
          ],
          [
            0.018127,
            -0.076994,
            -0.009249
          ],
          [
            -0.042554,
            -0.045036,
            0.016212
          ],
          [
            0.041657,
            0.162368,
            0.137105
          ],
          [
            0.056085,
            -0.012329,
            -0.028517
          ],
          [
            0.003092,
            -0.046766,
            -0.111437
          ],
          [
            -0.060644,
            0.077969,
            0.021481
          ],
          [
            -0.025162,
            0.025825,
            -0.117405
          ],
          [
            -0.028078,
            -0.024568,
            0.052635
          ],
          [
            0.015692,
            -0.012084,
            0.445444
          ],
          [
            0.029071,
            0.014094,
            0.47861
          ],
          [
            0.028906,
            -0.026617,
            0.513221
          ],
          [
            0.013591,
            0.043635,
            0.638724
          ],
          [
            0.031737,
            0.000606,
            0.50082
          ],
          [
            0.009425,
            -0.016259,
            0.680159
          ],
          [
            -0.067956,
            -0.013513,
            -0.712339
          ],
          [
            -0.120286,
            0.129241,
            -0.592902
          ],
          [
            0.088719,
            0.051762,
            -0.753591
          ],
          [
            0.134303,
            0.121944,
            -0.523696
          ],
          [
            -0.081624,
            -0.053186,
            -0.627167
          ],
          [
            0.10112,
            -0.149928,
            -0.618699
          ],
          [
            -0.025819,
            0.046667,
            0.063848
          ],
          [
            0.056123,
            -0.025123,
            0.086272
          ],
          [
            0.083311,
            -0.027451,
            0.104561
          ],
          [
            -0.039495,
            -0.016083,
            0.109205
          ],
          [
            0.071569,
            -0.023739,
            0.011301
          ],
          [
            -0.0358,
            -0.013364,
            -0.009867
          ],
          [
            0.017626,
            -0.020382,
            0.08647
          ],
          [
            0.087889,
            -0.113363,
            0.015067
          ],
          [
            0.003234,
            0.017354,
            0.035314
          ],
          [
            0.070687,
            -0.051453,
            -0.04757
          ],
          [
            0.009361,
            -0.09979,
            0.037975
          ],
          [
            0.01081,
            0.117211,
            0.039987
          ],
          [
            -0.035876,
            -0.0231,
            -0.026377
          ],
          [
            0.002411,
            0.072746,
            0.013509
          ],
          [
            0.009913,
            0.052694,
            0.018731
          ],
          [
            -0.046074,
            -0.003009,
            -0.010867
          ],
          [
            0.047649,
            0.019689,
            -0.028925
          ],
          [
            0.017817,
            -0.115864,
            -0.032844
          ]
        ],
        "Lattice": [
          [
            8.33,
            0.0,
            0.0
          ],
          [
            0.0,
            8.839539657,
            0.0
          ],
          [
            0.0,
            0.0,
            21.359563785
          ]
        ],
        "NumAtoms": 59,
        "Positions": [
          [
            0.0,
            0.0,
            0.0
          ],
          [
            0.0,
            2.94648,
            0.0
          ],
          [
            4.165,
            0.0,
            0.0
          ],
          [
            4.165,
            2.94648,
            0.0
          ],
          [
            0.0,
            5.89306,
            0.0
          ],
          [
            4.165,
            5.89306,
            0.0
          ],
          [
            2.0825,
            1.47329,
            1.47381
          ],
          [
            2.0825,
            4.41977,
            1.47381
          ],
          [
            6.2475,
            1.47329,
            1.47381
          ],
          [
            6.2475,
            4.41977,
            1.47381
          ],
          [
            2.0825,
            7.36625,
            1.47381
          ],
          [
            6.2475,
            7.36625,
            1.47381
          ],
          [
            0.0154,
            2.93233,
            2.93962
          ],
          [
            0.04152,
            5.93792,
            2.96017
          ],
          [
            4.14003,
            2.95468,
            2.94907
          ],
          [
            4.11635,
            5.90466,
            2.96416
          ],
          [
            4.16059,
            -0.02187,
            2.96358
          ],
          [
            -0.00619,
            -0.01049,
            2.97363
          ],
          [
            2.05092,
            4.40468,
            4.53635
          ],
          [
            2.08433,
            7.38285,
            4.5183
          ],
          [
            6.22904,
            7.48517,
            4.57158
          ],
          [
            2.08674,
            1.46719,
            4.44514
          ],
          [
            6.23392,
            1.52063,
            4.48523
          ],
          [
            0.15577,
            5.99288,
            5.94594
          ],
          [
            3.99337,
            2.68882,
            5.90405
          ],
          [
            0.05553,
            0.1028,
            5.95664
          ],
          [
            4.07641,
            5.86659,
            5.81172
          ],
          [
            4.12209,
            0.21265,
            5.97482
          ],
          [
            0.22973,
            2.61058,
            5.99275
          ],
          [
            2.0825,
            0.0,
            0.0
          ],
          [
            2.0825,
            2.94648,
            0.0
          ],
          [
            6.2475,
            0.0,
            0.0
          ],
          [
            6.2475,
            2.94648,
            0.0
          ],
          [
            2.0825,
            5.89306,
            0.0
          ],
          [
            6.2475,
            5.89306,
            0.0
          ],
          [
            0.0,
            1.47329,
            1.47381
          ],
          [
            0.0,
            4.41977,
            1.47381
          ],
          [
            4.165,
            1.47329,
            1.47381
          ],
          [
            4.165,
            4.41977,
            1.47381
          ],
          [
            0.0,
            7.36625,
            1.47381
          ],
          [
            4.165,
            7.36625,
            1.47381
          ],
          [
            2.08424,
            -0.01194,
            2.94546
          ],
          [
            2.07457,
            2.96785,
            2.96686
          ],
          [
            6.22961,
            -0.01343,
            2.93731
          ],
          [
            6.22819,
            2.99872,
            3.03426
          ],
          [
            2.07139,
            5.87856,
            2.98727
          ],
          [
            6.23707,
            5.85861,
            3.02652
          ],
          [
            -0.05618,
            1.48841,
            4.37519
          ],
          [
            -0.11974,
            4.3892,
            4.35941
          ],
          [
            4.20046,
            1.46926,
            4.33255
          ],
          [
            4.28033,
            4.39604,
            4.44964
          ],
          [
            -0.05877,
            7.398,
            4.42893
          ],
          [
            4.1989,
            7.32071,
            4.4456
          ],
          [
            2.17011,
            5.88164,
            5.86716
          ],
          [
            6.14662,
            5.71582,
            5.90315
          ],
          [
            2.09627,
            0.02492,
            5.83478
          ],
          [
            2.09931,
            2.94379,
            5.87311
          ],
          [
            6.20916,
            0.13084,
            5.90246
          ],
          [
            6.33816,
            4.58565,
            4.48542
          ]
        ],
        "Stress": [
          [
            -72.59877,
            -0.03999,
            0.82077
          ],
          [
            -0.03999,
            -16.79281,
            0.28993
          ],
          [
            0.82077,
            0.28993,
            -34.01918
          ]
        ],
        "computation_code": "VASP",
        "pseudopotential_information": [
          [
            "PAW_PBE",
            "Ni",
            "02Aug2007"
          ],
          [
            "PAW_PBE",
            "O",
            "08Apr2002"
          ],
          [
            "PAW_PBE",
            "Ti_sv",
            "26Sep2005"
          ]
        ]
      }
    ],
    "EnergyStyle": "electronvolt",
    "ForcesStyle": "electronvoltperangstrom",
    "LatticeStyle": "angstrom",
    "PositionsStyle": "angstrom",
    "StressStyle": "kB"
  }
}