{
  "Dataset": {
    "AtomTypeStyle": "chemicalsymbol",
    "Data": [
      {
        "AtomTypes": [
          "Ni",
          "Ni",
          "Ni",
          "Ni",
          "Ni",
          "Ni",
          "Ni",
          "Ni",
          "Ni",
          "Ni",
          "Ni",
          "Ni",
          "Ni",
          "Ni",
          "Ni",
          "Ni",
          "Ni",
          "Ni",
          "Ni",
          "Ni",
          "Ni",
          "Ni",
          "Ni",
          "Ni",
          "Ni",
          "Ni",
          "Ni",
          "Ni",
          "Ni",
          "O",
          "O",
          "O",
          "O",
          "O",
          "O",
          "O",
          "O",
          "O",
          "O",
          "O",
          "O",
          "O",
          "O",
          "O",
          "O",
          "O",
          "O",
          "O",
          "O",
          "O",
          "O",
          "O",
          "O",
          "O",
          "O",
          "O",
          "O",
          "O",
          "Ti"
        ],
        "Energy": -305.27539122,
        "Forces": [
          [
            -0.002926,
            0.021887,
            0.94593
          ],
          [
            0.014279,
            -0.010379,
            0.904449
          ],
          [
            -0.126115,
            0.037331,
            0.95178
          ],
          [
            -0.137207,
            -0.046134,
            0.929647
          ],
          [
            0.018693,
            -0.013024,
            0.918503
          ],
          [
            -0.139142,
            0.007378,
            0.91564
          ],
          [
            0.031457,
            -0.038433,
            -0.787976
          ],
          [
            -0.023456,
            -0.020514,
            -0.77632
          ],
          [
            -0.021502,
            -0.085924,
            -0.720418
          ],
          [
            0.042711,
            -0.121331,
            -1.112515
          ],
          [
            0.001938,
            0.029592,
            -0.791419
          ],
          [
            0.036397,
            0.197439,
            -0.911392
          ],
          [
            -0.002009,
            -0.00024,
            0.004368
          ],
          [
            0.002366,
            0.001769,
            -0.000707
          ],
          [
            0.000666,
            0.001368,
            0.004728
          ],
          [
            0.001261,
            0.001217,
            0.006919
          ],
          [
            0.007393,
            0.008472,
            0.006096
          ],
          [
            -0.005643,
            0.002617,
            0.007883
          ],
          [
            0.005402,
            -5.1e-05,
            0.014927
          ],
          [
            0.007274,
            -0.000188,
            0.014336
          ],
          [
            -0.002775,
            0.00243,
            0.008262
          ],
          [
            0.011127,
            -0.00034,
            0.014822
          ],
          [
            -0.004657,
            -0.003,
            0.0071
          ],
          [
            0.008977,
            0.003972,
            0.008999
          ],
          [
            -0.003443,
            -0.007243,
            0.001932
          ],
          [
            0.004981,
            0.006289,
            0.024324
          ],
          [
            -0.006267,
            -0.000809,
            -0.001398
          ],
          [
            0.006132,
            0.014885,
            -0.032071
          ],
          [
            0.003832,
            0.010754,
            0.001407
          ],
          [
            0.01751,
            -0.011897,
            0.450624
          ],
          [
            0.028021,
            0.013658,
            0.483423
          ],
          [
            0.023872,
            -0.02064,
            0.526043
          ],
          [
            0.011954,
            0.040478,
            0.650027
          ],
          [
            0.032351,
            0.003343,
            0.501902
          ],
          [
            0.005298,
            -0.011268,
            0.674867
          ],
          [
            -0.070356,
            -0.010424,
            -0.698823
          ],
          [
            -0.106024,
            0.091926,
            -0.562574
          ],
          [
            0.109695,
            0.03344,
            -0.744968
          ],
          [
            0.145157,
            0.101112,
            -0.523287
          ],
          [
            -0.06518,
            -0.098603,
            -0.611695
          ],
          [
            0.113962,
            -0.13858,
            -0.609674
          ],
          [
            0.00758,
            -0.006405,
            -0.007246
          ],
          [
            -0.0045,
            0.005287,
            -0.01724
          ],
          [
            -0.006957,
            -0.006603,
            -0.006797
          ],
          [
            0.006262,
            0.003242,
            -0.007588
          ],
          [
            -0.002079,
            0.00258,
            -0.007688
          ],
          [
            0.006688,
            0.0,
            -0.009204
          ],
          [
            0.00161,
            0.00402,
            -0.010114
          ],
          [
            0.002013,
            -0.003185,
            -0.002147
          ],
          [
            -0.002956,
            -0.009163,
            0.00513
          ],
          [
            -0.001549,
            0.001868,
            -0.004839
          ],
          [
            -0.000865,
            -0.00506,
            -0.013498
          ],
          [
            0.005523,
            0.003327,
            0.000491
          ],
          [
            0.012518,
            0.005311,
            -0.010672
          ],
          [
            0.003464,
            0.011813,
            -0.002532
          ],
          [
            0.013741,
            0.000161,
            -0.004141
          ],
          [
            0.000999,
            0.00323,
            -0.004798
          ],
          [
            -0.015709,
            -0.002755,
            -0.001578
          ],
          [
            -0.001786,
            -4e-06,
            0.01076
          ]
        ],
        "Lattice": [
          [
            8.33,
            0.0,
            0.0
          ],
          [
            0.0,
            8.839539657,
            0.0
          ],
          [
            0.0,
            0.0,
            21.359563785
          ]
        ],
        "NumAtoms": 59,
        "Positions": [
          [
            0.0,
            0.0,
            0.0
          ],
          [
            0.0,
            2.94648,
            0.0
          ],
          [
            4.165,
            0.0,
            0.0
          ],
          [
            4.165,
            2.94648,
            0.0
          ],
          [
            0.0,
            5.89306,
            0.0
          ],
          [
            4.165,
            5.89306,
            0.0
          ],
          [
            2.0825,
            1.47329,
            1.47381
          ],
          [
            2.0825,
            4.41977,
            1.47381
          ],
          [
            6.2475,
            1.47329,
            1.47381
          ],
          [
            6.2475,
            4.41977,
            1.47381
          ],
          [
            2.0825,
            7.36625,
            1.47381
          ],
          [
            6.2475,
            7.36625,
            1.47381
          ],
          [
            0.01536,
            2.92279,
            2.94635
          ],
          [
            0.05041,
            5.92005,
            2.9708
          ],
          [
            4.14489,
            2.95162,
            2.95435
          ],
          [
            4.12282,
            5.90322,
            2.96596
          ],
          [
            4.16549,
            -0.02194,
            2.96487
          ],
          [
            -0.00238,
            -0.01644,
            2.97378
          ],
          [
            2.02958,
            4.40872,
            4.54267
          ],
          [
            2.09129,
            7.38905,
            4.51552
          ],
          [
            6.24835,
            7.48642,
            4.56482
          ],
          [
            2.092,
            1.463,
            4.44721
          ],
          [
            6.23976,
            1.51249,
            4.49095
          ],
          [
            0.19015,
            6.10769,
            6.01366
          ],
          [
            4.00446,
            2.70942,
            5.89413
          ],
          [
            0.06885,
            0.09246,
            5.97811
          ],
          [
            4.07951,
            5.88784,
            5.80846
          ],
          [
            4.13113,
            0.21628,
            5.97209
          ],
          [
            0.23274,
            2.59367,
            6.01001
          ],
          [
            2.0825,
            0.0,
            0.0
          ],
          [
            2.0825,
            2.94648,
            0.0
          ],
          [
            6.2475,
            0.0,
            0.0
          ],
          [
            6.2475,
            2.94648,
            0.0
          ],
          [
            2.0825,
            5.89306,
            0.0
          ],
          [
            6.2475,
            5.89306,
            0.0
          ],
          [
            0.0,
            1.47329,
            1.47381
          ],
          [
            0.0,
            4.41977,
            1.47381
          ],
          [
            4.165,
            1.47329,
            1.47381
          ],
          [
            4.165,
            4.41977,
            1.47381
          ],
          [
            0.0,
            7.36625,
            1.47381
          ],
          [
            4.165,
            7.36625,
            1.47381
          ],
          [
            2.08331,
            -0.00802,
            2.95089
          ],
          [
            2.08228,
            2.964,
            2.97809
          ],
          [
            6.24603,
            -0.01657,
            2.94728
          ],
          [
            6.22776,
            2.99205,
            3.05148
          ],
          [
            2.08547,
            5.87399,
            2.99058
          ],
          [
            6.23958,
            5.84618,
            3.02663
          ],
          [
            -0.04733,
            1.4774,
            4.38868
          ],
          [
            -0.11006,
            4.36364,
            4.37745
          ],
          [
            4.20716,
            1.46942,
            4.33471
          ],
          [
            4.29375,
            4.39701,
            4.45748
          ],
          [
            -0.0445,
            7.36382,
            4.41706
          ],
          [
            4.20761,
            7.33979,
            4.44547
          ],
          [
            2.17083,
            5.88644,
            5.87236
          ],
          [
            6.15699,
            5.73738,
            5.89588
          ],
          [
            2.10924,
            0.02775,
            5.841
          ],
          [
            2.09724,
            2.94304,
            5.87414
          ],
          [
            6.22763,
            0.12743,
            5.9024
          ],
          [
            6.35015,
            4.57962,
            4.49638
          ]
        ],
        "Stress": [
          [
            -72.64325,
            0.13956,
            0.60376
          ],
          [
            0.13956,
            -16.9209,
            0.19422
          ],
          [
            0.60376,
            0.19422,
            -34.68917
          ]
        ],
        "computation_code": "VASP",
        "pseudopotential_information": [
          [
            "PAW_PBE",
            "Ni",
            "02Aug2007"
          ],
          [
            "PAW_PBE",
            "O",
            "08Apr2002"
          ],
          [
            "PAW_PBE",
            "Ti_sv",
            "26Sep2005"
          ]
        ]
      }
    ],
    "EnergyStyle": "electronvolt",
    "ForcesStyle": "electronvoltperangstrom",
    "LatticeStyle": "angstrom",
    "PositionsStyle": "angstrom",
    "StressStyle": "kB"
  }
}