{
  "Dataset": {
    "AtomTypeStyle": "chemicalsymbol",
    "Data": [
      {
        "AtomTypes": [
          "Ni",
          "Ni",
          "Ni",
          "Ni",
          "Ni",
          "Ni",
          "Ni",
          "Ni",
          "Ni",
          "Ni",
          "Ni",
          "Ni",
          "Ni",
          "Ni",
          "Ni",
          "Ni",
          "Ni",
          "Ni",
          "Ni",
          "Ni",
          "Ni",
          "Ni",
          "Ni",
          "Ni",
          "Ni",
          "Ni",
          "Ni",
          "Ni",
          "Ni",
          "O",
          "O",
          "O",
          "O",
          "O",
          "O",
          "O",
          "O",
          "O",
          "O",
          "O",
          "O",
          "O",
          "O",
          "O",
          "O",
          "O",
          "O",
          "O",
          "O",
          "O",
          "O",
          "O",
          "O",
          "O",
          "O",
          "O",
          "O",
          "O",
          "O",
          "O",
          "Ti"
        ],
        "Energy": -322.22691397,
        "Forces": [
          [
            -0.063757,
            -0.007869,
            0.895902
          ],
          [
            -0.063771,
            0.006927,
            0.883426
          ],
          [
            -0.063363,
            0.004974,
            0.922452
          ],
          [
            -0.062072,
            0.010699,
            0.901162
          ],
          [
            -0.06443,
            0.00083,
            0.885699
          ],
          [
            -0.062343,
            -0.01632,
            0.905305
          ],
          [
            0.031018,
            -0.025422,
            -0.844051
          ],
          [
            0.041857,
            -0.020287,
            -0.878518
          ],
          [
            -0.010364,
            -0.024228,
            -0.847399
          ],
          [
            -0.018818,
            -0.022165,
            -0.8887
          ],
          [
            0.009831,
            0.024625,
            -0.850778
          ],
          [
            0.007547,
            0.025325,
            -0.860642
          ],
          [
            -5.8e-05,
            -0.007956,
            -0.000554
          ],
          [
            0.001388,
            0.001006,
            -0.006404
          ],
          [
            -0.001163,
            -0.002348,
            0.001922
          ],
          [
            -0.000266,
            -0.004208,
            -0.001725
          ],
          [
            -0.000447,
            0.010221,
            0.007665
          ],
          [
            0.000328,
            0.003638,
            -0.001611
          ],
          [
            -0.00895,
            -0.005465,
            0.013219
          ],
          [
            -0.011258,
            0.005555,
            0.013638
          ],
          [
            0.009031,
            -0.004311,
            0.012128
          ],
          [
            0.012253,
            0.004843,
            0.013251
          ],
          [
            -0.002991,
            0.004672,
            0.026638
          ],
          [
            0.002593,
            0.004493,
            0.025004
          ],
          [
            0.000655,
            -0.001409,
            -0.012432
          ],
          [
            0.004834,
            0.000381,
            -0.028453
          ],
          [
            0.004443,
            -0.013121,
            0.039458
          ],
          [
            0.007844,
            0.022082,
            -0.016424
          ],
          [
            0.018395,
            0.001085,
            -0.049467
          ],
          [
            0.021611,
            0.004355,
            0.468341
          ],
          [
            0.011599,
            -0.006272,
            0.477695
          ],
          [
            0.020954,
            0.004401,
            0.468209
          ],
          [
            0.029186,
            -0.007281,
            0.475992
          ],
          [
            0.018074,
            0.00503,
            0.460051
          ],
          [
            0.024063,
            0.005888,
            0.455738
          ],
          [
            0.025443,
            -0.007349,
            -0.562255
          ],
          [
            0.028712,
            -0.006927,
            -0.56647
          ],
          [
            0.024338,
            -0.039571,
            -0.559039
          ],
          [
            0.025212,
            0.00719,
            -0.504061
          ],
          [
            0.023751,
            0.007402,
            -0.61736
          ],
          [
            0.023746,
            0.018176,
            -0.48854
          ],
          [
            0.011076,
            0.001155,
            0.009723
          ],
          [
            0.000123,
            0.001346,
            0.012267
          ],
          [
            -0.009183,
            0.00137,
            0.009958
          ],
          [
            0.000241,
            0.000988,
            0.013597
          ],
          [
            0.002733,
            -0.001331,
            0.016861
          ],
          [
            -0.001482,
            -0.002049,
            0.016969
          ],
          [
            -0.000911,
            0.008428,
            0.036039
          ],
          [
            -0.001777,
            -0.009733,
            0.031599
          ],
          [
            0.00149,
            -0.016181,
            0.021042
          ],
          [
            0.001061,
            0.026936,
            -0.008747
          ],
          [
            0.000352,
            -0.00104,
            0.027057
          ],
          [
            0.001286,
            0.011515,
            0.01039
          ],
          [
            -0.018868,
            0.003134,
            0.002946
          ],
          [
            -0.000611,
            0.000952,
            -0.001525
          ],
          [
            0.016504,
            0.002636,
            0.004819
          ],
          [
            0.000581,
            0.001018,
            -0.004871
          ],
          [
            0.000467,
            -0.001438,
            -0.000723
          ],
          [
            0.001654,
            -0.001573,
            -0.001304
          ],
          [
            0.000673,
            0.010968,
            -0.018437
          ],
          [
            -6.5e-05,
            0.00161,
            0.05433
          ]
        ],
        "Lattice": [
          [
            8.33,
            0.0,
            0.0
          ],
          [
            0.0,
            8.839539657,
            0.0
          ],
          [
            0.0,
            0.0,
            21.359563785
          ]
        ],
        "NumAtoms": 61,
        "Positions": [
          [
            0.0,
            0.0,
            0.0
          ],
          [
            0.0,
            2.94648,
            0.0
          ],
          [
            4.165,
            0.0,
            0.0
          ],
          [
            4.165,
            2.94648,
            0.0
          ],
          [
            0.0,
            5.89306,
            0.0
          ],
          [
            4.165,
            5.89306,
            0.0
          ],
          [
            2.0825,
            1.47329,
            1.47381
          ],
          [
            2.0825,
            4.41977,
            1.47381
          ],
          [
            6.2475,
            1.47329,
            1.47381
          ],
          [
            6.2475,
            4.41977,
            1.47381
          ],
          [
            2.0825,
            7.36625,
            1.47381
          ],
          [
            6.2475,
            7.36625,
            1.47381
          ],
          [
            0.00044,
            2.93877,
            2.93882
          ],
          [
            -0.00051,
            5.89861,
            2.93916
          ],
          [
            4.16573,
            2.92561,
            2.94418
          ],
          [
            4.1645,
            5.91098,
            2.95132
          ],
          [
            4.16354,
            -0.00435,
            2.96681
          ],
          [
            -0.00028,
            0.00059,
            2.94674
          ],
          [
            2.06699,
            4.43787,
            4.4641
          ],
          [
            2.07946,
            7.35678,
            4.48951
          ],
          [
            6.26174,
            4.43869,
            4.46132
          ],
          [
            6.24839,
            7.3588,
            4.48515
          ],
          [
            2.09847,
            1.45458,
            4.4752
          ],
          [
            6.23116,
            1.45571,
            4.47473
          ],
          [
            0.00923,
            5.90157,
            5.79359
          ],
          [
            0.01773,
            -0.02157,
            5.88003
          ],
          [
            4.17629,
            5.87142,
            5.96611
          ],
          [
            4.18925,
            -0.02621,
            5.88508
          ],
          [
            0.02061,
            2.95392,
            5.81533
          ],
          [
            2.0825,
            0.0,
            0.0
          ],
          [
            2.0825,
            2.94648,
            0.0
          ],
          [
            6.2475,
            0.0,
            0.0
          ],
          [
            6.2475,
            2.94648,
            0.0
          ],
          [
            2.0825,
            5.89306,
            0.0
          ],
          [
            6.2475,
            5.89306,
            0.0
          ],
          [
            0.0,
            1.47329,
            1.47381
          ],
          [
            0.0,
            4.41977,
            1.47381
          ],
          [
            4.165,
            1.47329,
            1.47381
          ],
          [
            4.165,
            4.41977,
            1.47381
          ],
          [
            0.0,
            7.36625,
            1.47381
          ],
          [
            4.165,
            7.36625,
            1.47381
          ],
          [
            2.08444,
            -0.00132,
            2.9593
          ],
          [
            2.08724,
            2.94858,
            2.96737
          ],
          [
            6.24377,
            -0.00075,
            2.95867
          ],
          [
            6.24304,
            2.94857,
            2.96676
          ],
          [
            2.08333,
            5.88768,
            2.95151
          ],
          [
            6.24476,
            5.88722,
            2.9488
          ],
          [
            -0.00524,
            1.48543,
            4.46994
          ],
          [
            -0.00372,
            4.38968,
            4.43381
          ],
          [
            4.16139,
            1.46722,
            4.47413
          ],
          [
            4.16224,
            4.40973,
            4.43414
          ],
          [
            -0.00389,
            7.38033,
            4.40914
          ],
          [
            4.16101,
            7.32116,
            4.50665
          ],
          [
            2.1508,
            2.91778,
            5.85101
          ],
          [
            1.99458,
            5.88812,
            5.81863
          ],
          [
            6.16249,
            2.91718,
            5.85096
          ],
          [
            6.3345,
            5.89086,
            5.81148
          ],
          [
            2.06371,
            -0.00145,
            5.8754
          ],
          [
            6.25829,
            -0.00065,
            5.87486
          ],
          [
            4.16426,
            4.38541,
            7.23484
          ],
          [
            4.17119,
            3.22745,
            5.98607
          ]
        ],
        "Stress": [
          [
            -84.41272,
            0.04067,
            0.58198
          ],
          [
            0.04067,
            -9.27889,
            0.20832
          ],
          [
            0.58198,
            0.20832,
            -34.21119
          ]
        ],
        "computation_code": "VASP",
        "pseudopotential_information": [
          [
            "PAW_PBE",
            "Ni",
            "02Aug2007"
          ],
          [
            "PAW_PBE",
            "O",
            "08Apr2002"
          ],
          [
            "PAW_PBE",
            "Ti_sv",
            "26Sep2005"
          ]
        ]
      }
    ],
    "EnergyStyle": "electronvolt",
    "ForcesStyle": "electronvoltperangstrom",
    "LatticeStyle": "angstrom",
    "PositionsStyle": "angstrom",
    "StressStyle": "kB"
  }
}