{
  "Dataset": {
    "AtomTypeStyle": "chemicalsymbol",
    "Data": [
      {
        "AtomTypes": [
          "Ni",
          "Ni",
          "Ni",
          "Ni",
          "Ni",
          "Ni",
          "Ni",
          "Ni",
          "Ni",
          "Ni",
          "Ni",
          "Ni",
          "Ni",
          "Ni",
          "Ni",
          "Ni",
          "Ni",
          "Ni",
          "Ni",
          "Ni",
          "Ni",
          "Ni",
          "Ni",
          "Ni",
          "Ni",
          "Ni",
          "Ni",
          "Ni",
          "Ni",
          "O",
          "O",
          "O",
          "O",
          "O",
          "O",
          "O",
          "O",
          "O",
          "O",
          "O",
          "O",
          "O",
          "O",
          "O",
          "O",
          "O",
          "O",
          "O",
          "O",
          "O",
          "O",
          "O",
          "O",
          "O",
          "O",
          "O",
          "O",
          "O",
          "Ti"
        ],
        "Energy": -305.61572536,
        "Forces": [
          [
            -0.072122,
            -0.0,
            0.88847
          ],
          [
            -0.066765,
            0.003485,
            0.874331
          ],
          [
            -0.055401,
            -0.0,
            0.935214
          ],
          [
            -0.050446,
            -0.027658,
            0.953981
          ],
          [
            -0.066765,
            -0.003485,
            0.874331
          ],
          [
            -0.050446,
            0.027658,
            0.953981
          ],
          [
            0.12038,
            -0.02042,
            -0.869335
          ],
          [
            0.037962,
            -0.0,
            -0.903683
          ],
          [
            -0.071426,
            0.003243,
            -0.793619
          ],
          [
            -0.035734,
            -0.0,
            -0.961376
          ],
          [
            0.12038,
            0.02042,
            -0.869335
          ],
          [
            -0.071426,
            -0.003243,
            -0.793619
          ],
          [
            0.041333,
            0.048711,
            0.042168
          ],
          [
            0.041333,
            -0.048711,
            0.042168
          ],
          [
            0.020098,
            0.053224,
            -0.205606
          ],
          [
            -0.028858,
            0.077279,
            0.088294
          ],
          [
            -0.028858,
            -0.077279,
            0.088294
          ],
          [
            0.005082,
            -0.0,
            0.017875
          ],
          [
            -0.009007,
            -0.0,
            0.104679
          ],
          [
            0.002496,
            -0.0,
            -0.310704
          ],
          [
            0.017846,
            -0.112908,
            0.050683
          ],
          [
            0.040106,
            0.065461,
            0.055685
          ],
          [
            0.017846,
            0.112908,
            0.050683
          ],
          [
            0.040106,
            -0.065461,
            0.055685
          ],
          [
            -0.081077,
            0.006433,
            0.001622
          ],
          [
            0.009845,
            -0.0,
            -0.451692
          ],
          [
            0.020098,
            -0.053224,
            -0.205606
          ],
          [
            0.073635,
            -0.0,
            -0.153148
          ],
          [
            -0.081077,
            -0.006433,
            0.001622
          ],
          [
            -0.043792,
            -0.0,
            0.520573
          ],
          [
            -0.012442,
            -0.033427,
            0.58829
          ],
          [
            0.081003,
            -0.0,
            0.511378
          ],
          [
            0.0512,
            -0.008869,
            0.564773
          ],
          [
            -0.012442,
            0.033427,
            0.58829
          ],
          [
            0.0512,
            0.008869,
            0.564773
          ],
          [
            0.066064,
            0.164231,
            -0.514269
          ],
          [
            -0.016219,
            -0.0,
            -0.472883
          ],
          [
            -0.02939,
            0.00776,
            -0.755662
          ],
          [
            0.030492,
            -0.0,
            -0.583428
          ],
          [
            0.066064,
            -0.164231,
            -0.514269
          ],
          [
            -0.02939,
            -0.00776,
            -0.755662
          ],
          [
            -0.002994,
            -0.0,
            -0.023319
          ],
          [
            0.069964,
            0.047972,
            0.055343
          ],
          [
            0.001156,
            -0.0,
            -0.008813
          ],
          [
            0.052968,
            -0.028847,
            -0.038496
          ],
          [
            0.069964,
            -0.047972,
            0.055343
          ],
          [
            0.052968,
            0.028847,
            -0.038496
          ],
          [
            0.002021,
            -0.129944,
            0.122993
          ],
          [
            -0.25815,
            -0.0,
            0.006417
          ],
          [
            0.002021,
            0.129944,
            0.122993
          ],
          [
            -0.005752,
            -0.031457,
            0.119755
          ],
          [
            0.086719,
            -0.044928,
            0.064091
          ],
          [
            0.086719,
            0.044928,
            0.064091
          ],
          [
            -0.046036,
            6.8e-05,
            0.006949
          ],
          [
            -0.046036,
            -6.8e-05,
            0.006949
          ],
          [
            -0.104428,
            -0.0,
            0.040977
          ],
          [
            0.11677,
            -0.0,
            -0.043121
          ],
          [
            -0.005752,
            0.031457,
            0.119755
          ],
          [
            -0.113613,
            -0.0,
            0.062644
          ]
        ],
        "Lattice": [
          [
            8.33,
            0.0,
            0.0
          ],
          [
            0.0,
            8.839539657,
            0.0
          ],
          [
            0.0,
            0.0,
            21.359563785
          ]
        ],
        "NumAtoms": 59,
        "Positions": [
          [
            0.0,
            0.0,
            0.0
          ],
          [
            0.0,
            2.94648,
            0.0
          ],
          [
            4.165,
            0.0,
            0.0
          ],
          [
            4.165,
            2.94648,
            0.0
          ],
          [
            0.0,
            5.89306,
            0.0
          ],
          [
            4.165,
            5.89306,
            0.0
          ],
          [
            2.0825,
            1.47329,
            1.47381
          ],
          [
            2.0825,
            4.41977,
            1.47381
          ],
          [
            6.2475,
            1.47329,
            1.47381
          ],
          [
            6.2475,
            4.41977,
            1.47381
          ],
          [
            2.0825,
            7.36625,
            1.47381
          ],
          [
            6.2475,
            7.36625,
            1.47381
          ],
          [
            0.00775,
            2.93489,
            2.95947
          ],
          [
            0.00775,
            5.90465,
            2.95947
          ],
          [
            4.1394,
            2.96706,
            5.91113
          ],
          [
            4.16893,
            2.96786,
            2.96424
          ],
          [
            4.16893,
            5.87168,
            2.96424
          ],
          [
            4.17045,
            -0.0,
            2.94242
          ],
          [
            0.00494,
            -0.0,
            2.9616
          ],
          [
            2.2844,
            4.41977,
            4.4306
          ],
          [
            2.09804,
            7.37452,
            4.47082
          ],
          [
            6.24589,
            7.37928,
            4.48625
          ],
          [
            2.09804,
            1.46502,
            4.47082
          ],
          [
            6.24589,
            1.46026,
            4.48625
          ],
          [
            0.25386,
            5.68548,
            5.91305
          ],
          [
            8.32883,
            -0.0,
            5.8384
          ],
          [
            4.1394,
            5.87248,
            5.91113
          ],
          [
            4.16647,
            -0.0,
            5.84934
          ],
          [
            0.25386,
            3.15406,
            5.91305
          ],
          [
            2.0825,
            0.0,
            0.0
          ],
          [
            2.0825,
            2.94648,
            0.0
          ],
          [
            6.2475,
            0.0,
            0.0
          ],
          [
            6.2475,
            2.94648,
            0.0
          ],
          [
            2.0825,
            5.89306,
            0.0
          ],
          [
            6.2475,
            5.89306,
            0.0
          ],
          [
            0.0,
            1.47329,
            1.47381
          ],
          [
            0.0,
            4.41977,
            1.47381
          ],
          [
            4.165,
            1.47329,
            1.47381
          ],
          [
            4.165,
            4.41977,
            1.47381
          ],
          [
            0.0,
            7.36625,
            1.47381
          ],
          [
            4.165,
            7.36625,
            1.47381
          ],
          [
            2.07179,
            -0.0,
            2.94161
          ],
          [
            2.10253,
            3.02535,
            3.02437
          ],
          [
            6.26673,
            -0.0,
            2.95104
          ],
          [
            6.19436,
            3.00115,
            3.00989
          ],
          [
            2.10253,
            5.81419,
            3.02437
          ],
          [
            6.19436,
            5.83839,
            3.00989
          ],
          [
            8.32752,
            1.49229,
            4.44025
          ],
          [
            8.12316,
            4.41977,
            4.36913
          ],
          [
            8.32752,
            7.34724,
            4.44025
          ],
          [
            4.17547,
            7.38463,
            4.39357
          ],
          [
            2.18503,
            3.07143,
            5.72856
          ],
          [
            2.18503,
            5.76811,
            5.72856
          ],
          [
            6.16612,
            3.01552,
            5.82665
          ],
          [
            6.16612,
            5.82402,
            5.82665
          ],
          [
            2.06739,
            -0.0,
            5.8519
          ],
          [
            6.25858,
            -0.0,
            5.86212
          ],
          [
            4.17547,
            1.45491,
            4.39357
          ],
          [
            6.18987,
            4.41977,
            4.63981
          ]
        ],
        "Stress": [
          [
            -73.49122,
            0.0,
            0.19665
          ],
          [
            0.0,
            -19.46635,
            0.0
          ],
          [
            0.19665,
            0.0,
            -36.58064
          ]
        ],
        "computation_code": "VASP",
        "pseudopotential_information": [
          [
            "PAW_PBE",
            "Ni",
            "02Aug2007"
          ],
          [
            "PAW_PBE",
            "O",
            "08Apr2002"
          ],
          [
            "PAW_PBE",
            "Ti_sv",
            "26Sep2005"
          ]
        ]
      }
    ],
    "EnergyStyle": "electronvolt",
    "ForcesStyle": "electronvoltperangstrom",
    "LatticeStyle": "angstrom",
    "PositionsStyle": "angstrom",
    "StressStyle": "kB"
  }
}