{
  "Dataset": {
    "AtomTypeStyle": "chemicalsymbol",
    "Data": [
      {
        "AtomTypes": [
          "Ni",
          "Ni",
          "Ni",
          "Ni",
          "Ni",
          "Ni",
          "Ni",
          "Ni",
          "Ni",
          "Ni",
          "Ni",
          "Ni",
          "Ni",
          "Ni",
          "Ni",
          "Ni",
          "Ni",
          "Ni",
          "Ni",
          "Ni",
          "Ni",
          "Ni",
          "Ni",
          "Ni",
          "Ni",
          "Ni",
          "Ni",
          "Ni",
          "Ni",
          "O",
          "O",
          "O",
          "O",
          "O",
          "O",
          "O",
          "O",
          "O",
          "O",
          "O",
          "O",
          "O",
          "O",
          "O",
          "O",
          "O",
          "O",
          "O",
          "O",
          "O",
          "O",
          "O",
          "O",
          "O",
          "O",
          "O",
          "O",
          "O",
          "Ti"
        ],
        "Energy": -304.8901038,
        "Forces": [
          [
            0.007311,
            0.023212,
            0.804231
          ],
          [
            0.022945,
            -0.039919,
            0.736724
          ],
          [
            -0.124568,
            0.033107,
            0.735217
          ],
          [
            -0.129061,
            -0.052329,
            0.702049
          ],
          [
            0.024421,
            0.014081,
            0.701155
          ],
          [
            -0.131178,
            0.015971,
            0.677305
          ],
          [
            0.002867,
            -0.09538,
            -0.864717
          ],
          [
            0.006673,
            -0.018142,
            -0.959093
          ],
          [
            0.029749,
            -0.115994,
            -0.780099
          ],
          [
            0.025755,
            -0.105113,
            -1.221985
          ],
          [
            -0.00121,
            0.052189,
            -0.894475
          ],
          [
            0.062726,
            0.201265,
            -0.980132
          ],
          [
            -0.020482,
            0.091875,
            -0.232167
          ],
          [
            0.045407,
            -0.055849,
            -0.087593
          ],
          [
            0.01366,
            -0.048988,
            -0.010328
          ],
          [
            -0.050609,
            0.029832,
            0.011181
          ],
          [
            -0.029241,
            0.019447,
            -0.042368
          ],
          [
            0.043628,
            0.020383,
            -0.029006
          ],
          [
            0.143878,
            0.160121,
            -0.111118
          ],
          [
            0.008644,
            0.03763,
            -0.144779
          ],
          [
            -0.071229,
            0.024989,
            0.063037
          ],
          [
            0.180756,
            -0.171162,
            -0.150158
          ],
          [
            -0.117931,
            -0.056361,
            -0.064113
          ],
          [
            -0.077616,
            -0.093028,
            0.148617
          ],
          [
            0.06658,
            0.061205,
            0.015376
          ],
          [
            -0.017111,
            0.143404,
            0.024685
          ],
          [
            0.050817,
            0.021388,
            -0.058086
          ],
          [
            0.006159,
            -0.124635,
            0.158935
          ],
          [
            -0.144052,
            -0.012122,
            0.873365
          ],
          [
            0.007114,
            -0.008929,
            0.566517
          ],
          [
            0.008855,
            0.013089,
            0.587124
          ],
          [
            0.023108,
            -0.012244,
            0.655277
          ],
          [
            0.021637,
            0.0305,
            0.764135
          ],
          [
            0.010469,
            0.003202,
            0.609451
          ],
          [
            0.018434,
            0.001022,
            0.782639
          ],
          [
            -0.106186,
            0.018565,
            -0.593424
          ],
          [
            -0.111274,
            0.060873,
            -0.193392
          ],
          [
            0.13943,
            0.044454,
            -0.507684
          ],
          [
            0.14778,
            0.0691,
            -0.277257
          ],
          [
            -0.099765,
            -0.085494,
            -0.424731
          ],
          [
            0.144581,
            -0.112949,
            -0.385572
          ],
          [
            -0.040006,
            0.021886,
            -0.016541
          ],
          [
            0.048049,
            0.020434,
            0.032853
          ],
          [
            -0.0276,
            -0.022666,
            -0.090543
          ],
          [
            0.001219,
            -0.069213,
            -0.017122
          ],
          [
            0.03648,
            0.004264,
            0.042504
          ],
          [
            -0.000133,
            0.081411,
            -0.108774
          ],
          [
            -0.008501,
            -0.252247,
            -0.148827
          ],
          [
            0.028477,
            0.234593,
            -0.254978
          ],
          [
            -0.004044,
            0.0052,
            -0.048831
          ],
          [
            -0.145253,
            -0.013874,
            0.057366
          ],
          [
            -0.02441,
            0.042976,
            -0.092554
          ],
          [
            0.022754,
            -0.105302,
            0.025765
          ],
          [
            0.06858,
            -0.009451,
            -0.008005
          ],
          [
            -0.081853,
            0.086535,
            0.0247
          ],
          [
            -0.117631,
            0.033307,
            0.012335
          ],
          [
            0.167738,
            -0.015892,
            0.039222
          ],
          [
            0.102024,
            -0.044596,
            -0.041948
          ],
          [
            -0.057761,
            0.020368,
            -0.011363
          ]
        ],
        "Lattice": [
          [
            8.33,
            0.0,
            0.0
          ],
          [
            0.0,
            8.839539657,
            0.0
          ],
          [
            0.0,
            0.0,
            21.359563785
          ]
        ],
        "NumAtoms": 59,
        "Positions": [
          [
            0.0,
            0.0,
            0.0
          ],
          [
            0.0,
            2.94648,
            0.0
          ],
          [
            4.165,
            0.0,
            0.0
          ],
          [
            4.165,
            2.94648,
            0.0
          ],
          [
            0.0,
            5.89306,
            0.0
          ],
          [
            4.165,
            5.89306,
            0.0
          ],
          [
            2.0825,
            1.47329,
            1.47381
          ],
          [
            2.0825,
            4.41977,
            1.47381
          ],
          [
            6.2475,
            1.47329,
            1.47381
          ],
          [
            6.2475,
            4.41977,
            1.47381
          ],
          [
            2.0825,
            7.36625,
            1.47381
          ],
          [
            6.2475,
            7.36625,
            1.47381
          ],
          [
            0.01768,
            2.9296,
            2.94193
          ],
          [
            0.04285,
            5.91393,
            2.93972
          ],
          [
            4.13763,
            2.938,
            2.94194
          ],
          [
            4.13106,
            5.91543,
            2.9398
          ],
          [
            4.1748,
            -0.01463,
            2.96597
          ],
          [
            -0.0046,
            -0.01353,
            2.98042
          ],
          [
            2.08673,
            4.37628,
            4.50476
          ],
          [
            2.10918,
            7.41624,
            4.5089
          ],
          [
            6.25054,
            7.48014,
            4.56145
          ],
          [
            2.06109,
            1.43769,
            4.47843
          ],
          [
            6.25606,
            1.50553,
            4.53407
          ],
          [
            0.19589,
            6.05553,
            5.89734
          ],
          [
            3.97515,
            2.66932,
            5.93488
          ],
          [
            0.02072,
            0.02078,
            6.09818
          ],
          [
            4.06058,
            5.89364,
            5.82925
          ],
          [
            4.13184,
            0.22049,
            5.9846
          ],
          [
            0.13238,
            2.74224,
            5.86115
          ],
          [
            2.0825,
            0.0,
            0.0
          ],
          [
            2.0825,
            2.94648,
            0.0
          ],
          [
            6.2475,
            0.0,
            0.0
          ],
          [
            6.2475,
            2.94648,
            0.0
          ],
          [
            2.0825,
            5.89306,
            0.0
          ],
          [
            6.2475,
            5.89306,
            0.0
          ],
          [
            0.0,
            1.47329,
            1.47381
          ],
          [
            0.0,
            4.41977,
            1.47381
          ],
          [
            4.165,
            1.47329,
            1.47381
          ],
          [
            4.165,
            4.41977,
            1.47381
          ],
          [
            0.0,
            7.36625,
            1.47381
          ],
          [
            4.165,
            7.36625,
            1.47381
          ],
          [
            2.0903,
            -0.01515,
            2.96445
          ],
          [
            2.07037,
            2.96251,
            2.97922
          ],
          [
            6.25381,
            -0.01966,
            2.97186
          ],
          [
            6.24808,
            3.01441,
            3.07522
          ],
          [
            2.07653,
            5.8674,
            2.99809
          ],
          [
            6.26884,
            5.81791,
            3.05637
          ],
          [
            -0.03105,
            1.50305,
            4.3219
          ],
          [
            -0.1316,
            4.40728,
            4.6234
          ],
          [
            4.20417,
            1.47528,
            4.34093
          ],
          [
            4.25302,
            4.42343,
            4.43708
          ],
          [
            -0.03008,
            7.30797,
            4.40735
          ],
          [
            4.20014,
            7.33431,
            4.45554
          ],
          [
            2.12056,
            5.87096,
            5.86972
          ],
          [
            6.13465,
            5.72581,
            5.9153
          ],
          [
            2.10237,
            0.00246,
            5.88034
          ],
          [
            2.06811,
            2.94878,
            5.86849
          ],
          [
            6.22807,
            0.08933,
            5.92716
          ],
          [
            6.22053,
            4.52413,
            4.52022
          ]
        ],
        "Stress": [
          [
            -70.98411,
            0.15048,
            0.39235
          ],
          [
            0.15048,
            -15.60753,
            0.14538
          ],
          [
            0.39235,
            0.14538,
            -32.16734
          ]
        ],
        "computation_code": "VASP",
        "pseudopotential_information": [
          [
            "PAW_PBE",
            "Ni",
            "02Aug2007"
          ],
          [
            "PAW_PBE",
            "O",
            "08Apr2002"
          ],
          [
            "PAW_PBE",
            "Ti_sv",
            "26Sep2005"
          ]
        ]
      }
    ],
    "EnergyStyle": "electronvolt",
    "ForcesStyle": "electronvoltperangstrom",
    "LatticeStyle": "angstrom",
    "PositionsStyle": "angstrom",
    "StressStyle": "kB"
  }
}