{
  "Dataset": {
    "AtomTypeStyle": "chemicalsymbol",
    "Data": [
      {
        "AtomTypes": [
          "Ni",
          "Ni",
          "Ni",
          "Ni",
          "Ni",
          "Ni",
          "Ni",
          "Ni",
          "Ni",
          "Ni",
          "Ni",
          "Ni",
          "Ni",
          "Ni",
          "Ni",
          "Ni",
          "Ni",
          "Ni",
          "Ni",
          "Ni",
          "Ni",
          "Ni",
          "Ni",
          "Ni",
          "Ni",
          "Ni",
          "Ni",
          "Ni",
          "Ni",
          "O",
          "O",
          "O",
          "O",
          "O",
          "O",
          "O",
          "O",
          "O",
          "O",
          "O",
          "O",
          "O",
          "O",
          "O",
          "O",
          "O",
          "O",
          "O",
          "O",
          "O",
          "O",
          "O",
          "O",
          "O",
          "O",
          "O",
          "O",
          "O",
          "O",
          "O",
          "O",
          "Ti"
        ],
        "Energy": -326.0819172,
        "Forces": [
          [
            -0.016761,
            -2.8e-05,
            0.812217
          ],
          [
            -0.019378,
            0.031649,
            0.755526
          ],
          [
            -0.10534,
            -4e-06,
            0.745781
          ],
          [
            -0.097677,
            -0.002787,
            0.7375
          ],
          [
            -0.019387,
            -0.031658,
            0.755545
          ],
          [
            -0.097667,
            0.00275,
            0.737584
          ],
          [
            0.003835,
            -0.071057,
            -1.009448
          ],
          [
            -0.003453,
            8.1e-05,
            -1.056374
          ],
          [
            0.026069,
            -0.008119,
            -1.012357
          ],
          [
            0.034255,
            0.000113,
            -1.197912
          ],
          [
            0.003837,
            0.070944,
            -1.009332
          ],
          [
            0.026069,
            0.007959,
            -1.012204
          ],
          [
            -0.082436,
            0.035765,
            0.173308
          ],
          [
            -0.082482,
            -0.035684,
            0.173506
          ],
          [
            0.08758,
            0.021931,
            -0.127402
          ],
          [
            0.08762,
            -0.021071,
            -0.125239
          ],
          [
            -0.043152,
            -0.000844,
            -0.345906
          ],
          [
            0.035314,
            -0.000113,
            -0.2661
          ],
          [
            -0.337337,
            0.00064,
            0.191473
          ],
          [
            -0.259577,
            -0.256371,
            -0.19502
          ],
          [
            -0.573022,
            0.466566,
            0.542477
          ],
          [
            0.210091,
            -0.326772,
            -0.318511
          ],
          [
            -0.261673,
            0.254981,
            -0.196328
          ],
          [
            0.211637,
            0.325608,
            -0.31946
          ],
          [
            0.486426,
            -0.857881,
            -0.55501
          ],
          [
            0.183407,
            -0.000167,
            1.039698
          ],
          [
            -0.573224,
            -0.462815,
            0.525687
          ],
          [
            -0.074661,
            -0.003384,
            1.31662
          ],
          [
            0.486465,
            0.857587,
            -0.555391
          ],
          [
            0.013289,
            -5e-06,
            0.505275
          ],
          [
            0.024096,
            -0.00548,
            0.519527
          ],
          [
            0.023715,
            6e-06,
            0.590299
          ],
          [
            0.012034,
            -0.015251,
            0.609372
          ],
          [
            0.024122,
            0.005453,
            0.519512
          ],
          [
            0.012022,
            0.01521,
            0.609328
          ],
          [
            -0.054961,
            -0.007383,
            -0.549847
          ],
          [
            -0.012889,
            -8.4e-05,
            -0.521779
          ],
          [
            0.094342,
            0.017209,
            -0.469997
          ],
          [
            0.058666,
            -3.3e-05,
            -0.424131
          ],
          [
            -0.054945,
            0.007435,
            -0.549949
          ],
          [
            0.094335,
            -0.017138,
            -0.469919
          ],
          [
            0.096857,
            -1e-05,
            0.141697
          ],
          [
            0.070083,
            0.031259,
            0.178458
          ],
          [
            -0.101791,
            5.1e-05,
            0.067773
          ],
          [
            -0.077557,
            0.0146,
            0.146107
          ],
          [
            0.069867,
            -0.031338,
            0.178471
          ],
          [
            -0.077211,
            -0.014651,
            0.145929
          ],
          [
            -0.072085,
            0.354424,
            -0.144385
          ],
          [
            -0.200891,
            0.000259,
            0.190837
          ],
          [
            0.018742,
            0.372508,
            -0.245719
          ],
          [
            0.042324,
            -0.000682,
            0.165573
          ],
          [
            -0.071908,
            -0.354352,
            -0.144337
          ],
          [
            0.018558,
            -0.375905,
            -0.239819
          ],
          [
            -0.29542,
            -0.081694,
            -0.293906
          ],
          [
            -0.295583,
            0.081204,
            -0.292883
          ],
          [
            0.373822,
            -0.127832,
            -0.111344
          ],
          [
            0.373851,
            0.126365,
            -0.111361
          ],
          [
            0.031208,
            0.000289,
            -0.028496
          ],
          [
            -0.07332,
            0.000354,
            0.068884
          ],
          [
            0.014655,
            -0.1995,
            0.219821
          ],
          [
            0.013817,
            0.204795,
            0.203564
          ],
          [
            0.672773,
            0.002095,
            0.332517
          ]
        ],
        "Lattice": [
          [
            8.33,
            0.0,
            0.0
          ],
          [
            0.0,
            8.839539657,
            0.0
          ],
          [
            0.0,
            0.0,
            21.359563785
          ]
        ],
        "NumAtoms": 62,
        "Positions": [
          [
            0.0,
            0.0,
            0.0
          ],
          [
            0.0,
            2.94648,
            0.0
          ],
          [
            4.165,
            0.0,
            0.0
          ],
          [
            4.165,
            2.94648,
            0.0
          ],
          [
            0.0,
            5.89306,
            0.0
          ],
          [
            4.165,
            5.89306,
            0.0
          ],
          [
            2.0825,
            1.47329,
            1.47381
          ],
          [
            2.0825,
            4.41977,
            1.47381
          ],
          [
            6.2475,
            1.47329,
            1.47381
          ],
          [
            6.2475,
            4.41977,
            1.47381
          ],
          [
            2.0825,
            7.36625,
            1.47381
          ],
          [
            6.2475,
            7.36625,
            1.47381
          ],
          [
            0.03005,
            2.92873,
            2.92648
          ],
          [
            0.03005,
            5.91081,
            2.92647
          ],
          [
            4.1355,
            2.92782,
            2.92968
          ],
          [
            4.1355,
            5.91174,
            2.92972
          ],
          [
            4.15803,
            -1e-05,
            2.94527
          ],
          [
            0.0069,
            -0.0,
            2.94688
          ],
          [
            2.08898,
            4.41977,
            4.48224
          ],
          [
            2.08164,
            7.3686,
            4.4763
          ],
          [
            4.11872,
            2.89982,
            5.85674
          ],
          [
            6.24546,
            7.40375,
            4.46481
          ],
          [
            2.0816,
            1.47092,
            4.47629
          ],
          [
            6.24548,
            1.43577,
            4.46481
          ],
          [
            0.06051,
            5.90454,
            5.94317
          ],
          [
            0.01549,
            0.0,
            5.85057
          ],
          [
            4.11873,
            5.9384,
            5.85826
          ],
          [
            4.15546,
            -1e-05,
            5.85843
          ],
          [
            0.06053,
            2.93501,
            5.94313
          ],
          [
            2.0825,
            0.0,
            0.0
          ],
          [
            2.0825,
            2.94648,
            0.0
          ],
          [
            6.2475,
            0.0,
            0.0
          ],
          [
            6.2475,
            2.94648,
            0.0
          ],
          [
            2.0825,
            5.89306,
            0.0
          ],
          [
            6.2475,
            5.89306,
            0.0
          ],
          [
            0.0,
            1.47329,
            1.47381
          ],
          [
            0.0,
            4.41977,
            1.47381
          ],
          [
            4.165,
            1.47329,
            1.47381
          ],
          [
            4.165,
            4.41977,
            1.47381
          ],
          [
            0.0,
            7.36625,
            1.47381
          ],
          [
            4.165,
            7.36625,
            1.47381
          ],
          [
            2.08429,
            0.0,
            2.94454
          ],
          [
            2.08451,
            2.95241,
            2.94785
          ],
          [
            6.24572,
            0.0,
            2.95035
          ],
          [
            6.24597,
            2.98741,
            2.98178
          ],
          [
            2.0845,
            5.88713,
            2.94786
          ],
          [
            6.24598,
            5.85213,
            2.98178
          ],
          [
            -0.01433,
            1.45544,
            4.41893
          ],
          [
            -0.06833,
            4.41978,
            4.38346
          ],
          [
            4.17707,
            1.47543,
            4.43007
          ],
          [
            4.23452,
            4.41986,
            4.41011
          ],
          [
            -0.01432,
            7.3841,
            4.41894
          ],
          [
            4.17708,
            7.364,
            4.43036
          ],
          [
            2.05983,
            2.93824,
            5.82777
          ],
          [
            2.06001,
            5.90131,
            5.82791
          ],
          [
            6.26341,
            3.01524,
            5.77509
          ],
          [
            6.26326,
            5.82436,
            5.77523
          ],
          [
            2.0819,
            -0.0,
            5.86142
          ],
          [
            6.24674,
            -0.0,
            5.8606
          ],
          [
            4.16572,
            5.08639,
            7.57163
          ],
          [
            4.16571,
            3.74794,
            7.57275
          ],
          [
            6.22913,
            4.41974,
            4.57233
          ]
        ],
        "Stress": [
          [
            -71.22687,
            0.00187,
            0.79224
          ],
          [
            0.00187,
            -7.15898,
            0.01235
          ],
          [
            0.79224,
            0.01235,
            -28.40757
          ]
        ],
        "computation_code": "VASP",
        "pseudopotential_information": [
          [
            "PAW_PBE",
            "Ni",
            "02Aug2007"
          ],
          [
            "PAW_PBE",
            "O",
            "08Apr2002"
          ],
          [
            "PAW_PBE",
            "Ti_sv",
            "26Sep2005"
          ]
        ]
      }
    ],
    "EnergyStyle": "electronvolt",
    "ForcesStyle": "electronvoltperangstrom",
    "LatticeStyle": "angstrom",
    "PositionsStyle": "angstrom",
    "StressStyle": "kB"
  }
}