{
  "Dataset": {
    "AtomTypeStyle": "chemicalsymbol",
    "Data": [
      {
        "AtomTypes": [
          "Ni",
          "Ni",
          "Ni",
          "Ni",
          "Ni",
          "Ni",
          "Ni",
          "Ni",
          "Ni",
          "Ni",
          "Ni",
          "Ni",
          "Ni",
          "Ni",
          "Ni",
          "Ni",
          "Ni",
          "Ni",
          "Ni",
          "Ni",
          "Ni",
          "Ni",
          "Ni",
          "Ni",
          "Ni",
          "Ni",
          "Ni",
          "Ni",
          "Ni",
          "O",
          "O",
          "O",
          "O",
          "O",
          "O",
          "O",
          "O",
          "O",
          "O",
          "O",
          "O",
          "O",
          "O",
          "O",
          "O",
          "O",
          "O",
          "O",
          "O",
          "O",
          "O",
          "O",
          "O",
          "O",
          "O",
          "O",
          "O",
          "O",
          "O",
          "O",
          "Ti"
        ],
        "Energy": -321.72289967,
        "Forces": [
          [
            -0.028531,
            0.0,
            0.881382
          ],
          [
            -0.028932,
            0.021704,
            0.88743
          ],
          [
            -0.098325,
            0.0,
            0.966919
          ],
          [
            -0.095641,
            0.028246,
            0.95911
          ],
          [
            -0.028932,
            -0.021704,
            0.88743
          ],
          [
            -0.095641,
            -0.028246,
            0.95911
          ],
          [
            0.07966,
            -0.00639,
            -0.9114
          ],
          [
            0.080631,
            0.0,
            -0.936512
          ],
          [
            -0.049835,
            0.018036,
            -0.810456
          ],
          [
            -0.045838,
            0.0,
            -0.810369
          ],
          [
            0.07966,
            0.00639,
            -0.9114
          ],
          [
            -0.049835,
            -0.018036,
            -0.810456
          ],
          [
            -0.001174,
            0.004242,
            0.004795
          ],
          [
            -0.001174,
            -0.004242,
            0.004795
          ],
          [
            0.001109,
            0.002544,
            0.003104
          ],
          [
            0.001109,
            -0.002544,
            0.003104
          ],
          [
            -0.002272,
            0.0,
            -0.001749
          ],
          [
            0.004022,
            0.0,
            0.001438
          ],
          [
            -0.009142,
            0.0,
            0.011733
          ],
          [
            -0.003098,
            -0.002309,
            0.003866
          ],
          [
            -0.006695,
            -0.00473,
            0.014447
          ],
          [
            0.004533,
            -0.001312,
            -0.001996
          ],
          [
            -0.003098,
            0.002309,
            0.003866
          ],
          [
            0.004533,
            0.001312,
            -0.001996
          ],
          [
            -0.005383,
            0.001808,
            -0.014593
          ],
          [
            0.012866,
            0.0,
            -0.018405
          ],
          [
            -0.006695,
            0.00473,
            0.014447
          ],
          [
            0.000337,
            0.0,
            0.000446
          ],
          [
            -0.005383,
            -0.001808,
            -0.014593
          ],
          [
            0.001257,
            0.0,
            0.461207
          ],
          [
            -0.002924,
            -0.011663,
            0.466196
          ],
          [
            0.035926,
            0.0,
            0.524773
          ],
          [
            0.042,
            -0.02142,
            0.550743
          ],
          [
            -0.002924,
            0.011663,
            0.466196
          ],
          [
            0.042,
            0.02142,
            0.550743
          ],
          [
            -0.046991,
            -0.007276,
            -0.642269
          ],
          [
            -0.008621,
            0.0,
            -0.68745
          ],
          [
            0.10003,
            -0.016269,
            -0.497021
          ],
          [
            0.0727,
            0.0,
            -0.573348
          ],
          [
            -0.046991,
            0.007276,
            -0.642269
          ],
          [
            0.10003,
            0.016269,
            -0.497021
          ],
          [
            -0.000968,
            0.0,
            0.005059
          ],
          [
            -0.003247,
            0.002794,
            0.006955
          ],
          [
            0.001691,
            0.0,
            0.00109
          ],
          [
            0.002879,
            -0.002526,
            0.002297
          ],
          [
            -0.003247,
            -0.002794,
            0.006955
          ],
          [
            0.002879,
            0.002526,
            0.002297
          ],
          [
            0.002962,
            0.001882,
            0.016795
          ],
          [
            0.004605,
            0.0,
            0.020311
          ],
          [
            0.000987,
            0.000822,
            0.005976
          ],
          [
            -0.008423,
            0.0,
            0.005169
          ],
          [
            0.002962,
            -0.001882,
            0.016795
          ],
          [
            0.000987,
            -0.000822,
            0.005976
          ],
          [
            -0.010589,
            0.001665,
            0.008711
          ],
          [
            -0.010589,
            -0.001665,
            0.008711
          ],
          [
            0.009138,
            -0.01803,
            0.023247
          ],
          [
            0.009138,
            0.01803,
            0.023247
          ],
          [
            -0.006906,
            0.0,
            0.006338
          ],
          [
            0.01016,
            0.0,
            0.002174
          ],
          [
            0.003766,
            0.0,
            0.015652
          ],
          [
            0.003488,
            0.0,
            -0.027729
          ]
        ],
        "Lattice": [
          [
            8.33,
            0.0,
            0.0
          ],
          [
            0.0,
            8.839539657,
            0.0
          ],
          [
            0.0,
            0.0,
            21.359563785
          ]
        ],
        "NumAtoms": 61,
        "Positions": [
          [
            0.0,
            0.0,
            0.0
          ],
          [
            0.0,
            2.94648,
            0.0
          ],
          [
            4.165,
            0.0,
            0.0
          ],
          [
            4.165,
            2.94648,
            0.0
          ],
          [
            0.0,
            5.89306,
            0.0
          ],
          [
            4.165,
            5.89306,
            0.0
          ],
          [
            2.0825,
            1.47329,
            1.47381
          ],
          [
            2.0825,
            4.41977,
            1.47381
          ],
          [
            6.2475,
            1.47329,
            1.47381
          ],
          [
            6.2475,
            4.41977,
            1.47381
          ],
          [
            2.0825,
            7.36625,
            1.47381
          ],
          [
            6.2475,
            7.36625,
            1.47381
          ],
          [
            0.002,
            2.93608,
            2.94009
          ],
          [
            0.002,
            5.90346,
            2.94009
          ],
          [
            4.16342,
            2.92763,
            2.97038
          ],
          [
            4.16342,
            5.91191,
            2.97038
          ],
          [
            4.16557,
            -0.0,
            2.98271
          ],
          [
            0.00018,
            -0.0,
            2.93822
          ],
          [
            2.08818,
            4.41977,
            4.41993
          ],
          [
            2.10432,
            7.38565,
            4.45532
          ],
          [
            3.89972,
            3.05084,
            6.16562
          ],
          [
            6.23757,
            7.37347,
            4.48655
          ],
          [
            2.10432,
            1.45389,
            4.45532
          ],
          [
            6.23757,
            1.46607,
            4.48655
          ],
          [
            0.14166,
            5.92148,
            5.95257
          ],
          [
            0.01052,
            -0.0,
            5.86661
          ],
          [
            3.89972,
            5.7887,
            6.16562
          ],
          [
            4.18776,
            -0.0,
            5.87089
          ],
          [
            0.14166,
            2.91806,
            5.95257
          ],
          [
            2.0825,
            0.0,
            0.0
          ],
          [
            2.0825,
            2.94648,
            0.0
          ],
          [
            6.2475,
            0.0,
            0.0
          ],
          [
            6.2475,
            2.94648,
            0.0
          ],
          [
            2.0825,
            5.89306,
            0.0
          ],
          [
            6.2475,
            5.89306,
            0.0
          ],
          [
            0.0,
            1.47329,
            1.47381
          ],
          [
            0.0,
            4.41977,
            1.47381
          ],
          [
            4.165,
            1.47329,
            1.47381
          ],
          [
            4.165,
            4.41977,
            1.47381
          ],
          [
            0.0,
            7.36625,
            1.47381
          ],
          [
            4.165,
            7.36625,
            1.47381
          ],
          [
            2.10502,
            -0.0,
            2.94823
          ],
          [
            2.09461,
            2.94846,
            2.95548
          ],
          [
            6.22405,
            -0.0,
            2.96163
          ],
          [
            6.24082,
            2.99008,
            3.01063
          ],
          [
            2.09461,
            5.89108,
            2.95548
          ],
          [
            6.24082,
            5.84946,
            3.01063
          ],
          [
            8.32331,
            1.44423,
            4.39504
          ],
          [
            8.26534,
            4.41977,
            4.34134
          ],
          [
            4.17233,
            1.5131,
            4.5245
          ],
          [
            4.2322,
            4.41977,
            4.41239
          ],
          [
            8.32331,
            7.39531,
            4.39504
          ],
          [
            4.17233,
            7.32644,
            4.5245
          ],
          [
            1.99369,
            2.94372,
            5.80126
          ],
          [
            1.99369,
            5.89582,
            5.80126
          ],
          [
            6.46005,
            3.00262,
            5.82129
          ],
          [
            6.46005,
            5.83692,
            5.82129
          ],
          [
            2.07472,
            -0.0,
            5.85811
          ],
          [
            6.25811,
            -0.0,
            5.8651
          ],
          [
            4.20358,
            4.41977,
            7.29168
          ],
          [
            6.16385,
            4.41977,
            4.70633
          ]
        ],
        "Stress": [
          [
            -66.99005,
            0.0,
            0.43223
          ],
          [
            0.0,
            -10.05578,
            0.0
          ],
          [
            0.43223,
            0.0,
            -34.80205
          ]
        ],
        "computation_code": "VASP",
        "pseudopotential_information": [
          [
            "PAW_PBE",
            "Ni",
            "02Aug2007"
          ],
          [
            "PAW_PBE",
            "O",
            "08Apr2002"
          ],
          [
            "PAW_PBE",
            "Ti_sv",
            "26Sep2005"
          ]
        ]
      }
    ],
    "EnergyStyle": "electronvolt",
    "ForcesStyle": "electronvoltperangstrom",
    "LatticeStyle": "angstrom",
    "PositionsStyle": "angstrom",
    "StressStyle": "kB"
  }
}