{
  "Dataset": {
    "AtomTypeStyle": "chemicalsymbol",
    "Data": [
      {
        "AtomTypes": [
          "Ni",
          "Ni",
          "Ni",
          "Ni",
          "Ni",
          "Ni",
          "Ni",
          "Ni",
          "Ni",
          "Ni",
          "Ni",
          "Ni",
          "Ni",
          "Ni",
          "Ni",
          "Ni",
          "Ni",
          "Ni",
          "Ni",
          "Ni",
          "Ni",
          "Ni",
          "Ni",
          "Ni",
          "Ni",
          "Ni",
          "Ni",
          "Ni",
          "Ni",
          "O",
          "O",
          "O",
          "O",
          "O",
          "O",
          "O",
          "O",
          "O",
          "O",
          "O",
          "O",
          "O",
          "O",
          "O",
          "O",
          "O",
          "O",
          "O",
          "O",
          "O",
          "O",
          "O",
          "O",
          "O",
          "O",
          "O",
          "O",
          "O",
          "O",
          "O",
          "O",
          "Ti"
        ],
        "Energy": -326.62685427,
        "Forces": [
          [
            -0.028494,
            -3.5e-05,
            0.905097
          ],
          [
            -0.02741,
            0.039425,
            0.878504
          ],
          [
            -0.097895,
            4.5e-05,
            0.942779
          ],
          [
            -0.097733,
            0.005933,
            0.92525
          ],
          [
            -0.027402,
            -0.039375,
            0.878588
          ],
          [
            -0.097732,
            -0.005966,
            0.925311
          ],
          [
            0.059293,
            -0.047539,
            -0.867582
          ],
          [
            0.012171,
            -9e-05,
            -0.961331
          ],
          [
            -0.044786,
            -0.012211,
            -0.808957
          ],
          [
            0.018825,
            -0.000107,
            -0.883521
          ],
          [
            0.059176,
            0.047121,
            -0.86742
          ],
          [
            -0.044653,
            0.011912,
            -0.808941
          ],
          [
            -0.002876,
            0.001923,
            0.009233
          ],
          [
            -0.002936,
            -0.002017,
            0.009154
          ],
          [
            0.012259,
            0.00528,
            0.018478
          ],
          [
            0.012201,
            -0.005371,
            0.018207
          ],
          [
            0.005975,
            0.000109,
            -0.002801
          ],
          [
            0.001872,
            3.7e-05,
            0.014245
          ],
          [
            0.008622,
            -0.000416,
            0.01784
          ],
          [
            -0.008924,
            0.00138,
            0.008484
          ],
          [
            -0.010103,
            0.00278,
            0.011172
          ],
          [
            0.016408,
            -0.002474,
            0.005211
          ],
          [
            -0.008516,
            -0.000815,
            0.008751
          ],
          [
            0.016443,
            0.002681,
            0.005449
          ],
          [
            -0.011437,
            0.001561,
            0.014355
          ],
          [
            0.002005,
            -1.1e-05,
            -0.04181
          ],
          [
            -0.010472,
            -0.002104,
            0.011455
          ],
          [
            0.011762,
            0.000144,
            0.064052
          ],
          [
            -0.011441,
            -0.001839,
            0.014382
          ],
          [
            0.015184,
            1.2e-05,
            0.461211
          ],
          [
            0.027602,
            -0.013709,
            0.461093
          ],
          [
            0.026218,
            1e-06,
            0.522383
          ],
          [
            0.012127,
            -0.017324,
            0.549541
          ],
          [
            0.027634,
            0.01376,
            0.461179
          ],
          [
            0.012092,
            0.017387,
            0.549648
          ],
          [
            -0.04558,
            -0.035124,
            -0.675764
          ],
          [
            -0.018072,
            6.5e-05,
            -0.689823
          ],
          [
            0.083388,
            0.021597,
            -0.528937
          ],
          [
            0.077265,
            2e-05,
            -0.455769
          ],
          [
            -0.045611,
            0.03488,
            -0.675996
          ],
          [
            0.083424,
            -0.022099,
            -0.528634
          ],
          [
            0.003167,
            -8.5e-05,
            -0.008959
          ],
          [
            0.001845,
            -0.001807,
            0.005226
          ],
          [
            -0.001513,
            -9e-06,
            -0.003997
          ],
          [
            0.001238,
            -0.009926,
            -0.001009
          ],
          [
            0.001888,
            0.001931,
            0.005162
          ],
          [
            0.001232,
            0.009879,
            -0.000908
          ],
          [
            0.006791,
            -0.020592,
            0.013938
          ],
          [
            0.014597,
            4.5e-05,
            -0.013821
          ],
          [
            -2.4e-05,
            0.016716,
            -0.012549
          ],
          [
            -0.003881,
            0.000125,
            0.016247
          ],
          [
            0.006852,
            0.020619,
            0.013697
          ],
          [
            -0.000127,
            -0.01678,
            -0.012711
          ],
          [
            0.012356,
            -0.007077,
            0.010538
          ],
          [
            0.012391,
            0.007297,
            0.010694
          ],
          [
            0.006424,
            -0.05219,
            0.056249
          ],
          [
            0.006523,
            0.052437,
            0.056321
          ],
          [
            -0.034105,
            -0.000202,
            0.006002
          ],
          [
            0.040163,
            -8.9e-05,
            0.001092
          ],
          [
            -0.01286,
            0.068269,
            0.013545
          ],
          [
            -0.012819,
            -0.067665,
            0.014149
          ],
          [
            -0.010011,
            -0.000326,
            -0.062676
          ]
        ],
        "Lattice": [
          [
            8.33,
            0.0,
            0.0
          ],
          [
            0.0,
            8.839539657,
            0.0
          ],
          [
            0.0,
            0.0,
            21.359563785
          ]
        ],
        "NumAtoms": 62,
        "Positions": [
          [
            0.0,
            0.0,
            0.0
          ],
          [
            0.0,
            2.94648,
            0.0
          ],
          [
            4.165,
            0.0,
            0.0
          ],
          [
            4.165,
            2.94648,
            0.0
          ],
          [
            0.0,
            5.89306,
            0.0
          ],
          [
            4.165,
            5.89306,
            0.0
          ],
          [
            2.0825,
            1.47329,
            1.47381
          ],
          [
            2.0825,
            4.41977,
            1.47381
          ],
          [
            6.2475,
            1.47329,
            1.47381
          ],
          [
            6.2475,
            4.41977,
            1.47381
          ],
          [
            2.0825,
            7.36625,
            1.47381
          ],
          [
            6.2475,
            7.36625,
            1.47381
          ],
          [
            0.00887,
            2.91488,
            2.935
          ],
          [
            0.00889,
            5.92467,
            2.93507
          ],
          [
            4.15985,
            2.93416,
            2.96075
          ],
          [
            4.15984,
            5.90528,
            2.96083
          ],
          [
            4.15583,
            -0.0001,
            2.96755
          ],
          [
            -0.00125,
            -1e-05,
            2.95315
          ],
          [
            2.08053,
            4.41973,
            4.42853
          ],
          [
            2.05513,
            7.3694,
            4.47574
          ],
          [
            3.97252,
            2.94074,
            5.9769
          ],
          [
            6.26698,
            7.37591,
            4.48755
          ],
          [
            2.05513,
            1.46977,
            4.47554
          ],
          [
            6.26694,
            1.46341,
            4.48744
          ],
          [
            0.11869,
            5.6844,
            5.91192
          ],
          [
            0.03146,
            -0.00017,
            5.83701
          ],
          [
            3.97265,
            5.89804,
            5.97718
          ],
          [
            4.18667,
            -0.00022,
            5.86935
          ],
          [
            0.11867,
            3.15462,
            5.91136
          ],
          [
            2.0825,
            0.0,
            0.0
          ],
          [
            2.0825,
            2.94648,
            0.0
          ],
          [
            6.2475,
            0.0,
            0.0
          ],
          [
            6.2475,
            2.94648,
            0.0
          ],
          [
            2.0825,
            5.89306,
            0.0
          ],
          [
            6.2475,
            5.89306,
            0.0
          ],
          [
            0.0,
            1.47329,
            1.47381
          ],
          [
            0.0,
            4.41977,
            1.47381
          ],
          [
            4.165,
            1.47329,
            1.47381
          ],
          [
            4.165,
            4.41977,
            1.47381
          ],
          [
            0.0,
            7.36625,
            1.47381
          ],
          [
            4.165,
            7.36625,
            1.47381
          ],
          [
            2.10489,
            -7e-05,
            2.95524
          ],
          [
            2.10224,
            2.95409,
            2.95248
          ],
          [
            6.21243,
            -6e-05,
            2.96204
          ],
          [
            6.22611,
            2.98738,
            3.00227
          ],
          [
            2.10226,
            5.88537,
            2.95253
          ],
          [
            6.22608,
            5.85206,
            3.00234
          ],
          [
            -0.01339,
            1.44951,
            4.40698
          ],
          [
            -0.07082,
            4.41974,
            4.29206
          ],
          [
            4.17221,
            1.52413,
            4.49472
          ],
          [
            4.2624,
            4.41959,
            4.52352
          ],
          [
            -0.0134,
            7.39013,
            4.40673
          ],
          [
            4.17221,
            7.31501,
            4.49499
          ],
          [
            2.02821,
            2.96355,
            5.78795
          ],
          [
            2.02829,
            5.87564,
            5.78817
          ],
          [
            6.38925,
            3.01474,
            5.82117
          ],
          [
            6.3891,
            5.82458,
            5.82136
          ],
          [
            2.09283,
            -9e-05,
            5.86161
          ],
          [
            6.24084,
            -7e-05,
            5.86472
          ],
          [
            4.15672,
            5.08618,
            7.71445
          ],
          [
            4.15659,
            3.75184,
            7.71433
          ],
          [
            6.2648,
            4.41975,
            4.67608
          ]
        ],
        "Stress": [
          [
            -73.83716,
            0.00025,
            0.41909
          ],
          [
            0.00025,
            -13.40127,
            0.00785
          ],
          [
            0.41909,
            0.00785,
            -34.98648
          ]
        ],
        "computation_code": "VASP",
        "pseudopotential_information": [
          [
            "PAW_PBE",
            "Ni",
            "02Aug2007"
          ],
          [
            "PAW_PBE",
            "O",
            "08Apr2002"
          ],
          [
            "PAW_PBE",
            "Ti_sv",
            "26Sep2005"
          ]
        ]
      }
    ],
    "EnergyStyle": "electronvolt",
    "ForcesStyle": "electronvoltperangstrom",
    "LatticeStyle": "angstrom",
    "PositionsStyle": "angstrom",
    "StressStyle": "kB"
  }
}