{
  "Dataset": {
    "AtomTypeStyle": "chemicalsymbol",
    "Data": [
      {
        "AtomTypes": [
          "Ni",
          "Ni",
          "Ni",
          "Ni",
          "Ni",
          "Ni",
          "Ni",
          "Ni",
          "Ni",
          "Ni",
          "Ni",
          "Ni",
          "Ni",
          "Ni",
          "Ni",
          "Ni",
          "Ni",
          "Ni",
          "Ni",
          "Ni",
          "Ni",
          "Ni",
          "Ni",
          "Ni",
          "Ni",
          "Ni",
          "Ni",
          "Ni",
          "Ni",
          "O",
          "O",
          "O",
          "O",
          "O",
          "O",
          "O",
          "O",
          "O",
          "O",
          "O",
          "O",
          "O",
          "O",
          "O",
          "O",
          "O",
          "O",
          "O",
          "O",
          "O",
          "O",
          "O",
          "O",
          "O",
          "O",
          "O",
          "O",
          "O",
          "Ti"
        ],
        "Energy": -305.63137731,
        "Forces": [
          [
            -0.075667,
            0.0,
            0.896237
          ],
          [
            -0.072624,
            0.000788,
            0.880581
          ],
          [
            -0.052492,
            0.0,
            0.940886
          ],
          [
            -0.044684,
            -0.032594,
            0.961675
          ],
          [
            -0.072624,
            -0.000788,
            0.880581
          ],
          [
            -0.044684,
            0.032594,
            0.961675
          ],
          [
            0.124027,
            -0.028662,
            -0.869896
          ],
          [
            0.043914,
            0.0,
            -0.93107
          ],
          [
            -0.071278,
            0.007911,
            -0.789037
          ],
          [
            -0.027072,
            0.0,
            -0.961036
          ],
          [
            0.124027,
            0.028662,
            -0.869896
          ],
          [
            -0.071278,
            -0.007911,
            -0.789037
          ],
          [
            0.006997,
            0.01333,
            0.012707
          ],
          [
            0.006997,
            -0.01333,
            0.012707
          ],
          [
            -0.010856,
            0.08056,
            -0.077938
          ],
          [
            0.009965,
            0.030283,
            0.042847
          ],
          [
            0.009965,
            -0.030283,
            0.042847
          ],
          [
            -0.007874,
            0.0,
            -0.034171
          ],
          [
            0.008456,
            0.0,
            0.018935
          ],
          [
            0.019872,
            0.0,
            0.020538
          ],
          [
            -0.011965,
            -0.048495,
            0.022415
          ],
          [
            0.048528,
            -0.021224,
            -0.026001
          ],
          [
            -0.011965,
            0.048495,
            0.022415
          ],
          [
            0.048528,
            0.021224,
            -0.026001
          ],
          [
            -0.028203,
            -0.003125,
            0.010699
          ],
          [
            0.043654,
            0.0,
            -0.051276
          ],
          [
            -0.010856,
            -0.08056,
            -0.077938
          ],
          [
            0.025744,
            0.0,
            0.230123
          ],
          [
            -0.028203,
            0.003125,
            0.010699
          ],
          [
            -0.045439,
            0.0,
            0.519186
          ],
          [
            -0.013396,
            -0.032008,
            0.597176
          ],
          [
            0.083222,
            0.0,
            0.50683
          ],
          [
            0.051371,
            -0.00665,
            0.558466
          ],
          [
            -0.013396,
            0.032008,
            0.597176
          ],
          [
            0.051371,
            0.00665,
            0.558466
          ],
          [
            0.081851,
            0.174656,
            -0.503913
          ],
          [
            -0.000114,
            0.0,
            -0.461534
          ],
          [
            -0.040095,
            0.01964,
            -0.746025
          ],
          [
            0.027422,
            0.0,
            -0.587133
          ],
          [
            0.081851,
            -0.174656,
            -0.503913
          ],
          [
            -0.040095,
            -0.01964,
            -0.746025
          ],
          [
            0.002671,
            0.0,
            -0.007879
          ],
          [
            0.016624,
            -0.014085,
            -0.058204
          ],
          [
            -0.001486,
            0.0,
            -0.004276
          ],
          [
            0.014645,
            -0.018799,
            -0.021334
          ],
          [
            0.016624,
            0.014085,
            -0.058204
          ],
          [
            0.014645,
            0.018799,
            -0.021334
          ],
          [
            0.009325,
            -0.004952,
            0.006703
          ],
          [
            -0.076233,
            0.0,
            -0.002867
          ],
          [
            0.009325,
            0.004952,
            0.006703
          ],
          [
            0.012624,
            -0.102496,
            -0.039317
          ],
          [
            8.9e-05,
            -0.0123,
            -0.007148
          ],
          [
            8.9e-05,
            0.0123,
            -0.007148
          ],
          [
            -0.006494,
            -0.005502,
            0.007122
          ],
          [
            -0.006494,
            0.005502,
            0.007122
          ],
          [
            -0.094884,
            0.0,
            -0.014103
          ],
          [
            0.115604,
            0.0,
            -0.016668
          ],
          [
            0.012624,
            0.102496,
            -0.039317
          ],
          [
            -0.1422,
            0.0,
            0.016124
          ]
        ],
        "Lattice": [
          [
            8.33,
            0.0,
            0.0
          ],
          [
            0.0,
            8.839539657,
            0.0
          ],
          [
            0.0,
            0.0,
            21.359563785
          ]
        ],
        "NumAtoms": 59,
        "Positions": [
          [
            0.0,
            0.0,
            0.0
          ],
          [
            0.0,
            2.94648,
            0.0
          ],
          [
            4.165,
            0.0,
            0.0
          ],
          [
            4.165,
            2.94648,
            0.0
          ],
          [
            0.0,
            5.89306,
            0.0
          ],
          [
            4.165,
            5.89306,
            0.0
          ],
          [
            2.0825,
            1.47329,
            1.47381
          ],
          [
            2.0825,
            4.41977,
            1.47381
          ],
          [
            6.2475,
            1.47329,
            1.47381
          ],
          [
            6.2475,
            4.41977,
            1.47381
          ],
          [
            2.0825,
            7.36625,
            1.47381
          ],
          [
            6.2475,
            7.36625,
            1.47381
          ],
          [
            0.00965,
            2.93728,
            2.96271
          ],
          [
            0.00965,
            5.90226,
            2.96271
          ],
          [
            4.14105,
            2.97134,
            5.90848
          ],
          [
            4.17017,
            2.97418,
            2.96864
          ],
          [
            4.17017,
            5.86536,
            2.96864
          ],
          [
            4.17081,
            -0.0,
            2.94228
          ],
          [
            0.00454,
            -0.0,
            2.96376
          ],
          [
            2.27675,
            4.41977,
            4.41304
          ],
          [
            2.10037,
            7.36699,
            4.47175
          ],
          [
            6.24664,
            7.38087,
            4.48624
          ],
          [
            2.10037,
            1.47255,
            4.47175
          ],
          [
            6.24664,
            1.45867,
            4.48624
          ],
          [
            0.24828,
            5.68381,
            5.91234
          ],
          [
            0.00129,
            -0.0,
            5.83275
          ],
          [
            4.14105,
            5.8682,
            5.90848
          ],
          [
            4.17177,
            -0.0,
            5.8448
          ],
          [
            0.24828,
            3.15573,
            5.91234
          ],
          [
            2.0825,
            0.0,
            0.0
          ],
          [
            2.0825,
            2.94648,
            0.0
          ],
          [
            6.2475,
            0.0,
            0.0
          ],
          [
            6.2475,
            2.94648,
            0.0
          ],
          [
            2.0825,
            5.89306,
            0.0
          ],
          [
            6.2475,
            5.89306,
            0.0
          ],
          [
            0.0,
            1.47329,
            1.47381
          ],
          [
            0.0,
            4.41977,
            1.47381
          ],
          [
            4.165,
            1.47329,
            1.47381
          ],
          [
            4.165,
            4.41977,
            1.47381
          ],
          [
            0.0,
            7.36625,
            1.47381
          ],
          [
            4.165,
            7.36625,
            1.47381
          ],
          [
            2.07152,
            -0.0,
            2.94025
          ],
          [
            2.10679,
            3.03183,
            3.03117
          ],
          [
            6.26689,
            -0.0,
            2.95046
          ],
          [
            6.19837,
            2.99869,
            3.00707
          ],
          [
            2.10679,
            5.80771,
            3.03117
          ],
          [
            6.19837,
            5.84085,
            3.00707
          ],
          [
            8.32785,
            1.49161,
            4.44229
          ],
          [
            8.10735,
            4.41977,
            4.36983
          ],
          [
            8.32785,
            7.34793,
            4.44229
          ],
          [
            4.17503,
            7.38503,
            4.39651
          ],
          [
            2.18632,
            3.07452,
            5.72731
          ],
          [
            2.18632,
            5.76502,
            5.72731
          ],
          [
            6.1676,
            3.01512,
            5.82715
          ],
          [
            6.1676,
            5.82442,
            5.82715
          ],
          [
            2.06711,
            -0.0,
            5.85401
          ],
          [
            6.25951,
            -0.0,
            5.8589
          ],
          [
            4.17503,
            1.45451,
            4.39651
          ],
          [
            6.1842,
            4.41977,
            4.64045
          ]
        ],
        "Stress": [
          [
            -71.00733,
            0.0,
            0.22312
          ],
          [
            0.0,
            -17.61646,
            0.0
          ],
          [
            0.22312,
            0.0,
            -34.93668
          ]
        ],
        "computation_code": "VASP",
        "pseudopotential_information": [
          [
            "PAW_PBE",
            "Ni",
            "02Aug2007"
          ],
          [
            "PAW_PBE",
            "O",
            "08Apr2002"
          ],
          [
            "PAW_PBE",
            "Ti_sv",
            "26Sep2005"
          ]
        ]
      }
    ],
    "EnergyStyle": "electronvolt",
    "ForcesStyle": "electronvoltperangstrom",
    "LatticeStyle": "angstrom",
    "PositionsStyle": "angstrom",
    "StressStyle": "kB"
  }
}