{
  "Dataset": {
    "AtomTypeStyle": "chemicalsymbol",
    "Data": [
      {
        "AtomTypes": [
          "Ni",
          "Ni",
          "Ni",
          "Ni",
          "Ni",
          "Ni",
          "Ni",
          "Ni",
          "Ni",
          "Ni",
          "Ni",
          "Ni",
          "Ni",
          "Ni",
          "Ni",
          "Ni",
          "Ni",
          "Ni",
          "Ni",
          "Ni",
          "Ni",
          "Ni",
          "Ni",
          "Ni",
          "Ni",
          "Ni",
          "Ni",
          "Ni",
          "Ni",
          "O",
          "O",
          "O",
          "O",
          "O",
          "O",
          "O",
          "O",
          "O",
          "O",
          "O",
          "O",
          "O",
          "O",
          "O",
          "O",
          "O",
          "O",
          "O",
          "O",
          "O",
          "O",
          "O",
          "O",
          "O",
          "O",
          "O",
          "O",
          "O",
          "O",
          "Al"
        ],
        "Energy": -310.07329845,
        "Forces": [
          [
            -0.023106,
            -0.0,
            0.906452
          ],
          [
            -0.030034,
            0.024294,
            0.886305
          ],
          [
            -0.105562,
            -0.0,
            0.937065
          ],
          [
            -0.09225,
            0.03852,
            0.926149
          ],
          [
            -0.030034,
            -0.024294,
            0.886305
          ],
          [
            -0.09225,
            -0.03852,
            0.926149
          ],
          [
            0.034838,
            -0.050484,
            -0.858992
          ],
          [
            0.059374,
            -0.0,
            -0.937157
          ],
          [
            -0.014564,
            0.014683,
            -0.781593
          ],
          [
            -0.037186,
            -0.0,
            -0.929705
          ],
          [
            0.034838,
            0.050484,
            -0.858992
          ],
          [
            -0.014564,
            -0.014683,
            -0.781593
          ],
          [
            -0.092032,
            0.10411,
            -0.024829
          ],
          [
            -0.092032,
            -0.10411,
            -0.024829
          ],
          [
            0.107348,
            0.040457,
            -0.03555
          ],
          [
            0.107348,
            -0.040457,
            -0.03555
          ],
          [
            -0.011746,
            -0.0,
            -0.127978
          ],
          [
            0.022039,
            -0.0,
            0.066806
          ],
          [
            -0.015468,
            -0.0,
            -0.071918
          ],
          [
            -0.034648,
            0.024412,
            -0.096701
          ],
          [
            0.007454,
            0.149349,
            0.071842
          ],
          [
            0.056276,
            -0.135473,
            -0.094557
          ],
          [
            -0.034648,
            -0.024412,
            -0.096701
          ],
          [
            0.056276,
            0.135473,
            -0.094557
          ],
          [
            -0.007854,
            0.183713,
            0.314885
          ],
          [
            -0.017543,
            -0.0,
            -0.316686
          ],
          [
            0.007454,
            -0.149349,
            0.071842
          ],
          [
            -0.033826,
            -0.0,
            0.451617
          ],
          [
            -0.007854,
            -0.183713,
            0.314885
          ],
          [
            0.000951,
            -0.0,
            0.452065
          ],
          [
            -0.006824,
            -0.012892,
            0.473223
          ],
          [
            0.03786,
            -0.0,
            0.528596
          ],
          [
            0.045247,
            -0.044254,
            0.552724
          ],
          [
            -0.006824,
            0.012892,
            0.473223
          ],
          [
            0.045247,
            0.044254,
            0.552724
          ],
          [
            -0.068882,
            0.002716,
            -0.589291
          ],
          [
            0.035702,
            -0.0,
            -0.629494
          ],
          [
            0.113117,
            0.001258,
            -0.603883
          ],
          [
            0.022037,
            -0.0,
            -0.631611
          ],
          [
            -0.068882,
            -0.002716,
            -0.589291
          ],
          [
            0.113117,
            -0.001258,
            -0.603883
          ],
          [
            -0.019878,
            -0.0,
            0.112956
          ],
          [
            0.01053,
            0.002703,
            0.107346
          ],
          [
            0.024607,
            -0.0,
            0.001889
          ],
          [
            0.001368,
            0.038898,
            0.146791
          ],
          [
            0.01053,
            -0.002703,
            0.107346
          ],
          [
            0.001368,
            -0.038898,
            0.146791
          ],
          [
            0.037299,
            -0.2815,
            -0.024039
          ],
          [
            -0.060869,
            -0.0,
            -0.151644
          ],
          [
            -0.036063,
            0.091813,
            -0.094785
          ],
          [
            0.059927,
            -0.0,
            0.019945
          ],
          [
            0.037299,
            0.2815,
            -0.024039
          ],
          [
            -0.036063,
            -0.091813,
            -0.094785
          ],
          [
            0.216068,
            0.017169,
            0.004071
          ],
          [
            0.216068,
            -0.017169,
            0.004071
          ],
          [
            -0.248138,
            0.074021,
            -0.097055
          ],
          [
            -0.248138,
            -0.074021,
            -0.097055
          ],
          [
            -0.273654,
            -0.0,
            0.030228
          ],
          [
            0.309965,
            -0.0,
            0.090291
          ],
          [
            0.029867,
            -0.0,
            -0.165842
          ]
        ],
        "Lattice": [
          [
            8.33,
            0.0,
            0.0
          ],
          [
            0.0,
            8.839539657,
            0.0
          ],
          [
            0.0,
            0.0,
            21.359563785
          ]
        ],
        "NumAtoms": 60,
        "Positions": [
          [
            0.0,
            0.0,
            0.0
          ],
          [
            0.0,
            2.94648,
            0.0
          ],
          [
            4.165,
            0.0,
            0.0
          ],
          [
            4.165,
            2.94648,
            0.0
          ],
          [
            0.0,
            5.89306,
            0.0
          ],
          [
            4.165,
            5.89306,
            0.0
          ],
          [
            2.0825,
            1.47329,
            1.47381
          ],
          [
            2.0825,
            4.41977,
            1.47381
          ],
          [
            6.2475,
            1.47329,
            1.47381
          ],
          [
            6.2475,
            4.41977,
            1.47381
          ],
          [
            2.0825,
            7.36625,
            1.47381
          ],
          [
            6.2475,
            7.36625,
            1.47381
          ],
          [
            0.0137,
            2.93017,
            2.93936
          ],
          [
            0.0137,
            5.90937,
            2.93936
          ],
          [
            4.15021,
            2.92324,
            2.95665
          ],
          [
            4.15021,
            5.9163,
            2.95665
          ],
          [
            4.16255,
            0.0,
            2.9642
          ],
          [
            -0.00083,
            0.0,
            2.95458
          ],
          [
            2.10147,
            4.41977,
            4.44923
          ],
          [
            2.10211,
            7.36628,
            4.49209
          ],
          [
            4.11489,
            3.10993,
            5.94105
          ],
          [
            6.22903,
            7.36639,
            4.50226
          ],
          [
            2.10211,
            1.47326,
            4.49209
          ],
          [
            6.22903,
            1.47315,
            4.50226
          ],
          [
            0.07311,
            5.88292,
            5.89962
          ],
          [
            0.02398,
            0.0,
            5.87116
          ],
          [
            4.11489,
            5.72961,
            5.94105
          ],
          [
            4.19239,
            0.0,
            5.84848
          ],
          [
            0.07311,
            2.95662,
            5.89962
          ],
          [
            2.0825,
            0.0,
            0.0
          ],
          [
            2.0825,
            2.94648,
            0.0
          ],
          [
            6.2475,
            0.0,
            0.0
          ],
          [
            6.2475,
            2.94648,
            0.0
          ],
          [
            2.0825,
            5.89306,
            0.0
          ],
          [
            6.2475,
            5.89306,
            0.0
          ],
          [
            0.0,
            1.47329,
            1.47381
          ],
          [
            0.0,
            4.41977,
            1.47381
          ],
          [
            4.165,
            1.47329,
            1.47381
          ],
          [
            4.165,
            4.41977,
            1.47381
          ],
          [
            0.0,
            7.36625,
            1.47381
          ],
          [
            4.165,
            7.36625,
            1.47381
          ],
          [
            2.07041,
            0.0,
            2.94845
          ],
          [
            2.0793,
            2.95333,
            2.95874
          ],
          [
            6.25763,
            0.0,
            2.95644
          ],
          [
            6.25183,
            3.03203,
            3.02374
          ],
          [
            2.0793,
            5.88621,
            2.95874
          ],
          [
            6.25183,
            5.80751,
            3.02374
          ],
          [
            8.32003,
            1.48509,
            4.44917
          ],
          [
            8.21908,
            4.41977,
            4.39498
          ],
          [
            4.16472,
            1.4593,
            4.43715
          ],
          [
            4.27899,
            4.41977,
            4.36185
          ],
          [
            8.32003,
            7.35445,
            4.44917
          ],
          [
            4.16472,
            7.38024,
            4.43715
          ],
          [
            2.04509,
            2.97199,
            5.85229
          ],
          [
            2.04509,
            5.86755,
            5.85229
          ],
          [
            6.2671,
            3.04171,
            5.77123
          ],
          [
            6.2671,
            5.79783,
            5.77123
          ],
          [
            2.0676,
            0.0,
            5.87337
          ],
          [
            6.25133,
            0.0,
            5.87597
          ],
          [
            6.22581,
            4.41977,
            4.49853
          ]
        ],
        "Stress": [
          [
            -78.48009,
            0.0,
            0.37838
          ],
          [
            0.0,
            -9.93382,
            0.0
          ],
          [
            0.37838,
            0.0,
            -33.19752
          ]
        ],
        "computation_code": "VASP",
        "pseudopotential_information": [
          [
            "PAW_PBE",
            "Ni",
            "02Aug2007"
          ],
          [
            "PAW_PBE",
            "O",
            "08Apr2002"
          ],
          [
            "PAW_PBE",
            "Al",
            "04Jan2001"
          ]
        ]
      }
    ],
    "EnergyStyle": "electronvolt",
    "ForcesStyle": "electronvoltperangstrom",
    "LatticeStyle": "angstrom",
    "PositionsStyle": "angstrom",
    "StressStyle": "kB"
  }
}