{
  "Dataset": {
    "AtomTypeStyle": "chemicalsymbol",
    "Data": [
      {
        "AtomTypes": [
          "Ni",
          "Ni",
          "Ni",
          "Ni",
          "Ni",
          "Ni",
          "Ni",
          "Ni",
          "Ni",
          "Ni",
          "Ni",
          "Ni",
          "Ni",
          "Ni",
          "Ni",
          "Ni",
          "Ni",
          "Ni",
          "Ni",
          "Ni",
          "Ni",
          "Ni",
          "Ni",
          "Ni",
          "Ni",
          "Ni",
          "Ni",
          "Ni",
          "Ni",
          "O",
          "O",
          "O",
          "O",
          "O",
          "O",
          "O",
          "O",
          "O",
          "O",
          "O",
          "O",
          "O",
          "O",
          "O",
          "O",
          "O",
          "O",
          "O",
          "O",
          "O",
          "O",
          "O",
          "O",
          "O",
          "O",
          "O",
          "O",
          "O",
          "O",
          "O",
          "O",
          "Al"
        ],
        "Energy": -321.67902228,
        "Forces": [
          [
            -0.021841,
            5.4e-05,
            0.886763
          ],
          [
            -0.023404,
            0.018538,
            0.874236
          ],
          [
            -0.10715,
            5.2e-05,
            0.942132
          ],
          [
            -0.100786,
            0.013978,
            0.950469
          ],
          [
            -0.023391,
            -0.018499,
            0.874272
          ],
          [
            -0.100791,
            -0.013941,
            0.950581
          ],
          [
            0.071516,
            0.002087,
            -0.833108
          ],
          [
            0.061919,
            1.8e-05,
            -0.884879
          ],
          [
            -0.050421,
            0.047307,
            -0.801539
          ],
          [
            -0.041994,
            -1.6e-05,
            -0.925015
          ],
          [
            0.071538,
            -0.002556,
            -0.833011
          ],
          [
            -0.050447,
            -0.04766,
            -0.801631
          ],
          [
            -0.000535,
            -0.000289,
            0.002476
          ],
          [
            -0.000522,
            7.6e-05,
            0.002448
          ],
          [
            0.002562,
            0.003771,
            0.001867
          ],
          [
            0.002696,
            -0.003892,
            0.001912
          ],
          [
            0.002702,
            0.000109,
            0.004909
          ],
          [
            -9e-05,
            7e-06,
            -0.000477
          ],
          [
            -0.007774,
            -0.000125,
            -0.001648
          ],
          [
            -0.003887,
            0.002172,
            0.000129
          ],
          [
            -0.023999,
            0.023725,
            0.040585
          ],
          [
            0.004577,
            -0.002532,
            0.00353
          ],
          [
            -0.003865,
            -0.002062,
            0.000259
          ],
          [
            0.005117,
            0.002443,
            0.003554
          ],
          [
            0.00599,
            0.000818,
            0.011034
          ],
          [
            0.004181,
            -2e-05,
            -0.002184
          ],
          [
            -0.023941,
            -0.02332,
            0.040926
          ],
          [
            0.011064,
            -0.000365,
            0.008959
          ],
          [
            0.006012,
            -0.00141,
            0.010794
          ],
          [
            -0.002737,
            4.5e-05,
            0.444598
          ],
          [
            -0.000515,
            -0.012881,
            0.448877
          ],
          [
            0.042899,
            4.3e-05,
            0.516468
          ],
          [
            0.041455,
            -0.044113,
            0.545541
          ],
          [
            -0.000516,
            0.012976,
            0.44894
          ],
          [
            0.041456,
            0.044219,
            0.545636
          ],
          [
            -0.079678,
            0.027377,
            -0.620504
          ],
          [
            0.018049,
            7.6e-05,
            -0.677393
          ],
          [
            0.123513,
            0.053815,
            -0.524313
          ],
          [
            0.036988,
            1.7e-05,
            -0.548489
          ],
          [
            -0.079697,
            -0.027695,
            -0.620416
          ],
          [
            0.12353,
            -0.054347,
            -0.524006
          ],
          [
            0.006122,
            2.7e-05,
            -0.002768
          ],
          [
            0.002527,
            0.000454,
            0.000215
          ],
          [
            -0.003433,
            4.3e-05,
            0.001179
          ],
          [
            -0.000466,
            0.000116,
            0.000104
          ],
          [
            0.002575,
            -0.000469,
            0.000201
          ],
          [
            -0.000497,
            -0.000154,
            8.7e-05
          ],
          [
            0.003164,
            0.002023,
            -0.003664
          ],
          [
            0.010389,
            -7.4e-05,
            0.001571
          ],
          [
            9.6e-05,
            -0.003964,
            -0.002746
          ],
          [
            0.00755,
            9.6e-05,
            -0.000881
          ],
          [
            0.003161,
            -0.001985,
            -0.003818
          ],
          [
            7.8e-05,
            0.004311,
            -0.00313
          ],
          [
            0.003747,
            0.000113,
            -0.006973
          ],
          [
            0.00375,
            -8.5e-05,
            -0.007196
          ],
          [
            0.014177,
            -0.001962,
            0.003947
          ],
          [
            0.014233,
            0.002015,
            0.003752
          ],
          [
            0.001713,
            2.2e-05,
            -0.003889
          ],
          [
            0.004001,
            -5.6e-05,
            -0.005254
          ],
          [
            -0.004445,
            -0.052334,
            0.026246
          ],
          [
            -0.004388,
            0.053919,
            0.02625
          ],
          [
            0.00616,
            -5.7e-05,
            0.013482
          ]
        ],
        "Lattice": [
          [
            8.33,
            0.0,
            0.0
          ],
          [
            0.0,
            8.839539657,
            0.0
          ],
          [
            0.0,
            0.0,
            21.359563785
          ]
        ],
        "NumAtoms": 62,
        "Positions": [
          [
            0.0,
            0.0,
            0.0
          ],
          [
            0.0,
            2.94648,
            0.0
          ],
          [
            4.165,
            0.0,
            0.0
          ],
          [
            4.165,
            2.94648,
            0.0
          ],
          [
            0.0,
            5.89306,
            0.0
          ],
          [
            4.165,
            5.89306,
            0.0
          ],
          [
            2.0825,
            1.47329,
            1.47381
          ],
          [
            2.0825,
            4.41977,
            1.47381
          ],
          [
            6.2475,
            1.47329,
            1.47381
          ],
          [
            6.2475,
            4.41977,
            1.47381
          ],
          [
            2.0825,
            7.36625,
            1.47381
          ],
          [
            6.2475,
            7.36625,
            1.47381
          ],
          [
            0.00893,
            2.93991,
            2.93366
          ],
          [
            0.00893,
            5.8996,
            2.9337
          ],
          [
            4.15737,
            2.94872,
            2.97006
          ],
          [
            4.15737,
            5.89067,
            2.97017
          ],
          [
            4.15826,
            8.83942,
            2.96032
          ],
          [
            0.00092,
            8.83948,
            2.94273
          ],
          [
            2.0908,
            4.4197,
            4.47497
          ],
          [
            2.07926,
            7.37064,
            4.4805
          ],
          [
            4.11114,
            2.94387,
            5.94405
          ],
          [
            6.24309,
            7.36737,
            4.48729
          ],
          [
            2.07921,
            1.46866,
            4.48034
          ],
          [
            6.24313,
            1.47192,
            4.48715
          ],
          [
            0.04001,
            5.89006,
            5.77304
          ],
          [
            0.02781,
            8.8395,
            5.79665
          ],
          [
            4.11117,
            5.89478,
            5.94447
          ],
          [
            4.18704,
            8.83937,
            5.79524
          ],
          [
            0.04002,
            2.94929,
            5.7729
          ],
          [
            2.0825,
            0.0,
            0.0
          ],
          [
            2.0825,
            2.94648,
            0.0
          ],
          [
            6.2475,
            0.0,
            0.0
          ],
          [
            6.2475,
            2.94648,
            0.0
          ],
          [
            2.0825,
            5.89306,
            0.0
          ],
          [
            6.2475,
            5.89306,
            0.0
          ],
          [
            0.0,
            1.47329,
            1.47381
          ],
          [
            0.0,
            4.41977,
            1.47381
          ],
          [
            4.165,
            1.47329,
            1.47381
          ],
          [
            4.165,
            4.41977,
            1.47381
          ],
          [
            0.0,
            7.36625,
            1.47381
          ],
          [
            4.165,
            7.36625,
            1.47381
          ],
          [
            2.08972,
            8.83946,
            2.94912
          ],
          [
            2.08859,
            2.95622,
            2.9569
          ],
          [
            6.23424,
            8.83945,
            2.94686
          ],
          [
            6.23949,
            3.04186,
            3.02754
          ],
          [
            2.08859,
            5.88326,
            2.95697
          ],
          [
            6.23947,
            5.79758,
            3.02763
          ],
          [
            8.32027,
            1.45455,
            4.41504
          ],
          [
            8.2265,
            4.41974,
            4.3733
          ],
          [
            4.16171,
            1.49919,
            4.46916
          ],
          [
            4.28902,
            4.41959,
            4.48317
          ],
          [
            8.32027,
            7.38483,
            4.41516
          ],
          [
            4.1617,
            7.33988,
            4.4695
          ],
          [
            1.99929,
            2.94907,
            5.80327
          ],
          [
            1.99931,
            5.89019,
            5.80349
          ],
          [
            6.34609,
            3.02313,
            5.72996
          ],
          [
            6.34602,
            5.81612,
            5.73012
          ],
          [
            2.07983,
            8.83947,
            5.84731
          ],
          [
            6.24549,
            8.83947,
            5.84965
          ],
          [
            4.16476,
            5.08632,
            7.69556
          ],
          [
            4.16476,
            3.75129,
            7.69542
          ],
          [
            6.24433,
            4.41968,
            4.52387
          ]
        ],
        "Stress": [
          [
            -84.9261,
            -0.00035,
            0.54964
          ],
          [
            -0.00035,
            -14.06519,
            0.01065
          ],
          [
            0.54964,
            0.01065,
            -35.33244
          ]
        ],
        "computation_code": "VASP",
        "pseudopotential_information": [
          [
            "PAW_PBE",
            "Ni",
            "02Aug2007"
          ],
          [
            "PAW_PBE",
            "O",
            "08Apr2002"
          ],
          [
            "PAW_PBE",
            "Al",
            "04Jan2001"
          ]
        ]
      }
    ],
    "EnergyStyle": "electronvolt",
    "ForcesStyle": "electronvoltperangstrom",
    "LatticeStyle": "angstrom",
    "PositionsStyle": "angstrom",
    "StressStyle": "kB"
  }
}