{
  "Dataset": {
    "AtomTypeStyle": "chemicalsymbol",
    "Data": [
      {
        "AtomTypes": [
          "Ni",
          "Ni",
          "Ni",
          "Ni",
          "Ni",
          "Ni",
          "Ni",
          "Ni",
          "Ni",
          "Ni",
          "Ni",
          "Ni",
          "Ni",
          "Ni",
          "Ni",
          "Ni",
          "Ni",
          "Ni",
          "Ni",
          "Ni",
          "Ni",
          "Ni",
          "Ni",
          "Ni",
          "Ni",
          "Ni",
          "Ni",
          "Ni",
          "Ni",
          "O",
          "O",
          "O",
          "O",
          "O",
          "O",
          "O",
          "O",
          "O",
          "O",
          "O",
          "O",
          "O",
          "O",
          "O",
          "O",
          "O",
          "O",
          "O",
          "O",
          "O",
          "O",
          "O",
          "O",
          "O",
          "O",
          "O",
          "O",
          "O",
          "O",
          "O",
          "Al"
        ],
        "Energy": -315.53942132,
        "Forces": [
          [
            -0.062078,
            -0.004747,
            0.900686
          ],
          [
            -0.065456,
            0.010618,
            0.903752
          ],
          [
            -0.063067,
            -0.003064,
            0.923234
          ],
          [
            -0.061591,
            0.027718,
            0.900665
          ],
          [
            -0.066154,
            -0.00515,
            0.907506
          ],
          [
            -0.060102,
            -0.024212,
            0.94195
          ],
          [
            0.031504,
            -0.009427,
            -0.833245
          ],
          [
            0.034209,
            0.00192,
            -0.834472
          ],
          [
            -0.007825,
            -0.005774,
            -0.853335
          ],
          [
            -0.0128,
            -0.000316,
            -0.854963
          ],
          [
            0.029864,
            0.016104,
            -0.815438
          ],
          [
            -0.008593,
            0.015709,
            -0.828663
          ],
          [
            0.002181,
            0.004129,
            0.005515
          ],
          [
            0.000572,
            0.006231,
            0.004606
          ],
          [
            0.000235,
            0.006845,
            -0.010607
          ],
          [
            0.002095,
            -0.007469,
            0.00292
          ],
          [
            0.001208,
            -0.001041,
            -0.004443
          ],
          [
            0.000765,
            -0.00754,
            0.005493
          ],
          [
            -0.000576,
            0.001366,
            0.015558
          ],
          [
            0.006215,
            -0.004759,
            0.010227
          ],
          [
            -0.000609,
            0.004153,
            0.014994
          ],
          [
            -0.004147,
            -0.003213,
            0.010535
          ],
          [
            -0.013033,
            -0.003854,
            0.001362
          ],
          [
            0.013598,
            -0.003048,
            0.00109
          ],
          [
            -0.004013,
            -0.00313,
            0.005935
          ],
          [
            0.000123,
            0.012224,
            0.003469
          ],
          [
            -0.003947,
            -0.001281,
            -0.0156
          ],
          [
            0.001683,
            -0.011597,
            -0.024534
          ],
          [
            0.007869,
            -0.000251,
            -0.026687
          ],
          [
            0.023661,
            -0.008227,
            0.476874
          ],
          [
            0.015131,
            -0.001267,
            0.454753
          ],
          [
            0.01848,
            -0.004552,
            0.470332
          ],
          [
            0.02682,
            -0.007343,
            0.438777
          ],
          [
            0.019419,
            0.008581,
            0.452568
          ],
          [
            0.022887,
            0.011332,
            0.441291
          ],
          [
            0.02892,
            -0.054131,
            -0.576615
          ],
          [
            0.039201,
            -0.006652,
            -0.617604
          ],
          [
            0.027549,
            -0.094594,
            -0.421931
          ],
          [
            0.015108,
            0.033498,
            -0.655791
          ],
          [
            0.03305,
            0.070909,
            -0.607496
          ],
          [
            0.013601,
            0.022647,
            -0.467493
          ],
          [
            -0.01242,
            -0.007349,
            0.002442
          ],
          [
            -0.000289,
            0.011998,
            0.006084
          ],
          [
            0.014817,
            -0.006406,
            0.000506
          ],
          [
            0.00598,
            0.009653,
            0.006428
          ],
          [
            0.019669,
            0.003237,
            0.006564
          ],
          [
            -0.014722,
            0.003223,
            0.002432
          ],
          [
            0.001999,
            0.0143,
            0.002471
          ],
          [
            -0.000483,
            0.011445,
            -0.026942
          ],
          [
            -0.000462,
            0.013581,
            0.038801
          ],
          [
            0.000803,
            -0.017607,
            0.010179
          ],
          [
            0.000688,
            -0.007032,
            0.01246
          ],
          [
            0.002323,
            -0.008089,
            0.009718
          ],
          [
            -0.039125,
            -0.009134,
            0.000244
          ],
          [
            -0.012901,
            0.008699,
            0.002907
          ],
          [
            0.015886,
            -0.010884,
            0.005363
          ],
          [
            0.007921,
            0.006243,
            0.001892
          ],
          [
            0.00057,
            0.002423,
            0.011956
          ],
          [
            0.01384,
            0.008617,
            0.009357
          ],
          [
            -0.006524,
            -0.0648,
            -0.005381
          ],
          [
            0.020475,
            0.060536,
            0.057343
          ]
        ],
        "Lattice": [
          [
            8.33,
            0.0,
            0.0
          ],
          [
            0.0,
            8.839539657,
            0.0
          ],
          [
            0.0,
            0.0,
            21.359563785
          ]
        ],
        "NumAtoms": 61,
        "Positions": [
          [
            0.0,
            0.0,
            0.0
          ],
          [
            0.0,
            2.94648,
            0.0
          ],
          [
            4.165,
            0.0,
            0.0
          ],
          [
            4.165,
            2.94648,
            0.0
          ],
          [
            0.0,
            5.89306,
            0.0
          ],
          [
            4.165,
            5.89306,
            0.0
          ],
          [
            2.0825,
            1.47329,
            1.47381
          ],
          [
            2.0825,
            4.41977,
            1.47381
          ],
          [
            6.2475,
            1.47329,
            1.47381
          ],
          [
            6.2475,
            4.41977,
            1.47381
          ],
          [
            2.0825,
            7.36625,
            1.47381
          ],
          [
            6.2475,
            7.36625,
            1.47381
          ],
          [
            0.00037,
            2.94173,
            2.94206
          ],
          [
            -1e-05,
            5.89575,
            2.94411
          ],
          [
            4.16679,
            2.94647,
            2.93452
          ],
          [
            4.16348,
            5.89961,
            2.97201
          ],
          [
            4.16504,
            -0.015,
            2.96239
          ],
          [
            0.00028,
            0.00507,
            2.94677
          ],
          [
            2.07228,
            4.44085,
            4.46992
          ],
          [
            2.08153,
            7.36027,
            4.49485
          ],
          [
            6.25886,
            4.44535,
            4.45754
          ],
          [
            6.24366,
            7.35838,
            4.49194
          ],
          [
            2.09039,
            1.47386,
            4.48985
          ],
          [
            6.24183,
            1.4666,
            4.48404
          ],
          [
            0.00875,
            5.91041,
            5.79934
          ],
          [
            0.01057,
            -0.02034,
            5.80439
          ],
          [
            4.16932,
            5.78075,
            6.00494
          ],
          [
            4.18999,
            -0.02805,
            5.8698
          ],
          [
            -0.00794,
            2.95696,
            5.82054
          ],
          [
            2.0825,
            0.0,
            0.0
          ],
          [
            2.0825,
            2.94648,
            0.0
          ],
          [
            6.2475,
            0.0,
            0.0
          ],
          [
            6.2475,
            2.94648,
            0.0
          ],
          [
            2.0825,
            5.89306,
            0.0
          ],
          [
            6.2475,
            5.89306,
            0.0
          ],
          [
            0.0,
            1.47329,
            1.47381
          ],
          [
            0.0,
            4.41977,
            1.47381
          ],
          [
            4.165,
            1.47329,
            1.47381
          ],
          [
            4.165,
            4.41977,
            1.47381
          ],
          [
            0.0,
            7.36625,
            1.47381
          ],
          [
            4.165,
            7.36625,
            1.47381
          ],
          [
            2.11108,
            0.01285,
            2.9755
          ],
          [
            2.08705,
            2.93341,
            2.96033
          ],
          [
            6.21833,
            0.0074,
            2.97002
          ],
          [
            6.24499,
            2.93851,
            2.95105
          ],
          [
            2.08074,
            5.89626,
            2.95114
          ],
          [
            6.24781,
            5.89779,
            2.94732
          ],
          [
            0.00013,
            1.47475,
            4.45339
          ],
          [
            0.00087,
            4.39804,
            4.43094
          ],
          [
            4.1647,
            1.59294,
            4.65357
          ],
          [
            4.16515,
            4.3815,
            4.39757
          ],
          [
            -0.00403,
            7.38802,
            4.39953
          ],
          [
            4.16059,
            7.34626,
            4.51305
          ],
          [
            2.15057,
            2.93703,
            5.80869
          ],
          [
            1.98202,
            5.90348,
            5.81773
          ],
          [
            6.19072,
            2.95095,
            5.80083
          ],
          [
            6.34326,
            5.89845,
            5.81177
          ],
          [
            2.04509,
            0.01,
            5.84991
          ],
          [
            6.27993,
            -0.00262,
            5.85458
          ],
          [
            4.12447,
            4.28284,
            7.15426
          ],
          [
            4.19229,
            3.1284,
            5.81907
          ]
        ],
        "Stress": [
          [
            -84.84949,
            -0.14283,
            0.46782
          ],
          [
            -0.14283,
            -14.55087,
            -0.11482
          ],
          [
            0.46782,
            -0.11482,
            -34.42694
          ]
        ],
        "computation_code": "VASP",
        "pseudopotential_information": [
          [
            "PAW_PBE",
            "Ni",
            "02Aug2007"
          ],
          [
            "PAW_PBE",
            "O",
            "08Apr2002"
          ],
          [
            "PAW_PBE",
            "Al",
            "04Jan2001"
          ]
        ]
      }
    ],
    "EnergyStyle": "electronvolt",
    "ForcesStyle": "electronvoltperangstrom",
    "LatticeStyle": "angstrom",
    "PositionsStyle": "angstrom",
    "StressStyle": "kB"
  }
}