{
  "Dataset": {
    "AtomTypeStyle": "chemicalsymbol",
    "Data": [
      {
        "AtomTypes": [
          "Ni",
          "Ni",
          "Ni",
          "Ni",
          "Ni",
          "Ni",
          "Ni",
          "Ni",
          "Ni",
          "Ni",
          "Ni",
          "Ni",
          "Ni",
          "Ni",
          "Ni",
          "Ni",
          "Ni",
          "Ni",
          "Ni",
          "Ni",
          "Ni",
          "Ni",
          "Ni",
          "Ni",
          "Ni",
          "Ni",
          "Ni",
          "Ni",
          "Ni",
          "O",
          "O",
          "O",
          "O",
          "O",
          "O",
          "O",
          "O",
          "O",
          "O",
          "O",
          "O",
          "O",
          "O",
          "O",
          "O",
          "O",
          "O",
          "O",
          "O",
          "O",
          "O",
          "O",
          "O",
          "O",
          "O",
          "O",
          "O",
          "O",
          "O",
          "Al"
        ],
        "Energy": -309.08244565,
        "Forces": [
          [
            -0.062592,
            0.009343,
            0.951219
          ],
          [
            -0.060091,
            0.000568,
            0.975059
          ],
          [
            -0.064641,
            -0.015603,
            0.857525
          ],
          [
            -0.064358,
            9e-05,
            0.760671
          ],
          [
            -0.062486,
            -0.009783,
            0.951107
          ],
          [
            -0.064658,
            0.015652,
            0.856985
          ],
          [
            -0.11813,
            -0.03295,
            -0.792614
          ],
          [
            -0.119259,
            0.030511,
            -0.794537
          ],
          [
            0.139308,
            -0.037832,
            -0.767561
          ],
          [
            0.140603,
            0.035124,
            -0.768637
          ],
          [
            -0.060881,
            0.000801,
            -0.782112
          ],
          [
            0.073673,
            0.000388,
            -0.761105
          ],
          [
            -0.001532,
            0.00211,
            -0.005419
          ],
          [
            -0.005029,
            0.00432,
            -0.004047
          ],
          [
            -0.005805,
            -0.001991,
            0.027527
          ],
          [
            0.001919,
            0.011156,
            0.01584
          ],
          [
            0.001606,
            -0.009204,
            0.016912
          ],
          [
            -0.004765,
            -0.004967,
            -0.003252
          ],
          [
            0.030766,
            0.004975,
            0.001718
          ],
          [
            0.024516,
            0.002181,
            0.015705
          ],
          [
            -0.019807,
            0.016799,
            0.001998
          ],
          [
            -0.024221,
            0.001609,
            0.003098
          ],
          [
            0.032407,
            -0.004893,
            0.003785
          ],
          [
            -0.022065,
            -0.017447,
            0.004504
          ],
          [
            0.007461,
            0.005504,
            0.01357
          ],
          [
            0.00593,
            -0.00808,
            0.015256
          ],
          [
            -0.005114,
            0.008243,
            -0.015764
          ],
          [
            -0.004953,
            -0.007087,
            -0.015055
          ],
          [
            0.204971,
            0.012613,
            -2.3e-05
          ],
          [
            0.070115,
            0.006878,
            0.464641
          ],
          [
            0.079177,
            0.000368,
            0.496075
          ],
          [
            -0.02666,
            0.007567,
            0.467986
          ],
          [
            -0.038499,
            0.000466,
            0.501997
          ],
          [
            0.070318,
            -0.006944,
            0.464957
          ],
          [
            -0.026941,
            -0.007617,
            0.468612
          ],
          [
            0.023739,
            0.026353,
            -0.562204
          ],
          [
            0.023701,
            -0.027895,
            -0.558409
          ],
          [
            0.024211,
            -0.06668,
            -0.666636
          ],
          [
            0.024433,
            0.067165,
            -0.665814
          ],
          [
            0.020585,
            -0.001156,
            -0.544501
          ],
          [
            0.028238,
            -0.00105,
            -0.574486
          ],
          [
            -0.015547,
            -0.0034,
            -0.011951
          ],
          [
            -0.014973,
            0.000255,
            -0.010748
          ],
          [
            0.01414,
            0.004758,
            -0.000484
          ],
          [
            0.009336,
            4.3e-05,
            0.006066
          ],
          [
            -0.01518,
            0.003647,
            -0.012536
          ],
          [
            0.013811,
            -0.004585,
            -0.001409
          ],
          [
            -0.014842,
            0.015907,
            -0.013153
          ],
          [
            -0.014677,
            -0.021654,
            -0.016761
          ],
          [
            -0.00769,
            0.046673,
            0.025669
          ],
          [
            -0.007846,
            -0.043379,
            0.022689
          ],
          [
            -0.002208,
            0.002714,
            0.009565
          ],
          [
            0.001617,
            -0.002675,
            0.013316
          ],
          [
            0.082911,
            0.001094,
            -0.027131
          ],
          [
            -0.009303,
            -0.009786,
            -0.005383
          ],
          [
            0.094142,
            0.001227,
            0.06595
          ],
          [
            0.011406,
            -0.017265,
            0.002643
          ],
          [
            -0.010755,
            0.006853,
            -0.002559
          ],
          [
            0.012254,
            0.014005,
            0.004861
          ],
          [
            -0.291785,
            -0.004037,
            -0.103218
          ]
        ],
        "Lattice": [
          [
            8.33,
            0.0,
            0.0
          ],
          [
            0.0,
            8.839539657,
            0.0
          ],
          [
            0.0,
            0.0,
            21.359563785
          ]
        ],
        "NumAtoms": 60,
        "Positions": [
          [
            0.0,
            0.0,
            0.0
          ],
          [
            0.0,
            2.94648,
            0.0
          ],
          [
            4.165,
            0.0,
            0.0
          ],
          [
            4.165,
            2.94648,
            0.0
          ],
          [
            0.0,
            5.89306,
            0.0
          ],
          [
            4.165,
            5.89306,
            0.0
          ],
          [
            2.0825,
            1.47329,
            1.47381
          ],
          [
            2.0825,
            4.41977,
            1.47381
          ],
          [
            6.2475,
            1.47329,
            1.47381
          ],
          [
            6.2475,
            4.41977,
            1.47381
          ],
          [
            2.0825,
            7.36625,
            1.47381
          ],
          [
            6.2475,
            7.36625,
            1.47381
          ],
          [
            8.32707,
            2.94545,
            2.98007
          ],
          [
            8.32698,
            5.89504,
            2.96035
          ],
          [
            4.16876,
            2.9465,
            2.87283
          ],
          [
            4.16604,
            5.90083,
            2.94079
          ],
          [
            4.16599,
            8.83173,
            2.94083
          ],
          [
            8.32692,
            8.83694,
            2.9602
          ],
          [
            2.06281,
            4.42984,
            4.49224
          ],
          [
            2.07537,
            7.36581,
            4.50332
          ],
          [
            6.2595,
            4.41141,
            4.51537
          ],
          [
            6.25665,
            7.36548,
            4.503
          ],
          [
            2.06111,
            1.46396,
            4.49285
          ],
          [
            6.26074,
            1.48195,
            4.51546
          ],
          [
            0.02155,
            5.83441,
            5.81916
          ],
          [
            0.02113,
            0.05249,
            5.81521
          ],
          [
            4.18985,
            5.90112,
            5.82002
          ],
          [
            4.1899,
            8.83141,
            5.81892
          ],
          [
            0.14824,
            2.95825,
            5.96823
          ],
          [
            2.0825,
            0.0,
            0.0
          ],
          [
            2.0825,
            2.94648,
            0.0
          ],
          [
            6.2475,
            0.0,
            0.0
          ],
          [
            6.2475,
            2.94648,
            0.0
          ],
          [
            2.0825,
            5.89306,
            0.0
          ],
          [
            6.2475,
            5.89306,
            0.0
          ],
          [
            0.0,
            1.47329,
            1.47381
          ],
          [
            0.0,
            4.41977,
            1.47381
          ],
          [
            4.165,
            1.47329,
            1.47381
          ],
          [
            4.165,
            4.41977,
            1.47381
          ],
          [
            0.0,
            7.36625,
            1.47381
          ],
          [
            4.165,
            7.36625,
            1.47381
          ],
          [
            2.08318,
            0.00204,
            2.9625
          ],
          [
            2.08846,
            2.94657,
            2.98073
          ],
          [
            6.24435,
            0.00464,
            2.9661
          ],
          [
            6.24022,
            2.94648,
            2.98366
          ],
          [
            2.0829,
            5.8905,
            2.96261
          ],
          [
            6.24473,
            5.88773,
            2.96641
          ],
          [
            8.32237,
            1.46608,
            4.44163
          ],
          [
            8.32217,
            4.42389,
            4.4422
          ],
          [
            4.15179,
            1.48671,
            4.4299
          ],
          [
            4.1521,
            4.40645,
            4.4295
          ],
          [
            8.32871,
            7.36406,
            4.49878
          ],
          [
            4.16164,
            7.36642,
            4.44614
          ],
          [
            2.38428,
            2.94712,
            5.91787
          ],
          [
            2.11375,
            5.88418,
            5.85558
          ],
          [
            5.87699,
            2.94663,
            5.9256
          ],
          [
            6.22033,
            5.88661,
            5.85895
          ],
          [
            2.11199,
            0.00907,
            5.85534
          ],
          [
            6.22137,
            0.00617,
            5.85829
          ],
          [
            4.14656,
            2.94689,
            5.5769
          ]
        ],
        "Stress": [
          [
            -84.58487,
            0.01787,
            0.84862
          ],
          [
            0.01787,
            -12.88679,
            0.0274
          ],
          [
            0.84862,
            0.0274,
            -34.3218
          ]
        ],
        "computation_code": "VASP",
        "pseudopotential_information": [
          [
            "PAW_PBE",
            "Ni",
            "02Aug2007"
          ],
          [
            "PAW_PBE",
            "O",
            "08Apr2002"
          ],
          [
            "PAW_PBE",
            "Al",
            "04Jan2001"
          ]
        ]
      }
    ],
    "EnergyStyle": "electronvolt",
    "ForcesStyle": "electronvoltperangstrom",
    "LatticeStyle": "angstrom",
    "PositionsStyle": "angstrom",
    "StressStyle": "kB"
  }
}