{
  "Dataset": {
    "AtomTypeStyle": "chemicalsymbol",
    "Data": [
      {
        "AtomTypes": [
          "Ni",
          "Ni",
          "Ni",
          "Ni",
          "Ni",
          "Ni",
          "Ni",
          "Ni",
          "Ni",
          "Ni",
          "Ni",
          "Ni",
          "Ni",
          "Ni",
          "Ni",
          "Ni",
          "Ni",
          "Ni",
          "Ni",
          "Ni",
          "Ni",
          "Ni",
          "Ni",
          "Ni",
          "Ni",
          "Ni",
          "Ni",
          "Ni",
          "Ni",
          "O",
          "O",
          "O",
          "O",
          "O",
          "O",
          "O",
          "O",
          "O",
          "O",
          "O",
          "O",
          "O",
          "O",
          "O",
          "O",
          "O",
          "O",
          "O",
          "O",
          "O",
          "O",
          "O",
          "O",
          "O",
          "O",
          "O",
          "O",
          "O",
          "O",
          "Al"
        ],
        "Energy": -310.09617158,
        "Forces": [
          [
            -0.024033,
            -0.0,
            0.918033
          ],
          [
            -0.023921,
            0.013567,
            0.891659
          ],
          [
            -0.10501,
            -0.0,
            0.938946
          ],
          [
            -0.097708,
            0.034148,
            0.929722
          ],
          [
            -0.023921,
            -0.013567,
            0.891659
          ],
          [
            -0.097708,
            -0.034148,
            0.929722
          ],
          [
            0.030419,
            -0.036599,
            -0.805074
          ],
          [
            0.071397,
            -0.0,
            -0.885362
          ],
          [
            -0.001238,
            -0.003916,
            -0.776414
          ],
          [
            -0.036639,
            -0.0,
            -0.944035
          ],
          [
            0.030419,
            0.036599,
            -0.805074
          ],
          [
            -0.001238,
            0.003916,
            -0.776414
          ],
          [
            0.002682,
            -0.00101,
            0.002594
          ],
          [
            0.002682,
            0.00101,
            0.002594
          ],
          [
            0.000272,
            -0.001367,
            0.003078
          ],
          [
            0.000272,
            0.001367,
            0.003078
          ],
          [
            0.004705,
            -0.0,
            -0.005341
          ],
          [
            -0.001158,
            -0.0,
            0.004674
          ],
          [
            0.013326,
            -0.0,
            0.017366
          ],
          [
            -0.005885,
            -0.003158,
            0.0123
          ],
          [
            0.004071,
            0.025967,
            -0.016924
          ],
          [
            0.008708,
            -0.007949,
            0.002374
          ],
          [
            -0.005885,
            0.003158,
            0.0123
          ],
          [
            0.008708,
            0.007949,
            0.002374
          ],
          [
            -0.004,
            -0.008291,
            -0.010896
          ],
          [
            0.001332,
            -0.0,
            -0.034542
          ],
          [
            0.004071,
            -0.025967,
            -0.016924
          ],
          [
            -0.00367,
            -0.0,
            0.020563
          ],
          [
            -0.004,
            0.008291,
            -0.010896
          ],
          [
            0.002602,
            -0.0,
            0.458179
          ],
          [
            -0.007699,
            -0.011184,
            0.477191
          ],
          [
            0.035153,
            -0.0,
            0.524727
          ],
          [
            0.044363,
            -0.039354,
            0.567126
          ],
          [
            -0.007699,
            0.011184,
            0.477191
          ],
          [
            0.044363,
            0.039354,
            0.567126
          ],
          [
            -0.069496,
            0.032158,
            -0.59052
          ],
          [
            0.025047,
            -0.0,
            -0.621963
          ],
          [
            0.118357,
            0.023511,
            -0.612055
          ],
          [
            0.041089,
            -0.0,
            -0.64101
          ],
          [
            -0.069496,
            -0.032158,
            -0.59052
          ],
          [
            0.118357,
            -0.023511,
            -0.612055
          ],
          [
            0.000683,
            -0.0,
            -0.000762
          ],
          [
            0.000288,
            -0.004584,
            -0.002888
          ],
          [
            0.00112,
            -0.0,
            -0.001423
          ],
          [
            0.002241,
            -0.005291,
            -0.000689
          ],
          [
            0.000288,
            0.004584,
            -0.002888
          ],
          [
            0.002241,
            0.005291,
            -0.000689
          ],
          [
            0.00368,
            0.001413,
            0.020584
          ],
          [
            -0.001795,
            -0.0,
            0.017573
          ],
          [
            -0.00344,
            0.011341,
            4.6e-05
          ],
          [
            -0.005116,
            -0.0,
            0.013489
          ],
          [
            0.00368,
            -0.001413,
            0.020584
          ],
          [
            -0.00344,
            -0.011341,
            4.6e-05
          ],
          [
            0.007715,
            0.002893,
            0.006077
          ],
          [
            0.007715,
            -0.002893,
            0.006077
          ],
          [
            -0.011355,
            0.012239,
            -0.004872
          ],
          [
            -0.011355,
            -0.012239,
            -0.004872
          ],
          [
            -0.01802,
            -0.0,
            -0.00284
          ],
          [
            0.018483,
            -0.0,
            0.004316
          ],
          [
            -0.015604,
            -0.0,
            0.034576
          ]
        ],
        "Lattice": [
          [
            8.33,
            0.0,
            0.0
          ],
          [
            0.0,
            8.839539657,
            0.0
          ],
          [
            0.0,
            0.0,
            21.359563785
          ]
        ],
        "NumAtoms": 60,
        "Positions": [
          [
            0.0,
            0.0,
            0.0
          ],
          [
            0.0,
            2.94648,
            0.0
          ],
          [
            4.165,
            0.0,
            0.0
          ],
          [
            4.165,
            2.94648,
            0.0
          ],
          [
            0.0,
            5.89306,
            0.0
          ],
          [
            4.165,
            5.89306,
            0.0
          ],
          [
            2.0825,
            1.47329,
            1.47381
          ],
          [
            2.0825,
            4.41977,
            1.47381
          ],
          [
            6.2475,
            1.47329,
            1.47381
          ],
          [
            6.2475,
            4.41977,
            1.47381
          ],
          [
            2.0825,
            7.36625,
            1.47381
          ],
          [
            6.2475,
            7.36625,
            1.47381
          ],
          [
            0.00914,
            2.93682,
            2.94169
          ],
          [
            0.00914,
            5.90272,
            2.94169
          ],
          [
            4.1587,
            2.92728,
            2.95833
          ],
          [
            4.1587,
            5.91226,
            2.95833
          ],
          [
            4.16155,
            0.0,
            2.96193
          ],
          [
            0.00191,
            0.0,
            2.95672
          ],
          [
            2.09311,
            4.41977,
            4.45124
          ],
          [
            2.10763,
            7.36542,
            4.49011
          ],
          [
            4.11564,
            3.13224,
            5.95869
          ],
          [
            6.22357,
            7.36039,
            4.50056
          ],
          [
            2.10763,
            1.47412,
            4.49011
          ],
          [
            6.22357,
            1.47915,
            4.50056
          ],
          [
            0.06594,
            5.89381,
            5.89336
          ],
          [
            0.02138,
            0.0,
            5.8708
          ],
          [
            4.11564,
            5.7073,
            5.95869
          ],
          [
            4.18627,
            0.0,
            5.84843
          ],
          [
            0.06594,
            2.94573,
            5.89336
          ],
          [
            2.0825,
            0.0,
            0.0
          ],
          [
            2.0825,
            2.94648,
            0.0
          ],
          [
            6.2475,
            0.0,
            0.0
          ],
          [
            6.2475,
            2.94648,
            0.0
          ],
          [
            2.0825,
            5.89306,
            0.0
          ],
          [
            6.2475,
            5.89306,
            0.0
          ],
          [
            0.0,
            1.47329,
            1.47381
          ],
          [
            0.0,
            4.41977,
            1.47381
          ],
          [
            4.165,
            1.47329,
            1.47381
          ],
          [
            4.165,
            4.41977,
            1.47381
          ],
          [
            0.0,
            7.36625,
            1.47381
          ],
          [
            4.165,
            7.36625,
            1.47381
          ],
          [
            2.06872,
            0.0,
            2.95708
          ],
          [
            2.07841,
            2.9552,
            2.96755
          ],
          [
            6.26112,
            0.0,
            2.95446
          ],
          [
            6.25759,
            3.03854,
            3.03461
          ],
          [
            2.07841,
            5.88434,
            2.96755
          ],
          [
            6.25759,
            5.80099,
            3.03461
          ],
          [
            8.3231,
            1.47725,
            4.44634
          ],
          [
            8.21753,
            4.41977,
            4.40712
          ],
          [
            4.16431,
            1.45687,
            4.43328
          ],
          [
            4.28476,
            4.41977,
            4.3572
          ],
          [
            8.3231,
            7.36228,
            4.44634
          ],
          [
            4.16431,
            7.38267,
            4.43328
          ],
          [
            2.05698,
            2.97341,
            5.85367
          ],
          [
            2.05698,
            5.86613,
            5.85367
          ],
          [
            6.25337,
            3.04721,
            5.76415
          ],
          [
            6.25337,
            5.79233,
            5.76415
          ],
          [
            2.06972,
            0.0,
            5.87731
          ],
          [
            6.25521,
            0.0,
            5.88155
          ],
          [
            6.23334,
            4.41977,
            4.48771
          ]
        ],
        "Stress": [
          [
            -81.10256,
            0.0,
            0.36677
          ],
          [
            0.0,
            -11.71651,
            0.0
          ],
          [
            0.36677,
            0.0,
            -34.60958
          ]
        ],
        "computation_code": "VASP",
        "pseudopotential_information": [
          [
            "PAW_PBE",
            "Ni",
            "02Aug2007"
          ],
          [
            "PAW_PBE",
            "O",
            "08Apr2002"
          ],
          [
            "PAW_PBE",
            "Al",
            "04Jan2001"
          ]
        ]
      }
    ],
    "EnergyStyle": "electronvolt",
    "ForcesStyle": "electronvoltperangstrom",
    "LatticeStyle": "angstrom",
    "PositionsStyle": "angstrom",
    "StressStyle": "kB"
  }
}