{
  "Dataset": {
    "AtomTypeStyle": "chemicalsymbol",
    "Data": [
      {
        "AtomTypes": [
          "Ni",
          "Ni",
          "Ni",
          "Ni",
          "Ni",
          "Ni",
          "Ni",
          "Ni",
          "Ni",
          "Ni",
          "Ni",
          "Ni",
          "Ni",
          "Ni",
          "Ni",
          "Ni",
          "Ni",
          "Ni",
          "Ni",
          "Ni",
          "Ni",
          "Ni",
          "Ni",
          "Ni",
          "Ni",
          "Ni",
          "Ni",
          "Ni",
          "Ni",
          "O",
          "O",
          "O",
          "O",
          "O",
          "O",
          "O",
          "O",
          "O",
          "O",
          "O",
          "O",
          "O",
          "O",
          "O",
          "O",
          "O",
          "O",
          "O",
          "O",
          "O",
          "O",
          "O",
          "O",
          "O",
          "O",
          "O",
          "O",
          "O",
          "O",
          "Al"
        ],
        "Energy": -309.9968922,
        "Forces": [
          [
            -0.022444,
            -0.0,
            0.857715
          ],
          [
            -0.027429,
            0.023734,
            0.849454
          ],
          [
            -0.106448,
            -0.0,
            0.902538
          ],
          [
            -0.092715,
            0.034822,
            0.892153
          ],
          [
            -0.027429,
            -0.023734,
            0.849454
          ],
          [
            -0.092715,
            -0.034822,
            0.892153
          ],
          [
            0.025989,
            -0.026175,
            -0.878261
          ],
          [
            0.033237,
            -0.0,
            -0.941499
          ],
          [
            -0.000618,
            0.037393,
            -0.818826
          ],
          [
            -0.009837,
            -0.0,
            -0.944561
          ],
          [
            0.025989,
            0.026175,
            -0.878261
          ],
          [
            -0.000618,
            -0.037393,
            -0.818826
          ],
          [
            -0.09219,
            0.065864,
            -0.08651
          ],
          [
            -0.09219,
            -0.065864,
            -0.08651
          ],
          [
            0.096716,
            0.037607,
            -0.011359
          ],
          [
            0.096716,
            -0.037607,
            -0.011359
          ],
          [
            -0.015512,
            -0.0,
            -0.040699
          ],
          [
            0.014977,
            -0.0,
            -0.05123
          ],
          [
            0.104498,
            -0.0,
            -0.132415
          ],
          [
            0.078108,
            0.007137,
            -0.086462
          ],
          [
            0.017007,
            0.292245,
            0.078671
          ],
          [
            -0.065099,
            -0.211085,
            -0.119115
          ],
          [
            0.078108,
            -0.007137,
            -0.086462
          ],
          [
            -0.065099,
            0.211085,
            -0.119115
          ],
          [
            0.03587,
            0.249136,
            0.147315
          ],
          [
            0.034512,
            -0.0,
            0.103759
          ],
          [
            0.017007,
            -0.292245,
            0.078671
          ],
          [
            -0.019593,
            -0.0,
            0.078425
          ],
          [
            0.03587,
            -0.249136,
            0.147315
          ],
          [
            0.016486,
            -0.0,
            0.471777
          ],
          [
            0.010105,
            -0.014144,
            0.494254
          ],
          [
            0.022448,
            -0.0,
            0.54683
          ],
          [
            0.027561,
            -0.046161,
            0.577162
          ],
          [
            0.010105,
            0.014144,
            0.494254
          ],
          [
            0.027561,
            0.046161,
            0.577162
          ],
          [
            -0.071558,
            0.020885,
            -0.531851
          ],
          [
            0.034177,
            -0.0,
            -0.559027
          ],
          [
            0.113951,
            0.022958,
            -0.56699
          ],
          [
            0.019883,
            -0.0,
            -0.590749
          ],
          [
            -0.071558,
            -0.020885,
            -0.531851
          ],
          [
            0.113951,
            -0.022958,
            -0.56699
          ],
          [
            -0.040055,
            -0.0,
            0.106805
          ],
          [
            -0.009268,
            -0.014605,
            0.090692
          ],
          [
            0.039495,
            -0.0,
            0.03478
          ],
          [
            0.017653,
            -0.036072,
            0.115871
          ],
          [
            -0.009268,
            0.014605,
            0.090692
          ],
          [
            0.017653,
            0.036072,
            0.115871
          ],
          [
            0.027111,
            -0.041297,
            -0.003655
          ],
          [
            -0.010741,
            -0.0,
            -0.033825
          ],
          [
            -0.031458,
            -0.0542,
            -0.003121
          ],
          [
            0.026394,
            -0.0,
            -0.043378
          ],
          [
            0.027111,
            0.041297,
            -0.003655
          ],
          [
            -0.031458,
            0.0542,
            -0.003121
          ],
          [
            -0.041694,
            0.025406,
            0.025991
          ],
          [
            -0.041694,
            -0.025406,
            0.025991
          ],
          [
            -0.015959,
            0.001879,
            -0.015973
          ],
          [
            -0.015959,
            -0.001879,
            -0.015973
          ],
          [
            -0.04061,
            -0.0,
            0.03025
          ],
          [
            0.052674,
            -0.0,
            0.134329
          ],
          [
            -0.137703,
            -0.0,
            -0.228705
          ]
        ],
        "Lattice": [
          [
            8.33,
            0.0,
            0.0
          ],
          [
            0.0,
            8.839539657,
            0.0
          ],
          [
            0.0,
            0.0,
            21.359563785
          ]
        ],
        "NumAtoms": 60,
        "Positions": [
          [
            0.0,
            0.0,
            0.0
          ],
          [
            0.0,
            2.94648,
            0.0
          ],
          [
            4.165,
            0.0,
            0.0
          ],
          [
            4.165,
            2.94648,
            0.0
          ],
          [
            0.0,
            5.89306,
            0.0
          ],
          [
            4.165,
            5.89306,
            0.0
          ],
          [
            2.0825,
            1.47329,
            1.47381
          ],
          [
            2.0825,
            4.41977,
            1.47381
          ],
          [
            6.2475,
            1.47329,
            1.47381
          ],
          [
            6.2475,
            4.41977,
            1.47381
          ],
          [
            2.0825,
            7.36625,
            1.47381
          ],
          [
            6.2475,
            7.36625,
            1.47381
          ],
          [
            0.01434,
            2.93323,
            2.94457
          ],
          [
            0.01434,
            5.90631,
            2.94457
          ],
          [
            4.15062,
            2.93238,
            2.95351
          ],
          [
            4.15062,
            5.90716,
            2.95351
          ],
          [
            4.16229,
            0.0,
            2.9555
          ],
          [
            0.00084,
            0.0,
            2.95088
          ],
          [
            2.09008,
            4.41977,
            4.46478
          ],
          [
            2.0883,
            7.36751,
            4.48471
          ],
          [
            4.11965,
            3.03203,
            5.91539
          ],
          [
            6.23991,
            7.37352,
            4.49504
          ],
          [
            2.0883,
            1.47202,
            4.48471
          ],
          [
            6.23991,
            1.46602,
            4.49504
          ],
          [
            0.06104,
            5.86233,
            5.9018
          ],
          [
            0.0202,
            0.0,
            5.86324
          ],
          [
            4.11965,
            5.80751,
            5.91539
          ],
          [
            4.18147,
            0.0,
            5.85562
          ],
          [
            0.06104,
            2.97721,
            5.9018
          ],
          [
            2.0825,
            0.0,
            0.0
          ],
          [
            2.0825,
            2.94648,
            0.0
          ],
          [
            6.2475,
            0.0,
            0.0
          ],
          [
            6.2475,
            2.94648,
            0.0
          ],
          [
            2.0825,
            5.89306,
            0.0
          ],
          [
            6.2475,
            5.89306,
            0.0
          ],
          [
            0.0,
            1.47329,
            1.47381
          ],
          [
            0.0,
            4.41977,
            1.47381
          ],
          [
            4.165,
            1.47329,
            1.47381
          ],
          [
            4.165,
            4.41977,
            1.47381
          ],
          [
            0.0,
            7.36625,
            1.47381
          ],
          [
            4.165,
            7.36625,
            1.47381
          ],
          [
            2.07843,
            0.0,
            2.94806
          ],
          [
            2.08115,
            2.95734,
            2.96324
          ],
          [
            6.25068,
            0.0,
            2.95157
          ],
          [
            6.24893,
            3.04036,
            3.03028
          ],
          [
            2.08115,
            5.8822,
            2.96324
          ],
          [
            6.24893,
            5.79918,
            3.03028
          ],
          [
            8.3212,
            1.47569,
            4.44084
          ],
          [
            8.21534,
            4.41977,
            4.40135
          ],
          [
            4.16558,
            1.46567,
            4.43628
          ],
          [
            4.2785,
            4.41977,
            4.39151
          ],
          [
            8.3212,
            7.36385,
            4.44084
          ],
          [
            4.16558,
            7.37387,
            4.43628
          ],
          [
            2.06683,
            2.96213,
            5.84842
          ],
          [
            2.06683,
            5.87741,
            5.84842
          ],
          [
            6.25569,
            3.03884,
            5.76565
          ],
          [
            6.25569,
            5.8007,
            5.76565
          ],
          [
            2.07328,
            0.0,
            5.86923
          ],
          [
            6.24615,
            0.0,
            5.86865
          ],
          [
            6.23635,
            4.41977,
            4.50309
          ]
        ],
        "Stress": [
          [
            -79.22038,
            0.0,
            0.50224
          ],
          [
            0.0,
            -9.94632,
            0.0
          ],
          [
            0.50224,
            0.0,
            -33.07021
          ]
        ],
        "computation_code": "VASP",
        "pseudopotential_information": [
          [
            "PAW_PBE",
            "Ni",
            "02Aug2007"
          ],
          [
            "PAW_PBE",
            "O",
            "08Apr2002"
          ],
          [
            "PAW_PBE",
            "Al",
            "04Jan2001"
          ]
        ]
      }
    ],
    "EnergyStyle": "electronvolt",
    "ForcesStyle": "electronvoltperangstrom",
    "LatticeStyle": "angstrom",
    "PositionsStyle": "angstrom",
    "StressStyle": "kB"
  }
}