{
  "Dataset": {
    "AtomTypeStyle": "chemicalsymbol",
    "Data": [
      {
        "AtomTypes": [
          "Ni",
          "Ni",
          "Ni",
          "Ni",
          "Ni",
          "Ni",
          "Ni",
          "Ni",
          "Ni",
          "Ni",
          "Ni",
          "Ni",
          "Ni",
          "Ni",
          "Ni",
          "Ni",
          "Ni",
          "Ni",
          "Ni",
          "Ni",
          "Ni",
          "Ni",
          "Ni",
          "Ni",
          "Ni",
          "Ni",
          "Ni",
          "Ni",
          "Ni",
          "O",
          "O",
          "O",
          "O",
          "O",
          "O",
          "O",
          "O",
          "O",
          "O",
          "O",
          "O",
          "O",
          "O",
          "O",
          "O",
          "O",
          "O",
          "O",
          "O",
          "O",
          "O",
          "O",
          "O",
          "O",
          "O",
          "O",
          "O",
          "O",
          "O",
          "O",
          "O",
          "Al"
        ],
        "Energy": -320.44325878,
        "Forces": [
          [
            -0.063698,
            0.001686,
            0.904258
          ],
          [
            -0.063419,
            -0.001469,
            0.902598
          ],
          [
            -0.06541,
            0.000809,
            0.867771
          ],
          [
            -0.064778,
            -0.000471,
            0.859782
          ],
          [
            -0.063583,
            -0.000691,
            0.902059
          ],
          [
            -0.064901,
            -0.000484,
            0.875427
          ],
          [
            -0.018186,
            -0.005609,
            -0.944787
          ],
          [
            -0.021301,
            0.002474,
            -0.942143
          ],
          [
            0.040407,
            -0.005372,
            -0.944917
          ],
          [
            0.043686,
            0.00189,
            -0.942158
          ],
          [
            -0.015671,
            0.00223,
            -0.927937
          ],
          [
            0.037613,
            0.002175,
            -0.92625
          ],
          [
            -0.000117,
            0.011947,
            -0.034033
          ],
          [
            -0.003461,
            0.013192,
            -0.145582
          ],
          [
            0.008694,
            -0.033518,
            -0.22347
          ],
          [
            0.005524,
            -0.001872,
            -0.024172
          ],
          [
            0.006971,
            0.019608,
            0.092248
          ],
          [
            -0.001499,
            -0.026175,
            -0.383374
          ],
          [
            -0.012831,
            -0.023421,
            0.273209
          ],
          [
            0.367946,
            -0.02275,
            0.153328
          ],
          [
            -0.007623,
            -0.002417,
            0.281104
          ],
          [
            -0.399443,
            -0.029766,
            0.170728
          ],
          [
            0.302264,
            0.067175,
            0.18036
          ],
          [
            -0.314629,
            0.069353,
            0.176813
          ],
          [
            0.038023,
            -0.267604,
            0.891339
          ],
          [
            0.051045,
            0.074518,
            1.926054
          ],
          [
            0.033271,
            0.018173,
            0.38872
          ],
          [
            0.064694,
            -0.092982,
            -0.745222
          ],
          [
            0.041767,
            0.159886,
            -0.541405
          ],
          [
            0.039273,
            -0.003474,
            0.454488
          ],
          [
            0.037834,
            0.00185,
            0.454878
          ],
          [
            0.003702,
            -0.003196,
            0.45685
          ],
          [
            0.004419,
            0.001629,
            0.457107
          ],
          [
            0.038951,
            0.000972,
            0.453631
          ],
          [
            0.003375,
            0.001218,
            0.455329
          ],
          [
            0.025236,
            0.00111,
            -0.572666
          ],
          [
            0.02574,
            0.003998,
            -0.583115
          ],
          [
            0.029121,
            -0.014724,
            -0.518713
          ],
          [
            0.027894,
            0.027912,
            -0.543354
          ],
          [
            0.023673,
            -0.004712,
            -0.591868
          ],
          [
            0.025832,
            -0.020377,
            -0.581386
          ],
          [
            0.046807,
            0.022885,
            0.083467
          ],
          [
            0.015256,
            0.012613,
            0.076977
          ],
          [
            -0.046899,
            0.023797,
            0.073033
          ],
          [
            -0.012479,
            0.010006,
            0.070173
          ],
          [
            0.051342,
            -0.033938,
            0.050344
          ],
          [
            -0.053729,
            -0.035204,
            0.038085
          ],
          [
            -0.015162,
            0.661541,
            -0.313522
          ],
          [
            -0.008632,
            -0.466965,
            -0.103659
          ],
          [
            -0.019217,
            0.365977,
            1.135307
          ],
          [
            -0.020181,
            -0.464044,
            0.627581
          ],
          [
            -0.011088,
            -0.195725,
            -0.800795
          ],
          [
            -0.021245,
            0.249672,
            0.209959
          ],
          [
            0.578394,
            -0.101691,
            -0.42728
          ],
          [
            0.041408,
            0.05318,
            -0.465298
          ],
          [
            -0.620996,
            -0.10868,
            -0.442814
          ],
          [
            -0.064869,
            0.053926,
            -0.489437
          ],
          [
            1.105801,
            0.015396,
            -0.214995
          ],
          [
            -1.140525,
            0.022226,
            -0.211809
          ],
          [
            0.010277,
            1.04543,
            0.216163
          ],
          [
            0.010824,
            -1.607447,
            -0.03582
          ],
          [
            0.028504,
            0.554327,
            -0.537188
          ]
        ],
        "Lattice": [
          [
            8.33,
            0.0,
            0.0
          ],
          [
            0.0,
            8.839539657,
            0.0
          ],
          [
            0.0,
            0.0,
            21.359563785
          ]
        ],
        "NumAtoms": 62,
        "Positions": [
          [
            0.0,
            0.0,
            0.0
          ],
          [
            0.0,
            2.94648,
            0.0
          ],
          [
            4.165,
            0.0,
            0.0
          ],
          [
            4.165,
            2.94648,
            0.0
          ],
          [
            0.0,
            5.89306,
            0.0
          ],
          [
            4.165,
            5.89306,
            0.0
          ],
          [
            2.0825,
            1.47329,
            1.47381
          ],
          [
            2.0825,
            4.41977,
            1.47381
          ],
          [
            6.2475,
            1.47329,
            1.47381
          ],
          [
            6.2475,
            4.41977,
            1.47381
          ],
          [
            2.0825,
            7.36625,
            1.47381
          ],
          [
            6.2475,
            7.36625,
            1.47381
          ],
          [
            0.00021,
            2.94765,
            2.94611
          ],
          [
            0.00018,
            5.89411,
            2.94608
          ],
          [
            4.16494,
            2.95144,
            2.93165
          ],
          [
            4.16485,
            5.89725,
            2.94518
          ],
          [
            4.16496,
            -0.00941,
            2.93659
          ],
          [
            0.00012,
            -0.00213,
            2.94695
          ],
          [
            2.07755,
            4.43022,
            4.4588
          ],
          [
            2.07866,
            7.35928,
            4.4607
          ],
          [
            6.25235,
            4.43059,
            4.45671
          ],
          [
            6.25042,
            7.36015,
            4.45973
          ],
          [
            2.06687,
            1.46946,
            4.45193
          ],
          [
            6.26286,
            1.4693,
            4.45088
          ],
          [
            0.00414,
            5.89632,
            5.87653
          ],
          [
            0.00304,
            -0.00229,
            5.85942
          ],
          [
            4.16349,
            5.92415,
            5.84998
          ],
          [
            4.16796,
            -0.02331,
            5.89812
          ],
          [
            0.00328,
            2.94435,
            5.85351
          ],
          [
            2.0825,
            0.0,
            0.0
          ],
          [
            2.0825,
            2.94648,
            0.0
          ],
          [
            6.2475,
            0.0,
            0.0
          ],
          [
            6.2475,
            2.94648,
            0.0
          ],
          [
            2.0825,
            5.89306,
            0.0
          ],
          [
            6.2475,
            5.89306,
            0.0
          ],
          [
            0.0,
            1.47329,
            1.47381
          ],
          [
            0.0,
            4.41977,
            1.47381
          ],
          [
            4.165,
            1.47329,
            1.47381
          ],
          [
            4.165,
            4.41977,
            1.47381
          ],
          [
            0.0,
            7.36625,
            1.47381
          ],
          [
            4.165,
            7.36625,
            1.47381
          ],
          [
            2.08375,
            0.00309,
            2.94645
          ],
          [
            2.0844,
            2.94513,
            2.94739
          ],
          [
            6.24611,
            0.0029,
            2.94706
          ],
          [
            6.24562,
            2.94497,
            2.94829
          ],
          [
            2.08336,
            5.89143,
            2.9442
          ],
          [
            6.24648,
            5.89143,
            2.94501
          ],
          [
            -0.00151,
            1.4749,
            4.44404
          ],
          [
            -0.00129,
            4.40784,
            4.43622
          ],
          [
            4.16469,
            1.52411,
            4.47979
          ],
          [
            4.1647,
            4.36809,
            4.46423
          ],
          [
            -0.00176,
            7.37592,
            4.43336
          ],
          [
            4.16506,
            7.36742,
            4.41986
          ],
          [
            2.11625,
            2.93158,
            5.85676
          ],
          [
            2.0486,
            5.89862,
            5.84943
          ],
          [
            6.21045,
            2.93147,
            5.85662
          ],
          [
            6.2787,
            5.89877,
            5.85005
          ],
          [
            2.07216,
            0.00552,
            5.87073
          ],
          [
            6.25607,
            0.00568,
            5.8706
          ],
          [
            4.16742,
            5.05424,
            7.53669
          ],
          [
            4.16626,
            3.73992,
            7.53813
          ],
          [
            4.16495,
            2.98678,
            5.79384
          ]
        ],
        "Stress": [
          [
            -82.23795,
            0.02953,
            0.76389
          ],
          [
            0.02953,
            -5.40901,
            -1.22653
          ],
          [
            0.76389,
            -1.22653,
            -32.78412
          ]
        ],
        "computation_code": "VASP",
        "pseudopotential_information": [
          [
            "PAW_PBE",
            "Ni",
            "02Aug2007"
          ],
          [
            "PAW_PBE",
            "O",
            "08Apr2002"
          ],
          [
            "PAW_PBE",
            "Al",
            "04Jan2001"
          ]
        ]
      }
    ],
    "EnergyStyle": "electronvolt",
    "ForcesStyle": "electronvoltperangstrom",
    "LatticeStyle": "angstrom",
    "PositionsStyle": "angstrom",
    "StressStyle": "kB"
  }
}