{
  "Dataset": {
    "AtomTypeStyle": "chemicalsymbol",
    "Data": [
      {
        "AtomTypes": [
          "Ni",
          "Ni",
          "Ni",
          "Ni",
          "Ni",
          "Ni",
          "Ni",
          "Ni",
          "Ni",
          "Ni",
          "Ni",
          "Ni",
          "Ni",
          "Ni",
          "Ni",
          "Ni",
          "Ni",
          "Ni",
          "Ni",
          "Ni",
          "Ni",
          "Ni",
          "Ni",
          "Ni",
          "Ni",
          "Ni",
          "Ni",
          "Ni",
          "Ni",
          "O",
          "O",
          "O",
          "O",
          "O",
          "O",
          "O",
          "O",
          "O",
          "O",
          "O",
          "O",
          "O",
          "O",
          "O",
          "O",
          "O",
          "O",
          "O",
          "O",
          "O",
          "O",
          "O",
          "O",
          "O",
          "O",
          "O",
          "O",
          "O",
          "O",
          "O",
          "O",
          "Al"
        ],
        "Energy": -320.7932885,
        "Forces": [
          [
            -0.062799,
            -0.004261,
            0.889447
          ],
          [
            -0.063339,
            0.00601,
            0.884988
          ],
          [
            -0.062759,
            -0.009918,
            0.90187
          ],
          [
            -0.063047,
            0.009827,
            0.871671
          ],
          [
            -0.063389,
            -0.002563,
            0.899333
          ],
          [
            -0.062487,
            -0.00066,
            0.923507
          ],
          [
            0.021729,
            0.005043,
            -0.846948
          ],
          [
            0.018492,
            0.028176,
            -0.845736
          ],
          [
            0.000259,
            0.005229,
            -0.857262
          ],
          [
            0.005019,
            0.026743,
            -0.854561
          ],
          [
            0.031805,
            0.005177,
            -0.812984
          ],
          [
            -0.009293,
            0.005974,
            -0.82265
          ],
          [
            0.000163,
            0.000892,
            0.004941
          ],
          [
            0.000314,
            0.001387,
            0.000545
          ],
          [
            -0.00018,
            0.001283,
            0.003714
          ],
          [
            -6e-06,
            0.000298,
            0.006191
          ],
          [
            7e-06,
            -0.002556,
            -0.002016
          ],
          [
            0.000344,
            -0.000142,
            0.004539
          ],
          [
            0.002762,
            -0.0001,
            0.003562
          ],
          [
            0.001372,
            -0.000775,
            0.002642
          ],
          [
            -0.000824,
            0.000364,
            0.003414
          ],
          [
            0.001021,
            -0.00119,
            0.001551
          ],
          [
            -0.006582,
            0.000723,
            -0.000855
          ],
          [
            0.009542,
            0.001664,
            -0.001982
          ],
          [
            0.00094,
            -0.001886,
            0.040678
          ],
          [
            0.001682,
            0.008052,
            0.007629
          ],
          [
            3e-05,
            -0.013653,
            0.013598
          ],
          [
            0.001804,
            -0.005938,
            0.039254
          ],
          [
            0.005111,
            -0.000141,
            0.00022
          ],
          [
            0.027174,
            -0.004626,
            0.468705
          ],
          [
            0.025714,
            -0.004712,
            0.451838
          ],
          [
            0.016631,
            -0.004138,
            0.468532
          ],
          [
            0.017796,
            -0.005098,
            0.452628
          ],
          [
            0.027051,
            0.004017,
            0.457098
          ],
          [
            0.016681,
            0.004389,
            0.455798
          ],
          [
            0.025575,
            -0.010329,
            -0.554048
          ],
          [
            0.027249,
            0.01729,
            -0.573651
          ],
          [
            0.027525,
            -0.034622,
            -0.422158
          ],
          [
            0.026509,
            0.041567,
            -0.478261
          ],
          [
            0.023639,
            0.023693,
            -0.585287
          ],
          [
            0.025248,
            -0.003712,
            -0.479954
          ],
          [
            0.000944,
            -0.003704,
            -0.003994
          ],
          [
            0.001494,
            -0.000872,
            -0.004285
          ],
          [
            8.9e-05,
            -0.002614,
            -0.002406
          ],
          [
            -0.000258,
            -0.000878,
            -0.003921
          ],
          [
            0.002547,
            0.000265,
            -0.005033
          ],
          [
            -0.001513,
            -8.9e-05,
            -0.003771
          ],
          [
            0.000273,
            -0.000781,
            -0.005327
          ],
          [
            0.000685,
            -0.010564,
            -0.012487
          ],
          [
            0.001008,
            0.002139,
            -0.023812
          ],
          [
            0.000791,
            -0.005134,
            -0.011176
          ],
          [
            -0.00024,
            0.004878,
            -0.016473
          ],
          [
            0.000636,
            -0.012371,
            -0.008615
          ],
          [
            -0.003061,
            -0.005316,
            -0.005799
          ],
          [
            0.014707,
            -0.002314,
            -0.003846
          ],
          [
            0.005749,
            -0.004657,
            -0.006721
          ],
          [
            -0.014963,
            -0.00153,
            -0.004199
          ],
          [
            -0.008028,
            -0.00052,
            -0.001213
          ],
          [
            0.010156,
            -0.000695,
            -0.001967
          ],
          [
            -0.002832,
            -0.01831,
            -0.005319
          ],
          [
            -0.001305,
            -0.026419,
            -0.001723
          ],
          [
            -0.001357,
            0.002711,
            0.012552
          ]
        ],
        "Lattice": [
          [
            8.33,
            0.0,
            0.0
          ],
          [
            0.0,
            8.839539657,
            0.0
          ],
          [
            0.0,
            0.0,
            21.359563785
          ]
        ],
        "NumAtoms": 62,
        "Positions": [
          [
            0.0,
            0.0,
            0.0
          ],
          [
            0.0,
            2.94648,
            0.0
          ],
          [
            4.165,
            0.0,
            0.0
          ],
          [
            4.165,
            2.94648,
            0.0
          ],
          [
            0.0,
            5.89306,
            0.0
          ],
          [
            4.165,
            5.89306,
            0.0
          ],
          [
            2.0825,
            1.47329,
            1.47381
          ],
          [
            2.0825,
            4.41977,
            1.47381
          ],
          [
            6.2475,
            1.47329,
            1.47381
          ],
          [
            6.2475,
            4.41977,
            1.47381
          ],
          [
            2.0825,
            7.36625,
            1.47381
          ],
          [
            6.2475,
            7.36625,
            1.47381
          ],
          [
            0.00033,
            2.94875,
            2.93707
          ],
          [
            -1e-05,
            5.89849,
            2.94799
          ],
          [
            4.16504,
            2.95212,
            2.93036
          ],
          [
            4.1644,
            5.90149,
            2.97284
          ],
          [
            4.16478,
            -0.00998,
            2.95466
          ],
          [
            0.0001,
            0.00171,
            2.94295
          ],
          [
            2.07507,
            4.4505,
            4.47641
          ],
          [
            2.07976,
            7.37072,
            4.49632
          ],
          [
            6.25341,
            4.44875,
            4.47619
          ],
          [
            6.24906,
            7.36906,
            4.48972
          ],
          [
            2.08281,
            1.46513,
            4.48174
          ],
          [
            6.24955,
            1.47081,
            4.47874
          ],
          [
            0.00686,
            5.91715,
            5.89859
          ],
          [
            0.0177,
            -0.00219,
            5.80581
          ],
          [
            4.16788,
            5.88702,
            5.98052
          ],
          [
            4.19934,
            -0.02777,
            5.89039
          ],
          [
            0.0394,
            2.94766,
            5.79712
          ],
          [
            2.0825,
            0.0,
            0.0
          ],
          [
            2.0825,
            2.94648,
            0.0
          ],
          [
            6.2475,
            0.0,
            0.0
          ],
          [
            6.2475,
            2.94648,
            0.0
          ],
          [
            2.0825,
            5.89306,
            0.0
          ],
          [
            6.2475,
            5.89306,
            0.0
          ],
          [
            0.0,
            1.47329,
            1.47381
          ],
          [
            0.0,
            4.41977,
            1.47381
          ],
          [
            4.165,
            1.47329,
            1.47381
          ],
          [
            4.165,
            4.41977,
            1.47381
          ],
          [
            0.0,
            7.36625,
            1.47381
          ],
          [
            4.165,
            7.36625,
            1.47381
          ],
          [
            2.10205,
            0.00873,
            2.96317
          ],
          [
            2.098,
            2.9478,
            2.95489
          ],
          [
            6.22698,
            0.00922,
            2.96243
          ],
          [
            6.23148,
            2.9478,
            2.95479
          ],
          [
            2.09149,
            5.89561,
            2.95549
          ],
          [
            6.23764,
            5.8943,
            2.9541
          ],
          [
            -0.00465,
            1.48427,
            4.44704
          ],
          [
            -0.00403,
            4.39789,
            4.43362
          ],
          [
            4.15848,
            1.55923,
            4.60244
          ],
          [
            4.15885,
            4.39546,
            4.53005
          ],
          [
            -0.00348,
            7.39225,
            4.40944
          ],
          [
            4.16203,
            7.35561,
            4.48589
          ],
          [
            2.1686,
            2.94927,
            5.81067
          ],
          [
            2.01611,
            5.9102,
            5.84497
          ],
          [
            6.1387,
            2.9473,
            5.80693
          ],
          [
            6.30785,
            5.91209,
            5.83861
          ],
          [
            2.0479,
            0.0093,
            5.86534
          ],
          [
            6.27858,
            0.00956,
            5.86101
          ],
          [
            4.17364,
            4.8985,
            7.64766
          ],
          [
            4.16706,
            3.55006,
            7.58201
          ],
          [
            4.17619,
            3.03182,
            5.77502
          ]
        ],
        "Stress": [
          [
            -86.86402,
            0.01305,
            0.54581
          ],
          [
            0.01305,
            -10.17052,
            -0.41499
          ],
          [
            0.54581,
            -0.41499,
            -35.35644
          ]
        ],
        "computation_code": "VASP",
        "pseudopotential_information": [
          [
            "PAW_PBE",
            "Ni",
            "02Aug2007"
          ],
          [
            "PAW_PBE",
            "O",
            "08Apr2002"
          ],
          [
            "PAW_PBE",
            "Al",
            "04Jan2001"
          ]
        ]
      }
    ],
    "EnergyStyle": "electronvolt",
    "ForcesStyle": "electronvoltperangstrom",
    "LatticeStyle": "angstrom",
    "PositionsStyle": "angstrom",
    "StressStyle": "kB"
  }
}