{
  "Dataset": {
    "AtomTypeStyle": "chemicalsymbol",
    "Data": [
      {
        "AtomTypes": [
          "Ni",
          "Ni",
          "Ni",
          "Ni",
          "Ni",
          "Ni",
          "Ni",
          "Ni",
          "Ni",
          "Ni",
          "Ni",
          "Ni",
          "Ni",
          "Ni",
          "Ni",
          "Ni",
          "Ni",
          "Ni",
          "Ni",
          "Ni",
          "Ni",
          "Ni",
          "Ni",
          "Ni",
          "Ni",
          "Ni",
          "Ni",
          "Ni",
          "Ni",
          "O",
          "O",
          "O",
          "O",
          "O",
          "O",
          "O",
          "O",
          "O",
          "O",
          "O",
          "O",
          "O",
          "O",
          "O",
          "O",
          "O",
          "O",
          "O",
          "O",
          "O",
          "O",
          "O",
          "O",
          "O",
          "O",
          "O",
          "O",
          "O",
          "O",
          "O",
          "O",
          "Al"
        ],
        "Energy": -320.79119918,
        "Forces": [
          [
            -0.062187,
            -0.002415,
            0.890296
          ],
          [
            -0.06282,
            0.007015,
            0.886581
          ],
          [
            -0.062308,
            -0.008156,
            0.902473
          ],
          [
            -0.062501,
            0.011033,
            0.873336
          ],
          [
            -0.062797,
            -0.001694,
            0.899067
          ],
          [
            -0.062071,
            0.000282,
            0.924401
          ],
          [
            0.022653,
            0.007774,
            -0.85276
          ],
          [
            0.020106,
            0.028442,
            -0.850958
          ],
          [
            -0.000253,
            0.00816,
            -0.862256
          ],
          [
            0.003781,
            0.026503,
            -0.85903
          ],
          [
            0.033168,
            0.008576,
            -0.818981
          ],
          [
            -0.010442,
            0.009251,
            -0.82739
          ],
          [
            -0.000365,
            -0.006084,
            -0.053958
          ],
          [
            -0.0009,
            -0.005785,
            -0.025547
          ],
          [
            0.003684,
            -0.007891,
            -0.001704
          ],
          [
            0.002483,
            -0.00629,
            -0.022138
          ],
          [
            0.000971,
            0.016466,
            0.005716
          ],
          [
            -0.000328,
            -0.001117,
            -0.022142
          ],
          [
            0.047631,
            0.004975,
            -0.048691
          ],
          [
            -0.000979,
            0.002926,
            -0.029958
          ],
          [
            -0.042743,
            -0.000803,
            -0.04355
          ],
          [
            -0.003791,
            0.002805,
            -0.027607
          ],
          [
            0.046672,
            -0.02836,
            -0.019865
          ],
          [
            -0.049974,
            -0.02346,
            -0.013567
          ],
          [
            0.000689,
            0.020836,
            -0.003394
          ],
          [
            -0.007844,
            -0.037811,
            -0.012661
          ],
          [
            0.000703,
            0.009517,
            -0.042721
          ],
          [
            -0.009077,
            0.008029,
            -0.071763
          ],
          [
            -0.015608,
            -0.021188,
            0.158969
          ],
          [
            0.027094,
            -0.003421,
            0.468765
          ],
          [
            0.025628,
            -0.003446,
            0.452205
          ],
          [
            0.017858,
            -0.003118,
            0.468968
          ],
          [
            0.019003,
            -0.003833,
            0.452882
          ],
          [
            0.027045,
            0.005273,
            0.456481
          ],
          [
            0.01786,
            0.005854,
            0.45552
          ],
          [
            0.025918,
            -0.009209,
            -0.549611
          ],
          [
            0.027554,
            0.019941,
            -0.57017
          ],
          [
            0.027795,
            -0.032053,
            -0.420443
          ],
          [
            0.02681,
            0.041807,
            -0.47897
          ],
          [
            0.023379,
            0.024602,
            -0.580902
          ],
          [
            0.025935,
            -0.000466,
            -0.483318
          ],
          [
            -0.004932,
            -0.0109,
            0.014402
          ],
          [
            -0.002461,
            0.005877,
            0.017581
          ],
          [
            0.006785,
            -0.010846,
            0.012197
          ],
          [
            0.004316,
            0.005965,
            0.015959
          ],
          [
            -0.011117,
            0.001454,
            0.013798
          ],
          [
            0.012372,
            0.002301,
            0.011988
          ],
          [
            0.005889,
            -0.023643,
            0.002609
          ],
          [
            0.00451,
            0.02428,
            0.003946
          ],
          [
            0.001236,
            -0.0115,
            0.026009
          ],
          [
            0.002384,
            -0.011792,
            0.028937
          ],
          [
            0.005888,
            0.017713,
            0.037981
          ],
          [
            0.00268,
            0.013192,
            0.043902
          ],
          [
            0.04763,
            0.011147,
            0.013053
          ],
          [
            -0.004489,
            0.002466,
            0.027612
          ],
          [
            -0.042253,
            0.013458,
            0.014167
          ],
          [
            0.007173,
            0.003542,
            0.029882
          ],
          [
            0.005409,
            -0.013003,
            0.020493
          ],
          [
            -0.000805,
            -0.012668,
            0.023096
          ],
          [
            -0.003076,
            0.046374,
            0.002927
          ],
          [
            0.000521,
            -0.091722,
            0.003081
          ],
          [
            0.004907,
            -0.025162,
            -0.065225
          ]
        ],
        "Lattice": [
          [
            8.33,
            0.0,
            0.0
          ],
          [
            0.0,
            8.839539657,
            0.0
          ],
          [
            0.0,
            0.0,
            21.359563785
          ]
        ],
        "NumAtoms": 62,
        "Positions": [
          [
            0.0,
            0.0,
            0.0
          ],
          [
            0.0,
            2.94648,
            0.0
          ],
          [
            4.165,
            0.0,
            0.0
          ],
          [
            4.165,
            2.94648,
            0.0
          ],
          [
            0.0,
            5.89306,
            0.0
          ],
          [
            4.165,
            5.89306,
            0.0
          ],
          [
            2.0825,
            1.47329,
            1.47381
          ],
          [
            2.0825,
            4.41977,
            1.47381
          ],
          [
            6.2475,
            1.47329,
            1.47381
          ],
          [
            6.2475,
            4.41977,
            1.47381
          ],
          [
            2.0825,
            7.36625,
            1.47381
          ],
          [
            6.2475,
            7.36625,
            1.47381
          ],
          [
            0.00026,
            2.94873,
            2.93787
          ],
          [
            -7e-05,
            5.89856,
            2.94788
          ],
          [
            4.16482,
            2.95273,
            2.93078
          ],
          [
            4.1642,
            5.90201,
            2.97262
          ],
          [
            4.16461,
            -0.01022,
            2.95431
          ],
          [
            -2e-05,
            0.00157,
            2.94347
          ],
          [
            2.07395,
            4.45092,
            4.47723
          ],
          [
            2.07986,
            7.37107,
            4.4963
          ],
          [
            6.25405,
            4.44924,
            4.47683
          ],
          [
            6.24889,
            7.36934,
            4.48977
          ],
          [
            2.08117,
            1.46581,
            4.48217
          ],
          [
            6.25061,
            1.4711,
            4.479
          ],
          [
            0.00698,
            5.91608,
            5.89749
          ],
          [
            0.01742,
            -0.00253,
            5.80616
          ],
          [
            4.16772,
            5.89001,
            5.97876
          ],
          [
            4.19839,
            -0.02714,
            5.89083
          ],
          [
            0.03726,
            2.94842,
            5.79559
          ],
          [
            2.0825,
            0.0,
            0.0
          ],
          [
            2.0825,
            2.94648,
            0.0
          ],
          [
            6.2475,
            0.0,
            0.0
          ],
          [
            6.2475,
            2.94648,
            0.0
          ],
          [
            2.0825,
            5.89306,
            0.0
          ],
          [
            6.2475,
            5.89306,
            0.0
          ],
          [
            0.0,
            1.47329,
            1.47381
          ],
          [
            0.0,
            4.41977,
            1.47381
          ],
          [
            4.165,
            1.47329,
            1.47381
          ],
          [
            4.165,
            4.41977,
            1.47381
          ],
          [
            0.0,
            7.36625,
            1.47381
          ],
          [
            4.165,
            7.36625,
            1.47381
          ],
          [
            2.10236,
            0.00963,
            2.96213
          ],
          [
            2.09778,
            2.9476,
            2.95393
          ],
          [
            6.22637,
            0.01018,
            2.96166
          ],
          [
            6.23145,
            2.94756,
            2.95392
          ],
          [
            2.09322,
            5.89574,
            2.95395
          ],
          [
            6.23568,
            5.89429,
            2.9528
          ],
          [
            -0.0052,
            1.48299,
            4.44507
          ],
          [
            -0.00436,
            4.3984,
            4.4297
          ],
          [
            4.1583,
            1.56175,
            4.60174
          ],
          [
            4.15855,
            4.39557,
            4.52923
          ],
          [
            -0.00392,
            7.3905,
            4.40629
          ],
          [
            4.16184,
            7.35638,
            4.48224
          ],
          [
            2.16628,
            2.94841,
            5.81111
          ],
          [
            2.01669,
            5.91046,
            5.8417
          ],
          [
            6.14101,
            2.94608,
            5.80701
          ],
          [
            6.30715,
            5.91202,
            5.83514
          ],
          [
            2.0494,
            0.01057,
            5.86357
          ],
          [
            6.27674,
            0.0107,
            5.85902
          ],
          [
            4.17435,
            4.90725,
            7.64585
          ],
          [
            4.16737,
            3.5605,
            7.58206
          ],
          [
            4.175,
            3.03407,
            5.77853
          ]
        ],
        "Stress": [
          [
            -86.79051,
            0.01618,
            0.55907
          ],
          [
            0.01618,
            -9.97762,
            -0.45005
          ],
          [
            0.55907,
            -0.45005,
            -35.1608
          ]
        ],
        "computation_code": "VASP",
        "pseudopotential_information": [
          [
            "PAW_PBE",
            "Ni",
            "02Aug2007"
          ],
          [
            "PAW_PBE",
            "O",
            "08Apr2002"
          ],
          [
            "PAW_PBE",
            "Al",
            "04Jan2001"
          ]
        ]
      }
    ],
    "EnergyStyle": "electronvolt",
    "ForcesStyle": "electronvoltperangstrom",
    "LatticeStyle": "angstrom",
    "PositionsStyle": "angstrom",
    "StressStyle": "kB"
  }
}