{
  "Dataset": {
    "AtomTypeStyle": "chemicalsymbol",
    "Data": [
      {
        "AtomTypes": [
          "Ni",
          "Ni",
          "Ni",
          "Ni",
          "Ni",
          "Ni",
          "Ni",
          "Ni",
          "Ni",
          "Ni",
          "Ni",
          "Ni",
          "Ni",
          "Ni",
          "Ni",
          "Ni",
          "Ni",
          "Ni",
          "Ni",
          "Ni",
          "Ni",
          "Ni",
          "Ni",
          "Ni",
          "Ni",
          "Ni",
          "Ni",
          "Ni",
          "Ni",
          "O",
          "O",
          "O",
          "O",
          "O",
          "O",
          "O",
          "O",
          "O",
          "O",
          "O",
          "O",
          "O",
          "O",
          "O",
          "O",
          "O",
          "O",
          "O",
          "O",
          "O",
          "O",
          "O",
          "O",
          "O",
          "O",
          "O",
          "O",
          "O",
          "O",
          "O",
          "O",
          "Al"
        ],
        "Energy": -320.79391593,
        "Forces": [
          [
            -0.062538,
            -0.005059,
            0.890317
          ],
          [
            -0.063114,
            0.005629,
            0.886109
          ],
          [
            -0.062506,
            -0.010333,
            0.902989
          ],
          [
            -0.062794,
            0.00924,
            0.871904
          ],
          [
            -0.063118,
            -0.002879,
            0.900808
          ],
          [
            -0.06223,
            -0.001152,
            0.92451
          ],
          [
            0.022379,
            0.002852,
            -0.846356
          ],
          [
            0.018818,
            0.02753,
            -0.845838
          ],
          [
            0.001016,
            0.003094,
            -0.856175
          ],
          [
            0.006087,
            0.02616,
            -0.854225
          ],
          [
            0.032218,
            0.003379,
            -0.81304
          ],
          [
            -0.008302,
            0.004486,
            -0.822212
          ],
          [
            9.6e-05,
            -0.001161,
            -0.003771
          ],
          [
            0.000285,
            -0.001486,
            -0.000189
          ],
          [
            0.000516,
            -0.001014,
            -0.002736
          ],
          [
            0.000319,
            -5.5e-05,
            -0.003528
          ],
          [
            0.000235,
            -0.000234,
            -0.003211
          ],
          [
            0.000172,
            -0.001686,
            -0.000521
          ],
          [
            -0.003035,
            -0.001106,
            -0.000603
          ],
          [
            -0.003105,
            -0.001968,
            -0.001801
          ],
          [
            0.002504,
            -0.002422,
            0.000128
          ],
          [
            0.003179,
            -0.002226,
            -0.002055
          ],
          [
            0.000755,
            0.000699,
            -0.003659
          ],
          [
            -0.000446,
            0.000606,
            -0.003427
          ],
          [
            -0.000235,
            -0.000363,
            -0.031902
          ],
          [
            0.00014,
            -0.009615,
            -0.005467
          ],
          [
            -1.9e-05,
            0.005192,
            -0.009371
          ],
          [
            -0.001289,
            0.002314,
            0.00716
          ],
          [
            -0.00407,
            0.002235,
            0.007746
          ],
          [
            0.027512,
            -0.004605,
            0.468871
          ],
          [
            0.02609,
            -0.005305,
            0.451987
          ],
          [
            0.016698,
            -0.004204,
            0.468792
          ],
          [
            0.017803,
            -0.005688,
            0.452709
          ],
          [
            0.027269,
            0.003379,
            0.457264
          ],
          [
            0.01688,
            0.003787,
            0.456083
          ],
          [
            0.026176,
            -0.010873,
            -0.550343
          ],
          [
            0.02776,
            0.016941,
            -0.56907
          ],
          [
            0.027966,
            -0.037468,
            -0.420958
          ],
          [
            0.027054,
            0.04268,
            -0.475939
          ],
          [
            0.024019,
            0.022436,
            -0.581968
          ],
          [
            0.025997,
            -0.005748,
            -0.474472
          ],
          [
            0.001264,
            -0.000218,
            0.002275
          ],
          [
            -0.000248,
            -0.002407,
            0.000628
          ],
          [
            0.000219,
            0.00011,
            0.002881
          ],
          [
            0.002065,
            -0.002101,
            0.000469
          ],
          [
            0.004249,
            -0.001185,
            0.002646
          ],
          [
            -0.002401,
            -0.001442,
            0.002988
          ],
          [
            0.001046,
            -0.007627,
            -0.002096
          ],
          [
            0.001048,
            0.013646,
            0.003855
          ],
          [
            0.000942,
            -0.000122,
            -0.002748
          ],
          [
            0.000301,
            -0.002579,
            0.000764
          ],
          [
            0.000467,
            -0.010308,
            0.011167
          ],
          [
            0.00055,
            -0.009589,
            -0.000777
          ],
          [
            0.002701,
            -0.005697,
            0.000252
          ],
          [
            -0.006705,
            -0.004296,
            0.001383
          ],
          [
            0.000468,
            -0.005473,
            -5.1e-05
          ],
          [
            0.008473,
            -0.003688,
            0.001312
          ],
          [
            0.0013,
            0.001277,
            0.00118
          ],
          [
            0.001372,
            0.001461,
            0.000777
          ],
          [
            -0.001939,
            -0.044645,
            0.003059
          ],
          [
            -0.000458,
            0.02274,
            0.00205
          ],
          [
            0.002146,
            -0.003848,
            0.003445
          ]
        ],
        "Lattice": [
          [
            8.33,
            0.0,
            0.0
          ],
          [
            0.0,
            8.839539657,
            0.0
          ],
          [
            0.0,
            0.0,
            21.359563785
          ]
        ],
        "NumAtoms": 62,
        "Positions": [
          [
            0.0,
            0.0,
            0.0
          ],
          [
            0.0,
            2.94648,
            0.0
          ],
          [
            4.165,
            0.0,
            0.0
          ],
          [
            4.165,
            2.94648,
            0.0
          ],
          [
            0.0,
            5.89306,
            0.0
          ],
          [
            4.165,
            5.89306,
            0.0
          ],
          [
            2.0825,
            1.47329,
            1.47381
          ],
          [
            2.0825,
            4.41977,
            1.47381
          ],
          [
            6.2475,
            1.47329,
            1.47381
          ],
          [
            6.2475,
            4.41977,
            1.47381
          ],
          [
            2.0825,
            7.36625,
            1.47381
          ],
          [
            6.2475,
            7.36625,
            1.47381
          ],
          [
            0.00043,
            2.94889,
            2.93765
          ],
          [
            9e-05,
            5.89854,
            2.94897
          ],
          [
            4.16519,
            2.95184,
            2.93028
          ],
          [
            4.16454,
            5.90128,
            2.97369
          ],
          [
            4.16489,
            -0.01038,
            2.95548
          ],
          [
            0.00023,
            0.00168,
            2.94337
          ],
          [
            2.07539,
            4.45074,
            4.47685
          ],
          [
            2.07987,
            7.36997,
            4.49777
          ],
          [
            6.25379,
            4.44894,
            4.47686
          ],
          [
            6.24938,
            7.36841,
            4.491
          ],
          [
            2.08309,
            1.46404,
            4.48205
          ],
          [
            6.25007,
            1.47015,
            4.47922
          ],
          [
            0.00689,
            5.91736,
            5.89995
          ],
          [
            0.01799,
            -0.00173,
            5.80692
          ],
          [
            4.16798,
            5.88363,
            5.98315
          ],
          [
            4.20026,
            -0.02923,
            5.89093
          ],
          [
            0.04186,
            2.94749,
            5.79778
          ],
          [
            2.0825,
            0.0,
            0.0
          ],
          [
            2.0825,
            2.94648,
            0.0
          ],
          [
            6.2475,
            0.0,
            0.0
          ],
          [
            6.2475,
            2.94648,
            0.0
          ],
          [
            2.0825,
            5.89306,
            0.0
          ],
          [
            6.2475,
            5.89306,
            0.0
          ],
          [
            0.0,
            1.47329,
            1.47381
          ],
          [
            0.0,
            4.41977,
            1.47381
          ],
          [
            4.165,
            1.47329,
            1.47381
          ],
          [
            4.165,
            4.41977,
            1.47381
          ],
          [
            0.0,
            7.36625,
            1.47381
          ],
          [
            4.165,
            7.36625,
            1.47381
          ],
          [
            2.10205,
            0.00781,
            2.96317
          ],
          [
            2.09816,
            2.94767,
            2.95473
          ],
          [
            6.22724,
            0.00846,
            2.96259
          ],
          [
            6.2316,
            2.94769,
            2.95463
          ],
          [
            2.09144,
            5.89561,
            2.95549
          ],
          [
            6.23794,
            5.89429,
            2.95423
          ],
          [
            -0.00441,
            1.4845,
            4.44724
          ],
          [
            -0.00376,
            4.39772,
            4.43474
          ],
          [
            4.15876,
            1.55752,
            4.6005
          ],
          [
            4.15904,
            4.39422,
            4.52928
          ],
          [
            -0.00335,
            7.39191,
            4.40986
          ],
          [
            4.16222,
            7.35445,
            4.48744
          ],
          [
            2.1686,
            2.94851,
            5.80991
          ],
          [
            2.01656,
            5.90956,
            5.84601
          ],
          [
            6.13915,
            2.94675,
            5.80605
          ],
          [
            6.30752,
            5.91172,
            5.8397
          ],
          [
            2.04818,
            0.0088,
            5.8661
          ],
          [
            6.27884,
            0.00911,
            5.86174
          ],
          [
            4.1727,
            4.89208,
            7.64762
          ],
          [
            4.1667,
            3.54249,
            7.58224
          ],
          [
            4.17652,
            3.02989,
            5.77411
          ]
        ],
        "Stress": [
          [
            -87.14511,
            0.01141,
            0.5338
          ],
          [
            0.01141,
            -10.52233,
            -0.3814
          ],
          [
            0.5338,
            -0.3814,
            -35.64027
          ]
        ],
        "computation_code": "VASP",
        "pseudopotential_information": [
          [
            "PAW_PBE",
            "Ni",
            "02Aug2007"
          ],
          [
            "PAW_PBE",
            "O",
            "08Apr2002"
          ],
          [
            "PAW_PBE",
            "Al",
            "04Jan2001"
          ]
        ]
      }
    ],
    "EnergyStyle": "electronvolt",
    "ForcesStyle": "electronvoltperangstrom",
    "LatticeStyle": "angstrom",
    "PositionsStyle": "angstrom",
    "StressStyle": "kB"
  }
}