{
  "Dataset": {
    "AtomTypeStyle": "chemicalsymbol",
    "Data": [
      {
        "AtomTypes": [
          "Ni",
          "Ni",
          "Ni",
          "Ni",
          "Ni",
          "Ni",
          "Ni",
          "Ni",
          "Ni",
          "Ni",
          "Ni",
          "Ni",
          "Ni",
          "Ni",
          "Ni",
          "Ni",
          "Ni",
          "Ni",
          "Ni",
          "Ni",
          "Ni",
          "Ni",
          "Ni",
          "Ni",
          "Ni",
          "Ni",
          "Ni",
          "Ni",
          "Ni",
          "O",
          "O",
          "O",
          "O",
          "O",
          "O",
          "O",
          "O",
          "O",
          "O",
          "O",
          "O",
          "O",
          "O",
          "O",
          "O",
          "O",
          "O",
          "O",
          "O",
          "O",
          "O",
          "O",
          "O",
          "O",
          "O",
          "O",
          "O",
          "O",
          "O",
          "Al"
        ],
        "Energy": -309.18216198,
        "Forces": [
          [
            -0.063484,
            0.011051,
            0.957159
          ],
          [
            -0.061583,
            0.003946,
            0.978454
          ],
          [
            -0.063442,
            -0.01257,
            0.859861
          ],
          [
            -0.06282,
            -0.001602,
            0.758254
          ],
          [
            -0.062624,
            -0.015696,
            0.953693
          ],
          [
            -0.064571,
            0.014219,
            0.849948
          ],
          [
            -0.111595,
            -0.042349,
            -0.803753
          ],
          [
            -0.128204,
            0.017894,
            -0.842071
          ],
          [
            0.141206,
            -0.052865,
            -0.736548
          ],
          [
            0.160575,
            0.019244,
            -0.750701
          ],
          [
            -0.062186,
            0.022018,
            -0.81309
          ],
          [
            0.082662,
            0.010451,
            -0.752515
          ],
          [
            -0.010523,
            -0.009098,
            0.016418
          ],
          [
            0.000154,
            -0.019846,
            0.004675
          ],
          [
            -0.010692,
            -0.003599,
            -0.005954
          ],
          [
            -0.002918,
            -0.011143,
            0.003273
          ],
          [
            -0.005492,
            0.012696,
            0.004395
          ],
          [
            -0.002563,
            0.002433,
            -0.02469
          ],
          [
            0.017951,
            -0.019294,
            -0.029637
          ],
          [
            0.021767,
            -0.007491,
            -0.022402
          ],
          [
            -0.008586,
            -0.017108,
            -0.015529
          ],
          [
            -0.015556,
            -0.00992,
            -0.00892
          ],
          [
            0.014824,
            0.051301,
            -0.024767
          ],
          [
            -0.025099,
            0.03224,
            -0.01903
          ],
          [
            0.005756,
            -0.01843,
            0.025297
          ],
          [
            -0.008267,
            -0.01402,
            0.103633
          ],
          [
            0.008455,
            -0.019651,
            -0.01828
          ],
          [
            0.004731,
            0.022102,
            -0.015046
          ],
          [
            -0.003262,
            0.110496,
            0.004663
          ],
          [
            0.070316,
            0.008471,
            0.464252
          ],
          [
            0.080831,
            -0.000137,
            0.504577
          ],
          [
            -0.027312,
            0.007571,
            0.466205
          ],
          [
            -0.041736,
            0.001459,
            0.505653
          ],
          [
            0.073375,
            -0.008153,
            0.464428
          ],
          [
            -0.031143,
            -0.006437,
            0.470931
          ],
          [
            0.029198,
            0.012484,
            -0.590055
          ],
          [
            0.029199,
            -0.023657,
            -0.538512
          ],
          [
            0.022941,
            -0.076076,
            -0.68293
          ],
          [
            0.027442,
            0.079556,
            -0.666623
          ],
          [
            0.01743,
            -0.007991,
            -0.530548
          ],
          [
            0.037388,
            -0.00835,
            -0.579046
          ],
          [
            -0.012802,
            -0.005709,
            0.017715
          ],
          [
            -0.014201,
            -0.003878,
            -0.006793
          ],
          [
            -0.000334,
            -0.004751,
            0.012474
          ],
          [
            -0.005939,
            -0.006341,
            -9.7e-05
          ],
          [
            -0.008653,
            0.002468,
            0.013753
          ],
          [
            -0.001073,
            -0.001857,
            0.012307
          ],
          [
            -0.001499,
            0.039549,
            0.005561
          ],
          [
            -0.012004,
            -0.003509,
            0.029996
          ],
          [
            0.000411,
            -0.060176,
            -0.004172
          ],
          [
            0.008744,
            0.046172,
            -0.019874
          ],
          [
            0.003069,
            -0.052723,
            -0.077578
          ],
          [
            0.012593,
            0.010059,
            0.02195
          ],
          [
            0.052056,
            0.00125,
            -0.02027
          ],
          [
            0.029814,
            -0.000546,
            0.003284
          ],
          [
            0.058562,
            0.000437,
            0.019324
          ],
          [
            -0.005215,
            0.001993,
            0.014282
          ],
          [
            0.033099,
            0.004617,
            0.014186
          ],
          [
            -0.039636,
            -0.005188,
            0.015358
          ],
          [
            -0.069532,
            0.003987,
            0.023475
          ]
        ],
        "Lattice": [
          [
            8.33,
            0.0,
            0.0
          ],
          [
            0.0,
            8.839539657,
            0.0
          ],
          [
            0.0,
            0.0,
            21.359563785
          ]
        ],
        "NumAtoms": 60,
        "Positions": [
          [
            0.0,
            0.0,
            0.0
          ],
          [
            0.0,
            2.94648,
            0.0
          ],
          [
            4.165,
            0.0,
            0.0
          ],
          [
            4.165,
            2.94648,
            0.0
          ],
          [
            0.0,
            5.89306,
            0.0
          ],
          [
            4.165,
            5.89306,
            0.0
          ],
          [
            2.0825,
            1.47329,
            1.47381
          ],
          [
            2.0825,
            4.41977,
            1.47381
          ],
          [
            6.2475,
            1.47329,
            1.47381
          ],
          [
            6.2475,
            4.41977,
            1.47381
          ],
          [
            2.0825,
            7.36625,
            1.47381
          ],
          [
            6.2475,
            7.36625,
            1.47381
          ],
          [
            8.32513,
            2.93179,
            2.98025
          ],
          [
            8.32394,
            5.89737,
            2.96207
          ],
          [
            4.17446,
            2.94447,
            2.87087
          ],
          [
            4.17312,
            5.90459,
            2.93826
          ],
          [
            4.16997,
            8.8306,
            2.94255
          ],
          [
            8.32326,
            8.83365,
            2.96352
          ],
          [
            2.08378,
            4.45304,
            4.45891
          ],
          [
            2.07916,
            7.36712,
            4.50668
          ],
          [
            6.25805,
            4.40014,
            4.52971
          ],
          [
            6.25669,
            7.35897,
            4.50578
          ],
          [
            2.05858,
            1.45404,
            4.48288
          ],
          [
            6.26255,
            1.49241,
            4.53405
          ],
          [
            0.04077,
            5.7946,
            5.83461
          ],
          [
            0.01032,
            0.04032,
            5.84286
          ],
          [
            4.20336,
            5.89864,
            5.82171
          ],
          [
            4.18997,
            8.83094,
            5.81913
          ],
          [
            0.38508,
            3.12563,
            5.98164
          ],
          [
            2.0825,
            0.0,
            0.0
          ],
          [
            2.0825,
            2.94648,
            0.0
          ],
          [
            6.2475,
            0.0,
            0.0
          ],
          [
            6.2475,
            2.94648,
            0.0
          ],
          [
            2.0825,
            5.89306,
            0.0
          ],
          [
            6.2475,
            5.89306,
            0.0
          ],
          [
            0.0,
            1.47329,
            1.47381
          ],
          [
            0.0,
            4.41977,
            1.47381
          ],
          [
            4.165,
            1.47329,
            1.47381
          ],
          [
            4.165,
            4.41977,
            1.47381
          ],
          [
            0.0,
            7.36625,
            1.47381
          ],
          [
            4.165,
            7.36625,
            1.47381
          ],
          [
            2.08601,
            -0.00084,
            2.95888
          ],
          [
            2.09059,
            2.94788,
            2.98276
          ],
          [
            6.24249,
            0.00384,
            2.96778
          ],
          [
            6.24161,
            2.94535,
            2.9878
          ],
          [
            2.07965,
            5.894,
            2.95549
          ],
          [
            6.2522,
            5.88392,
            2.96779
          ],
          [
            8.32249,
            1.44711,
            4.43764
          ],
          [
            8.32287,
            4.39384,
            4.43674
          ],
          [
            4.14008,
            1.49372,
            4.42606
          ],
          [
            4.14742,
            4.40541,
            4.41863
          ],
          [
            0.0005,
            7.35283,
            4.51612
          ],
          [
            4.1617,
            7.36271,
            4.44344
          ],
          [
            2.39624,
            2.95785,
            5.93411
          ],
          [
            2.12641,
            5.88057,
            5.84529
          ],
          [
            5.84388,
            2.94904,
            5.94052
          ],
          [
            6.22266,
            5.87948,
            5.85886
          ],
          [
            2.12546,
            0.01413,
            5.86086
          ],
          [
            6.20579,
            0.00403,
            5.86504
          ],
          [
            4.13255,
            2.95011,
            5.56322
          ]
        ],
        "Stress": [
          [
            -80.86042,
            0.45413,
            0.64062
          ],
          [
            0.45413,
            -12.6854,
            0.33308
          ],
          [
            0.64062,
            0.33308,
            -33.97504
          ]
        ],
        "computation_code": "VASP",
        "pseudopotential_information": [
          [
            "PAW_PBE",
            "Ni",
            "02Aug2007"
          ],
          [
            "PAW_PBE",
            "O",
            "08Apr2002"
          ],
          [
            "PAW_PBE",
            "Al",
            "04Jan2001"
          ]
        ]
      }
    ],
    "EnergyStyle": "electronvolt",
    "ForcesStyle": "electronvoltperangstrom",
    "LatticeStyle": "angstrom",
    "PositionsStyle": "angstrom",
    "StressStyle": "kB"
  }
}