{
  "Dataset": {
    "AtomTypeStyle": "chemicalsymbol",
    "Data": [
      {
        "AtomTypes": [
          "Ni",
          "Ni",
          "Ni",
          "Ni",
          "Ni",
          "Ni",
          "Ni",
          "Ni",
          "Ni",
          "Ni",
          "Ni",
          "Ni",
          "Ni",
          "Ni",
          "Ni",
          "Ni",
          "Ni",
          "Ni",
          "Ni",
          "Ni",
          "Ni",
          "Ni",
          "Ni",
          "Ni",
          "Ni",
          "Ni",
          "Ni",
          "Ni",
          "Ni",
          "O",
          "O",
          "O",
          "O",
          "O",
          "O",
          "O",
          "O",
          "O",
          "O",
          "O",
          "O",
          "O",
          "O",
          "O",
          "O",
          "O",
          "O",
          "O",
          "O",
          "O",
          "O",
          "O",
          "O",
          "O",
          "O",
          "O",
          "O",
          "O",
          "O",
          "O",
          "Sn"
        ],
        "Energy": -313.094353,
        "Forces": [
          [
            -0.011094,
            -0.0,
            0.888705
          ],
          [
            0.002608,
            0.006043,
            0.877818
          ],
          [
            -0.123081,
            -0.0,
            0.989592
          ],
          [
            -0.124925,
            0.034802,
            0.969598
          ],
          [
            0.002608,
            -0.006043,
            0.877818
          ],
          [
            -0.124925,
            -0.034802,
            0.969598
          ],
          [
            0.078158,
            -0.046002,
            -0.874852
          ],
          [
            0.098695,
            -0.0,
            -0.885096
          ],
          [
            -0.06865,
            -0.089046,
            -0.833033
          ],
          [
            -0.088503,
            -0.0,
            -0.838434
          ],
          [
            0.078158,
            0.046002,
            -0.874852
          ],
          [
            -0.06865,
            0.089046,
            -0.833033
          ],
          [
            -0.006062,
            -0.02036,
            0.00303
          ],
          [
            -0.006062,
            0.02036,
            0.00303
          ],
          [
            -0.006726,
            0.004146,
            -0.000882
          ],
          [
            -0.006726,
            -0.004146,
            -0.000882
          ],
          [
            -0.011239,
            -0.0,
            -0.018089
          ],
          [
            0.016237,
            -0.0,
            -0.028228
          ],
          [
            -0.003816,
            -0.0,
            0.001517
          ],
          [
            -0.009986,
            -0.016487,
            -0.016393
          ],
          [
            0.010114,
            0.013557,
            0.017907
          ],
          [
            0.024862,
            -0.018491,
            0.004353
          ],
          [
            -0.009986,
            0.016487,
            -0.016393
          ],
          [
            0.024862,
            0.018491,
            0.004353
          ],
          [
            0.024533,
            0.019763,
            0.027254
          ],
          [
            0.007169,
            -0.0,
            0.013757
          ],
          [
            0.010114,
            -0.013557,
            0.017907
          ],
          [
            0.005768,
            -0.0,
            0.082836
          ],
          [
            0.024533,
            -0.019763,
            0.027254
          ],
          [
            -0.006605,
            -0.0,
            0.4349
          ],
          [
            -0.018635,
            -0.006056,
            0.440957
          ],
          [
            0.046521,
            -0.0,
            0.514927
          ],
          [
            0.056747,
            -0.012274,
            0.604416
          ],
          [
            -0.018635,
            0.006056,
            0.440957
          ],
          [
            0.056747,
            0.012274,
            0.604416
          ],
          [
            -0.10708,
            0.029924,
            -0.670991
          ],
          [
            -0.077384,
            -0.0,
            -0.591919
          ],
          [
            0.145492,
            -0.01477,
            -0.507748
          ],
          [
            0.110713,
            -0.0,
            -0.638431
          ],
          [
            -0.10708,
            -0.029924,
            -0.670991
          ],
          [
            0.145492,
            0.01477,
            -0.507748
          ],
          [
            0.011596,
            -0.0,
            0.004067
          ],
          [
            -0.012812,
            0.00145,
            0.002884
          ],
          [
            -0.005702,
            -0.0,
            0.000841
          ],
          [
            0.006308,
            -0.001569,
            0.007131
          ],
          [
            -0.012812,
            -0.00145,
            0.002884
          ],
          [
            0.006308,
            0.001569,
            0.007131
          ],
          [
            -0.000965,
            0.026491,
            -0.003431
          ],
          [
            -0.002648,
            -0.0,
            0.0094
          ],
          [
            0.010958,
            0.019041,
            -0.028584
          ],
          [
            0.024908,
            -0.0,
            0.013138
          ],
          [
            -0.000965,
            -0.026491,
            -0.003431
          ],
          [
            0.010958,
            -0.019041,
            -0.028584
          ],
          [
            -0.016725,
            0.006253,
            0.00832
          ],
          [
            -0.016725,
            -0.006253,
            0.00832
          ],
          [
            0.015216,
            -0.013755,
            0.013087
          ],
          [
            0.015216,
            0.013755,
            0.013087
          ],
          [
            -0.018348,
            -0.0,
            0.004756
          ],
          [
            0.045337,
            -0.0,
            -0.009739
          ],
          [
            0.02119,
            -0.0,
            -0.032696
          ],
          [
            -0.044572,
            -0.0,
            0.002519
          ]
        ],
        "Lattice": [
          [
            8.33,
            0.0,
            0.0
          ],
          [
            0.0,
            8.839539657,
            0.0
          ],
          [
            0.0,
            0.0,
            21.359563785
          ]
        ],
        "NumAtoms": 61,
        "Positions": [
          [
            0.0,
            0.0,
            0.0
          ],
          [
            0.0,
            2.94648,
            0.0
          ],
          [
            4.165,
            0.0,
            0.0
          ],
          [
            4.165,
            2.94648,
            0.0
          ],
          [
            0.0,
            5.89306,
            0.0
          ],
          [
            4.165,
            5.89306,
            0.0
          ],
          [
            2.0825,
            1.47329,
            1.47381
          ],
          [
            2.0825,
            4.41977,
            1.47381
          ],
          [
            6.2475,
            1.47329,
            1.47381
          ],
          [
            6.2475,
            4.41977,
            1.47381
          ],
          [
            2.0825,
            7.36625,
            1.47381
          ],
          [
            6.2475,
            7.36625,
            1.47381
          ],
          [
            0.02121,
            2.93246,
            2.93859
          ],
          [
            0.02121,
            5.90708,
            2.93859
          ],
          [
            4.13527,
            2.9186,
            2.97124
          ],
          [
            4.13527,
            5.92094,
            2.97124
          ],
          [
            4.16439,
            0.0,
            2.99338
          ],
          [
            0.0056,
            0.0,
            2.94044
          ],
          [
            2.07618,
            4.41977,
            4.46711
          ],
          [
            2.09641,
            7.38848,
            4.47712
          ],
          [
            3.86899,
            3.02085,
            6.18103
          ],
          [
            6.2503,
            7.40367,
            4.51917
          ],
          [
            2.09641,
            1.45106,
            4.47712
          ],
          [
            6.2503,
            1.43587,
            4.51917
          ],
          [
            0.11766,
            5.95578,
            5.81763
          ],
          [
            0.01786,
            0.0,
            5.80619
          ],
          [
            3.86899,
            5.81869,
            6.18103
          ],
          [
            4.19663,
            0.0,
            5.8684
          ],
          [
            0.11766,
            2.88376,
            5.81763
          ],
          [
            2.0825,
            0.0,
            0.0
          ],
          [
            2.0825,
            2.94648,
            0.0
          ],
          [
            6.2475,
            0.0,
            0.0
          ],
          [
            6.2475,
            2.94648,
            0.0
          ],
          [
            2.0825,
            5.89306,
            0.0
          ],
          [
            6.2475,
            5.89306,
            0.0
          ],
          [
            0.0,
            1.47329,
            1.47381
          ],
          [
            0.0,
            4.41977,
            1.47381
          ],
          [
            4.165,
            1.47329,
            1.47381
          ],
          [
            4.165,
            4.41977,
            1.47381
          ],
          [
            0.0,
            7.36625,
            1.47381
          ],
          [
            4.165,
            7.36625,
            1.47381
          ],
          [
            2.1048,
            0.0,
            2.94687
          ],
          [
            2.07935,
            2.94527,
            2.95048
          ],
          [
            6.22774,
            0.0,
            2.95043
          ],
          [
            6.24167,
            2.99585,
            3.03516
          ],
          [
            2.07935,
            5.89427,
            2.95048
          ],
          [
            6.24167,
            5.84369,
            3.03516
          ],
          [
            0.0085,
            1.44104,
            4.38988
          ],
          [
            -0.00782,
            4.41977,
            4.39928
          ],
          [
            4.17137,
            1.50439,
            4.53228
          ],
          [
            4.14428,
            4.41977,
            4.36081
          ],
          [
            0.0085,
            7.3985,
            4.38988
          ],
          [
            4.17137,
            7.33515,
            4.53228
          ],
          [
            1.98535,
            2.93137,
            5.8038
          ],
          [
            1.98535,
            5.90817,
            5.8038
          ],
          [
            6.51745,
            2.84764,
            5.92166
          ],
          [
            6.51745,
            5.9919,
            5.92166
          ],
          [
            2.04204,
            0.0,
            5.86231
          ],
          [
            6.2953,
            0.0,
            5.87767
          ],
          [
            4.27573,
            4.41977,
            7.2226
          ],
          [
            6.17495,
            4.41977,
            4.73485
          ]
        ],
        "Stress": [
          [
            -63.97313,
            0.0,
            0.9541
          ],
          [
            0.0,
            -8.93045,
            0.0
          ],
          [
            0.9541,
            0.0,
            -34.7687
          ]
        ],
        "computation_code": "VASP",
        "pseudopotential_information": [
          [
            "PAW_PBE",
            "Ni",
            "02Aug2007"
          ],
          [
            "PAW_PBE",
            "O",
            "08Apr2002"
          ],
          [
            "PAW_PBE",
            "Sn_d",
            "06Sep2000"
          ]
        ]
      }
    ],
    "EnergyStyle": "electronvolt",
    "ForcesStyle": "electronvoltperangstrom",
    "LatticeStyle": "angstrom",
    "PositionsStyle": "angstrom",
    "StressStyle": "kB"
  }
}