{
  "Dataset": {
    "AtomTypeStyle": "chemicalsymbol",
    "Data": [
      {
        "AtomTypes": [
          "Ni",
          "Ni",
          "Ni",
          "Ni",
          "Ni",
          "Ni",
          "Ni",
          "Ni",
          "Ni",
          "Ni",
          "Ni",
          "Ni",
          "Ni",
          "Ni",
          "Ni",
          "Ni",
          "Ni",
          "Ni",
          "Ni",
          "Ni",
          "Ni",
          "Ni",
          "Ni",
          "Ni",
          "Ni",
          "Ni",
          "Ni",
          "Ni",
          "Ni",
          "O",
          "O",
          "O",
          "O",
          "O",
          "O",
          "O",
          "O",
          "O",
          "O",
          "O",
          "O",
          "O",
          "O",
          "O",
          "O",
          "O",
          "O",
          "O",
          "O",
          "O",
          "O",
          "O",
          "O",
          "O",
          "O",
          "O",
          "O",
          "O",
          "O",
          "Sn"
        ],
        "Energy": -307.27819624,
        "Forces": [
          [
            -0.063136,
            0.009725,
            0.878046
          ],
          [
            -0.063888,
            0.000313,
            0.878561
          ],
          [
            -0.062325,
            0.003585,
            0.913276
          ],
          [
            -0.061795,
            0.000422,
            0.928299
          ],
          [
            -0.063128,
            -0.009765,
            0.877857
          ],
          [
            -0.062328,
            -0.003743,
            0.91346
          ],
          [
            0.045864,
            0.001493,
            -0.842546
          ],
          [
            0.046141,
            -0.001619,
            -0.842783
          ],
          [
            -0.024891,
            0.000762,
            -0.861244
          ],
          [
            -0.02518,
            -0.000909,
            -0.861479
          ],
          [
            0.061916,
            0.000429,
            -0.831673
          ],
          [
            -0.041862,
            0.000454,
            -0.847082
          ],
          [
            0.00074,
            -0.000148,
            0.00277
          ],
          [
            0.000766,
            -0.000241,
            0.000974
          ],
          [
            -0.000104,
            0.00018,
            0.005048
          ],
          [
            -7.9e-05,
            0.000135,
            0.003276
          ],
          [
            -4.5e-05,
            -0.00017,
            0.001019
          ],
          [
            0.000736,
            0.000711,
            0.00089
          ],
          [
            0.001835,
            0.001599,
            0.005373
          ],
          [
            0.00088,
            -0.001126,
            0.00194
          ],
          [
            -0.000384,
            0.001703,
            0.003989
          ],
          [
            0.001491,
            -0.001179,
            -2.8e-05
          ],
          [
            4.7e-05,
            -0.000413,
            0.004235
          ],
          [
            0.001731,
            -0.000505,
            0.002917
          ],
          [
            0.001261,
            0.001988,
            -9.4e-05
          ],
          [
            0.00129,
            -0.001595,
            0.000329
          ],
          [
            0.003455,
            7.3e-05,
            -0.005412
          ],
          [
            0.003185,
            -0.004755,
            0.009849
          ],
          [
            0.000214,
            -3.7e-05,
            0.004588
          ],
          [
            0.012198,
            -0.004158,
            0.477734
          ],
          [
            0.015409,
            0.000321,
            0.46807
          ],
          [
            0.03008,
            -0.004789,
            0.477411
          ],
          [
            0.026764,
            0.000324,
            0.463973
          ],
          [
            0.012122,
            0.004106,
            0.477674
          ],
          [
            0.030147,
            0.004735,
            0.477353
          ],
          [
            0.026002,
            -0.021945,
            -0.629637
          ],
          [
            0.026,
            0.021999,
            -0.629694
          ],
          [
            0.025829,
            0.000928,
            -0.457074
          ],
          [
            0.025851,
            -0.000759,
            -0.456821
          ],
          [
            0.023795,
            0.000226,
            -0.595472
          ],
          [
            0.023576,
            0.000109,
            -0.513035
          ],
          [
            0.001223,
            -0.001064,
            0.00059
          ],
          [
            -0.001327,
            -1.9e-05,
            0.000671
          ],
          [
            -0.000592,
            -0.001704,
            -0.000282
          ],
          [
            0.002514,
            1.4e-05,
            -4e-05
          ],
          [
            0.001586,
            0.001458,
            0.000947
          ],
          [
            -0.001039,
            0.002027,
            5.5e-05
          ],
          [
            0.001439,
            -0.009635,
            0.010234
          ],
          [
            0.001464,
            0.008503,
            0.008316
          ],
          [
            0.000275,
            -0.00248,
            0.006765
          ],
          [
            0.000306,
            0.007991,
            0.010032
          ],
          [
            0.001613,
            0.001373,
            0.002044
          ],
          [
            0.001938,
            -0.00517,
            0.006542
          ],
          [
            -0.007661,
            3.4e-05,
            0.002663
          ],
          [
            0.004164,
            0.00397,
            0.005812
          ],
          [
            0.010081,
            5.2e-05,
            0.000683
          ],
          [
            -0.001291,
            0.004892,
            0.004538
          ],
          [
            -0.003159,
            -0.003826,
            0.005911
          ],
          [
            0.005678,
            -0.004723,
            0.004735
          ],
          [
            0.002609,
            -0.000159,
            0.024945
          ]
        ],
        "Lattice": [
          [
            8.33,
            0.0,
            0.0
          ],
          [
            0.0,
            8.839539657,
            0.0
          ],
          [
            0.0,
            0.0,
            21.359563785
          ]
        ],
        "NumAtoms": 60,
        "Positions": [
          [
            0.0,
            0.0,
            0.0
          ],
          [
            0.0,
            2.94648,
            0.0
          ],
          [
            4.165,
            0.0,
            0.0
          ],
          [
            4.165,
            2.94648,
            0.0
          ],
          [
            0.0,
            5.89306,
            0.0
          ],
          [
            4.165,
            5.89306,
            0.0
          ],
          [
            2.0825,
            1.47329,
            1.47381
          ],
          [
            2.0825,
            4.41977,
            1.47381
          ],
          [
            6.2475,
            1.47329,
            1.47381
          ],
          [
            6.2475,
            4.41977,
            1.47381
          ],
          [
            2.0825,
            7.36625,
            1.47381
          ],
          [
            6.2475,
            7.36625,
            1.47381
          ],
          [
            0.00018,
            2.94657,
            2.93372
          ],
          [
            0.00037,
            5.89881,
            2.93686
          ],
          [
            4.16423,
            2.94653,
            2.96932
          ],
          [
            4.16419,
            5.89381,
            2.95339
          ],
          [
            4.16419,
            -0.00078,
            2.95312
          ],
          [
            0.00037,
            -0.00585,
            2.93685
          ],
          [
            2.06245,
            4.42396,
            4.47334
          ],
          [
            2.06752,
            7.36618,
            4.49282
          ],
          [
            6.26493,
            4.42505,
            4.46624
          ],
          [
            6.26024,
            7.36617,
            4.48815
          ],
          [
            2.06238,
            1.46919,
            4.47321
          ],
          [
            6.26498,
            1.46812,
            4.46609
          ],
          [
            0.01274,
            5.88616,
            5.80528
          ],
          [
            0.01271,
            0.00685,
            5.80518
          ],
          [
            4.18404,
            5.89548,
            5.92114
          ],
          [
            4.18406,
            -0.00243,
            5.92126
          ],
          [
            0.00671,
            2.9465,
            5.76909
          ],
          [
            2.0825,
            0.0,
            0.0
          ],
          [
            2.0825,
            2.94648,
            0.0
          ],
          [
            6.2475,
            0.0,
            0.0
          ],
          [
            6.2475,
            2.94648,
            0.0
          ],
          [
            2.0825,
            5.89306,
            0.0
          ],
          [
            6.2475,
            5.89306,
            0.0
          ],
          [
            0.0,
            1.47329,
            1.47381
          ],
          [
            0.0,
            4.41977,
            1.47381
          ],
          [
            4.165,
            1.47329,
            1.47381
          ],
          [
            4.165,
            4.41977,
            1.47381
          ],
          [
            0.0,
            7.36625,
            1.47381
          ],
          [
            4.165,
            7.36625,
            1.47381
          ],
          [
            2.09709,
            -0.00147,
            2.96373
          ],
          [
            2.09022,
            2.94657,
            2.95819
          ],
          [
            6.23173,
            -0.00235,
            2.96262
          ],
          [
            6.23842,
            2.94657,
            2.95515
          ],
          [
            2.09712,
            5.89444,
            2.96376
          ],
          [
            6.2317,
            5.89532,
            2.96265
          ],
          [
            -0.00411,
            1.44907,
            4.39605
          ],
          [
            -0.00411,
            4.44399,
            4.39622
          ],
          [
            4.16171,
            1.52397,
            4.52487
          ],
          [
            4.16172,
            4.36906,
            4.52459
          ],
          [
            -0.00486,
            7.36623,
            4.43959
          ],
          [
            4.1603,
            7.3665,
            4.47131
          ],
          [
            1.94213,
            2.94652,
            5.83261
          ],
          [
            2.03235,
            5.88621,
            5.86661
          ],
          [
            6.3866,
            2.94652,
            5.82288
          ],
          [
            6.29343,
            5.88692,
            5.86465
          ],
          [
            2.03265,
            0.0068,
            5.8665
          ],
          [
            6.2931,
            0.0061,
            5.86451
          ],
          [
            4.17484,
            2.94685,
            6.30109
          ]
        ],
        "Stress": [
          [
            -77.32265,
            -0.00012,
            0.58261
          ],
          [
            -0.00012,
            -8.26756,
            -0.00046
          ],
          [
            0.58261,
            -0.00046,
            -33.45072
          ]
        ],
        "computation_code": "VASP",
        "pseudopotential_information": [
          [
            "PAW_PBE",
            "Ni",
            "02Aug2007"
          ],
          [
            "PAW_PBE",
            "O",
            "08Apr2002"
          ],
          [
            "PAW_PBE",
            "Sn_d",
            "06Sep2000"
          ]
        ]
      }
    ],
    "EnergyStyle": "electronvolt",
    "ForcesStyle": "electronvoltperangstrom",
    "LatticeStyle": "angstrom",
    "PositionsStyle": "angstrom",
    "StressStyle": "kB"
  }
}