{
  "Dataset": {
    "AtomTypeStyle": "chemicalsymbol",
    "Data": [
      {
        "AtomTypes": [
          "Ni",
          "Ni",
          "Ni",
          "Ni",
          "Ni",
          "Ni",
          "Ni",
          "Ni",
          "Ni",
          "Ni",
          "Ni",
          "Ni",
          "Ni",
          "Ni",
          "Ni",
          "Ni",
          "Ni",
          "Ni",
          "Ni",
          "Ni",
          "Ni",
          "Ni",
          "Ni",
          "Ni",
          "Ni",
          "Ni",
          "Ni",
          "Ni",
          "Ni",
          "O",
          "O",
          "O",
          "O",
          "O",
          "O",
          "O",
          "O",
          "O",
          "O",
          "O",
          "O",
          "O",
          "O",
          "O",
          "O",
          "O",
          "O",
          "O",
          "O",
          "O",
          "O",
          "O",
          "O",
          "O",
          "O",
          "O",
          "O",
          "O",
          "O",
          "O",
          "Sn"
        ],
        "Energy": -313.094906,
        "Forces": [
          [
            -0.01139,
            0.0,
            0.888348
          ],
          [
            0.003365,
            0.007326,
            0.87943
          ],
          [
            -0.122141,
            0.0,
            0.990715
          ],
          [
            -0.12461,
            0.034257,
            0.970615
          ],
          [
            0.003365,
            -0.007326,
            0.87943
          ],
          [
            -0.12461,
            -0.034257,
            0.970615
          ],
          [
            0.079835,
            -0.043039,
            -0.873982
          ],
          [
            0.095617,
            0.0,
            -0.883027
          ],
          [
            -0.069484,
            -0.090521,
            -0.827402
          ],
          [
            -0.086745,
            0.0,
            -0.830544
          ],
          [
            0.079835,
            0.043039,
            -0.873982
          ],
          [
            -0.069484,
            0.090521,
            -0.827402
          ],
          [
            -0.000736,
            -0.00478,
            0.00641
          ],
          [
            -0.000736,
            0.00478,
            0.00641
          ],
          [
            -0.005023,
            0.002506,
            0.004002
          ],
          [
            -0.005023,
            -0.002506,
            0.004002
          ],
          [
            0.00524,
            0.0,
            0.015861
          ],
          [
            0.002446,
            0.0,
            -0.00655
          ],
          [
            -0.006534,
            0.0,
            0.01082
          ],
          [
            0.008034,
            -0.005031,
            0.012597
          ],
          [
            -0.008905,
            -0.008978,
            0.013535
          ],
          [
            -0.001829,
            0.012122,
            0.014136
          ],
          [
            0.008034,
            0.005031,
            0.012597
          ],
          [
            -0.001829,
            -0.012122,
            0.014136
          ],
          [
            0.001934,
            0.00959,
            0.02653
          ],
          [
            -0.000834,
            0.0,
            0.003928
          ],
          [
            -0.008905,
            0.008978,
            0.013535
          ],
          [
            0.007969,
            0.0,
            -0.067888
          ],
          [
            0.001934,
            -0.00959,
            0.02653
          ],
          [
            -0.006662,
            0.0,
            0.436946
          ],
          [
            -0.01796,
            -0.006581,
            0.44225
          ],
          [
            0.047357,
            0.0,
            0.515163
          ],
          [
            0.05693,
            -0.012152,
            0.606447
          ],
          [
            -0.01796,
            0.006581,
            0.44225
          ],
          [
            0.05693,
            0.012152,
            0.606447
          ],
          [
            -0.105681,
            0.028308,
            -0.670644
          ],
          [
            -0.078859,
            0.0,
            -0.590728
          ],
          [
            0.145365,
            -0.012938,
            -0.507883
          ],
          [
            0.111597,
            0.0,
            -0.635086
          ],
          [
            -0.105681,
            -0.028308,
            -0.670644
          ],
          [
            0.145365,
            0.012938,
            -0.507883
          ],
          [
            -0.001542,
            0.0,
            -0.001208
          ],
          [
            -0.008385,
            -0.005221,
            -0.001858
          ],
          [
            -0.004965,
            0.0,
            -0.002899
          ],
          [
            0.005235,
            -0.003778,
            -0.009804
          ],
          [
            -0.008385,
            0.005221,
            -0.001858
          ],
          [
            0.005235,
            0.003778,
            -0.009804
          ],
          [
            0.007811,
            -0.011866,
            -0.015226
          ],
          [
            0.010372,
            0.0,
            -0.00114
          ],
          [
            0.001814,
            -0.026762,
            0.009114
          ],
          [
            0.038869,
            0.0,
            -0.005279
          ],
          [
            0.007811,
            0.011866,
            -0.015226
          ],
          [
            0.001814,
            0.026762,
            0.009114
          ],
          [
            0.020279,
            -0.002478,
            0.005466
          ],
          [
            0.020279,
            0.002478,
            0.005466
          ],
          [
            0.011354,
            0.014571,
            -0.005105
          ],
          [
            0.011354,
            -0.014571,
            -0.005105
          ],
          [
            0.038738,
            0.0,
            0.006124
          ],
          [
            -0.020823,
            0.0,
            0.001308
          ],
          [
            0.013303,
            0.0,
            -0.025729
          ],
          [
            -0.029698,
            0.0,
            0.02361
          ]
        ],
        "Lattice": [
          [
            8.33,
            0.0,
            0.0
          ],
          [
            0.0,
            8.839539657,
            0.0
          ],
          [
            0.0,
            0.0,
            21.359563785
          ]
        ],
        "NumAtoms": 61,
        "Positions": [
          [
            0.0,
            0.0,
            0.0
          ],
          [
            0.0,
            2.94648,
            0.0
          ],
          [
            4.165,
            0.0,
            0.0
          ],
          [
            4.165,
            2.94648,
            0.0
          ],
          [
            0.0,
            5.89306,
            0.0
          ],
          [
            4.165,
            5.89306,
            0.0
          ],
          [
            2.0825,
            1.47329,
            1.47381
          ],
          [
            2.0825,
            4.41977,
            1.47381
          ],
          [
            6.2475,
            1.47329,
            1.47381
          ],
          [
            6.2475,
            4.41977,
            1.47381
          ],
          [
            2.0825,
            7.36625,
            1.47381
          ],
          [
            6.2475,
            7.36625,
            1.47381
          ],
          [
            0.0205,
            2.93183,
            2.93893
          ],
          [
            0.0205,
            5.90771,
            2.93893
          ],
          [
            4.13517,
            2.91892,
            2.97138
          ],
          [
            4.13517,
            5.92062,
            2.97138
          ],
          [
            4.16402,
            0.0,
            2.99318
          ],
          [
            0.00661,
            0.0,
            2.93973
          ],
          [
            2.07545,
            4.41977,
            4.46699
          ],
          [
            2.09664,
            7.38785,
            4.47637
          ],
          [
            3.87038,
            3.02153,
            6.18083
          ],
          [
            6.25115,
            7.40264,
            4.51962
          ],
          [
            2.09664,
            1.45169,
            4.47637
          ],
          [
            6.25115,
            1.4369,
            4.51962
          ],
          [
            0.11846,
            5.95631,
            5.81896
          ],
          [
            0.01892,
            0.0,
            5.80646
          ],
          [
            3.87038,
            5.81801,
            6.18083
          ],
          [
            4.19753,
            0.0,
            5.86954
          ],
          [
            0.11846,
            2.88323,
            5.81896
          ],
          [
            2.0825,
            0.0,
            0.0
          ],
          [
            2.0825,
            2.94648,
            0.0
          ],
          [
            6.2475,
            0.0,
            0.0
          ],
          [
            6.2475,
            2.94648,
            0.0
          ],
          [
            2.0825,
            5.89306,
            0.0
          ],
          [
            6.2475,
            5.89306,
            0.0
          ],
          [
            0.0,
            1.47329,
            1.47381
          ],
          [
            0.0,
            4.41977,
            1.47381
          ],
          [
            4.165,
            1.47329,
            1.47381
          ],
          [
            4.165,
            4.41977,
            1.47381
          ],
          [
            0.0,
            7.36625,
            1.47381
          ],
          [
            4.165,
            7.36625,
            1.47381
          ],
          [
            2.10569,
            0.0,
            2.94717
          ],
          [
            2.07895,
            2.94574,
            2.95072
          ],
          [
            6.22809,
            0.0,
            2.95051
          ],
          [
            6.24142,
            2.99621,
            3.03666
          ],
          [
            2.07895,
            5.8938,
            2.95072
          ],
          [
            6.24142,
            5.84333,
            3.03666
          ],
          [
            0.00844,
            1.44315,
            4.39044
          ],
          [
            -0.009,
            4.41977,
            4.40049
          ],
          [
            4.17218,
            1.50505,
            4.53204
          ],
          [
            4.1433,
            4.41977,
            4.36286
          ],
          [
            0.00844,
            7.39639,
            4.39044
          ],
          [
            4.17218,
            7.33449,
            4.53204
          ],
          [
            1.98461,
            2.9321,
            5.80446
          ],
          [
            1.98461,
            5.90744,
            5.80446
          ],
          [
            6.51778,
            2.8462,
            5.92364
          ],
          [
            6.51778,
            5.99334,
            5.92364
          ],
          [
            2.04272,
            0.0,
            5.86172
          ],
          [
            6.29673,
            0.0,
            5.8767
          ],
          [
            4.27864,
            4.41977,
            7.22237
          ],
          [
            6.17461,
            4.41977,
            4.73628
          ]
        ],
        "Stress": [
          [
            -64.47882,
            0.0,
            0.92628
          ],
          [
            0.0,
            -9.34031,
            0.0
          ],
          [
            0.92628,
            0.0,
            -35.18596
          ]
        ],
        "computation_code": "VASP",
        "pseudopotential_information": [
          [
            "PAW_PBE",
            "Ni",
            "02Aug2007"
          ],
          [
            "PAW_PBE",
            "O",
            "08Apr2002"
          ],
          [
            "PAW_PBE",
            "Sn_d",
            "06Sep2000"
          ]
        ]
      }
    ],
    "EnergyStyle": "electronvolt",
    "ForcesStyle": "electronvoltperangstrom",
    "LatticeStyle": "angstrom",
    "PositionsStyle": "angstrom",
    "StressStyle": "kB"
  }
}