{
  "Dataset": {
    "AtomTypeStyle": "chemicalsymbol",
    "Data": [
      {
        "AtomTypes": [
          "Ni",
          "Ni",
          "Ni",
          "Ni",
          "Ni",
          "Ni",
          "Ni",
          "Ni",
          "Ni",
          "Ni",
          "Ni",
          "Ni",
          "Ni",
          "Ni",
          "Ni",
          "Ni",
          "Ni",
          "Ni",
          "Ni",
          "Ni",
          "Ni",
          "Ni",
          "Ni",
          "Ni",
          "Ni",
          "Ni",
          "Ni",
          "Ni",
          "Ni",
          "O",
          "O",
          "O",
          "O",
          "O",
          "O",
          "O",
          "O",
          "O",
          "O",
          "O",
          "O",
          "O",
          "O",
          "O",
          "O",
          "O",
          "O",
          "O",
          "O",
          "O",
          "O",
          "O",
          "O",
          "O",
          "O",
          "O",
          "O",
          "O",
          "O",
          "Sn"
        ],
        "Energy": -307.24520205,
        "Forces": [
          [
            -0.062899,
            0.007217,
            0.898403
          ],
          [
            -0.063126,
            0.000265,
            0.905052
          ],
          [
            -0.063546,
            0.006087,
            0.873571
          ],
          [
            -0.06268,
            0.000324,
            0.885315
          ],
          [
            -0.062901,
            -0.007463,
            0.898339
          ],
          [
            -0.063544,
            -0.006393,
            0.872806
          ],
          [
            -0.013097,
            -0.007122,
            -0.87326
          ],
          [
            -0.013043,
            0.006899,
            -0.873353
          ],
          [
            0.038347,
            -0.007976,
            -0.884621
          ],
          [
            0.038261,
            0.007818,
            -0.884666
          ],
          [
            -0.001585,
            0.000243,
            -0.876398
          ],
          [
            0.024096,
            0.00017,
            -0.883354
          ],
          [
            -0.004582,
            -0.000556,
            -0.08615
          ],
          [
            -0.002788,
            0.011943,
            -0.053419
          ],
          [
            -0.013549,
            -0.000142,
            -0.009537
          ],
          [
            -0.005483,
            -0.024362,
            0.160669
          ],
          [
            -0.006256,
            0.023352,
            0.042425
          ],
          [
            -0.002711,
            -0.011372,
            -0.053733
          ],
          [
            0.062262,
            0.093921,
            0.062079
          ],
          [
            0.079062,
            -0.062388,
            0.058808
          ],
          [
            -0.059519,
            0.103831,
            0.057397
          ],
          [
            -0.07473,
            -0.068372,
            0.045683
          ],
          [
            -0.02709,
            -0.034441,
            0.004409
          ],
          [
            0.035325,
            -0.039383,
            -0.005231
          ],
          [
            -0.004547,
            -0.018005,
            0.055957
          ],
          [
            -0.002491,
            0.017992,
            0.052058
          ],
          [
            0.021907,
            -0.112929,
            -0.627375
          ],
          [
            0.016515,
            -0.133668,
            0.155184
          ],
          [
            0.01791,
            0.000204,
            -0.067155
          ],
          [
            0.038338,
            -1.1e-05,
            0.470778
          ],
          [
            0.039739,
            0.000244,
            0.46627
          ],
          [
            0.003701,
            -0.000385,
            0.471776
          ],
          [
            0.001183,
            0.000241,
            0.464754
          ],
          [
            0.038345,
            -0.000212,
            0.470587
          ],
          [
            0.003673,
            0.000169,
            0.471573
          ],
          [
            0.026613,
            -0.014515,
            -0.624666
          ],
          [
            0.026598,
            0.01412,
            -0.624811
          ],
          [
            0.027561,
            -0.012019,
            -0.493568
          ],
          [
            0.027512,
            0.011197,
            -0.496245
          ],
          [
            0.024871,
            0.000414,
            -0.611693
          ],
          [
            0.025007,
            0.000933,
            -0.534981
          ],
          [
            0.121301,
            0.045241,
            0.014075
          ],
          [
            0.095532,
            -0.001883,
            -0.010346
          ],
          [
            -0.12877,
            0.043429,
            0.014614
          ],
          [
            -0.100482,
            -0.0019,
            -0.01466
          ],
          [
            0.121703,
            -0.043277,
            0.014716
          ],
          [
            -0.129175,
            -0.041427,
            0.01511
          ],
          [
            0.005095,
            0.075639,
            -0.068082
          ],
          [
            0.005315,
            -0.078974,
            -0.071522
          ],
          [
            0.001415,
            -0.014954,
            0.147461
          ],
          [
            0.004189,
            0.26025,
            0.384369
          ],
          [
            0.003394,
            0.003596,
            -0.096037
          ],
          [
            0.000884,
            -0.233231,
            0.170409
          ],
          [
            0.052492,
            -0.000854,
            0.056542
          ],
          [
            0.318759,
            -0.033291,
            0.010541
          ],
          [
            -0.069631,
            -0.000997,
            0.048616
          ],
          [
            -0.314934,
            -0.035807,
            0.00846
          ],
          [
            -0.019175,
            0.035134,
            0.003142
          ],
          [
            0.020484,
            0.03779,
            0.001692
          ],
          [
            0.004945,
            0.239646,
            0.091224
          ]
        ],
        "Lattice": [
          [
            8.33,
            0.0,
            0.0
          ],
          [
            0.0,
            8.839539657,
            0.0
          ],
          [
            0.0,
            0.0,
            21.359563785
          ]
        ],
        "NumAtoms": 60,
        "Positions": [
          [
            0.0,
            0.0,
            0.0
          ],
          [
            0.0,
            2.94648,
            0.0
          ],
          [
            4.165,
            0.0,
            0.0
          ],
          [
            4.165,
            2.94648,
            0.0
          ],
          [
            0.0,
            5.89306,
            0.0
          ],
          [
            4.165,
            5.89306,
            0.0
          ],
          [
            2.0825,
            1.47329,
            1.47381
          ],
          [
            2.0825,
            4.41977,
            1.47381
          ],
          [
            6.2475,
            1.47329,
            1.47381
          ],
          [
            6.2475,
            4.41977,
            1.47381
          ],
          [
            2.0825,
            7.36625,
            1.47381
          ],
          [
            6.2475,
            7.36625,
            1.47381
          ],
          [
            0.00022,
            2.94653,
            2.94499
          ],
          [
            0.00012,
            5.89881,
            2.94239
          ],
          [
            4.1663,
            2.94652,
            2.95236
          ],
          [
            4.16549,
            5.89715,
            2.93997
          ],
          [
            4.1655,
            -0.00414,
            2.94061
          ],
          [
            0.00012,
            -0.00579,
            2.94238
          ],
          [
            2.05831,
            4.42295,
            4.46224
          ],
          [
            2.06461,
            7.36666,
            4.48537
          ],
          [
            6.26757,
            4.42399,
            4.4586
          ],
          [
            6.26088,
            7.36669,
            4.48527
          ],
          [
            2.05884,
            1.46973,
            4.46257
          ],
          [
            6.26701,
            1.46866,
            4.45894
          ],
          [
            0.01122,
            5.89001,
            5.80783
          ],
          [
            0.01121,
            0.00303,
            5.80785
          ],
          [
            4.17724,
            5.89139,
            5.90831
          ],
          [
            4.17727,
            0.00306,
            5.90378
          ],
          [
            0.00433,
            2.9465,
            5.78131
          ],
          [
            2.0825,
            0.0,
            0.0
          ],
          [
            2.0825,
            2.94648,
            0.0
          ],
          [
            6.2475,
            0.0,
            0.0
          ],
          [
            6.2475,
            2.94648,
            0.0
          ],
          [
            2.0825,
            5.89306,
            0.0
          ],
          [
            6.2475,
            5.89306,
            0.0
          ],
          [
            0.0,
            1.47329,
            1.47381
          ],
          [
            0.0,
            4.41977,
            1.47381
          ],
          [
            4.165,
            1.47329,
            1.47381
          ],
          [
            4.165,
            4.41977,
            1.47381
          ],
          [
            0.0,
            7.36625,
            1.47381
          ],
          [
            4.165,
            7.36625,
            1.47381
          ],
          [
            2.0802,
            -0.00645,
            2.95907
          ],
          [
            2.07148,
            2.94654,
            2.95449
          ],
          [
            6.24987,
            -0.0071,
            2.95869
          ],
          [
            6.25854,
            2.94654,
            2.95293
          ],
          [
            2.0802,
            5.89945,
            2.95909
          ],
          [
            6.24987,
            5.9001,
            2.95871
          ],
          [
            -0.00461,
            1.44166,
            4.41531
          ],
          [
            -0.00461,
            4.45139,
            4.41534
          ],
          [
            4.16159,
            1.52532,
            4.47161
          ],
          [
            4.16157,
            4.36629,
            4.47024
          ],
          [
            -0.00552,
            7.36627,
            4.4569
          ],
          [
            4.1601,
            7.36762,
            4.45537
          ],
          [
            1.93999,
            2.94652,
            5.81809
          ],
          [
            2.03699,
            5.88783,
            5.85997
          ],
          [
            6.38935,
            2.94652,
            5.81208
          ],
          [
            6.28745,
            5.88849,
            5.86044
          ],
          [
            2.03895,
            0.00519,
            5.86002
          ],
          [
            6.2855,
            0.00454,
            5.86048
          ],
          [
            4.17164,
            2.94513,
            6.25846
          ]
        ],
        "Stress": [
          [
            -78.42587,
            -0.00366,
            0.66125
          ],
          [
            -0.00366,
            -9.3937,
            0.07913
          ],
          [
            0.66125,
            0.07913,
            -33.31039
          ]
        ],
        "computation_code": "VASP",
        "pseudopotential_information": [
          [
            "PAW_PBE",
            "Ni",
            "02Aug2007"
          ],
          [
            "PAW_PBE",
            "O",
            "08Apr2002"
          ],
          [
            "PAW_PBE",
            "Sn_d",
            "06Sep2000"
          ]
        ]
      }
    ],
    "EnergyStyle": "electronvolt",
    "ForcesStyle": "electronvoltperangstrom",
    "LatticeStyle": "angstrom",
    "PositionsStyle": "angstrom",
    "StressStyle": "kB"
  }
}