{
  "Dataset": {
    "AtomTypeStyle": "chemicalsymbol",
    "Data": [
      {
        "AtomTypes": [
          "Ni",
          "Ni",
          "Ni",
          "Ni",
          "Ni",
          "Ni",
          "Ni",
          "Ni",
          "Ni",
          "Ni",
          "Ni",
          "Ni",
          "Ni",
          "Ni",
          "Ni",
          "Ni",
          "Ni",
          "Ni",
          "Ni",
          "Ni",
          "Ni",
          "Ni",
          "Ni",
          "Ni",
          "Ni",
          "Ni",
          "Ni",
          "Ni",
          "Ni",
          "O",
          "O",
          "O",
          "O",
          "O",
          "O",
          "O",
          "O",
          "O",
          "O",
          "O",
          "O",
          "O",
          "O",
          "O",
          "O",
          "O",
          "O",
          "O",
          "O",
          "O",
          "O",
          "O",
          "O",
          "O",
          "O",
          "O",
          "O",
          "O",
          "O",
          "O",
          "Sn"
        ],
        "Energy": -313.0960578,
        "Forces": [
          [
            -0.011012,
            0.0,
            0.888371
          ],
          [
            0.004321,
            0.00765,
            0.882302
          ],
          [
            -0.121176,
            0.0,
            0.991873
          ],
          [
            -0.123344,
            0.033171,
            0.97148
          ],
          [
            0.004321,
            -0.00765,
            0.882302
          ],
          [
            -0.123344,
            -0.033171,
            0.97148
          ],
          [
            0.081176,
            -0.043097,
            -0.870668
          ],
          [
            0.091449,
            0.0,
            -0.880216
          ],
          [
            -0.068507,
            -0.0884,
            -0.823542
          ],
          [
            -0.084705,
            0.0,
            -0.817835
          ],
          [
            0.081176,
            0.043097,
            -0.870668
          ],
          [
            -0.068507,
            0.0884,
            -0.823542
          ],
          [
            0.001497,
            0.001773,
            0.001177
          ],
          [
            0.001497,
            -0.001773,
            0.001177
          ],
          [
            0.002106,
            -0.000132,
            -0.000468
          ],
          [
            0.002106,
            0.000132,
            -0.000468
          ],
          [
            0.001412,
            0.0,
            0.006084
          ],
          [
            0.000689,
            0.0,
            0.000565
          ],
          [
            0.004634,
            0.0,
            0.001922
          ],
          [
            0.00738,
            0.006009,
            0.003385
          ],
          [
            0.002366,
            -0.005229,
            -0.001804
          ],
          [
            -0.002546,
            0.005049,
            0.003695
          ],
          [
            0.00738,
            -0.006009,
            0.003385
          ],
          [
            -0.002546,
            -0.005049,
            0.003695
          ],
          [
            0.003232,
            0.001046,
            -0.000875
          ],
          [
            0.003682,
            0.0,
            -0.000115
          ],
          [
            0.002366,
            0.005229,
            -0.001804
          ],
          [
            0.004599,
            0.0,
            -0.037496
          ],
          [
            0.003232,
            -0.001046,
            -0.000875
          ],
          [
            -0.005663,
            0.0,
            0.436813
          ],
          [
            -0.016406,
            -0.006261,
            0.442655
          ],
          [
            0.048261,
            0.0,
            0.514112
          ],
          [
            0.057372,
            -0.011716,
            0.606362
          ],
          [
            -0.016406,
            0.006261,
            0.442655
          ],
          [
            0.057372,
            0.011716,
            0.606362
          ],
          [
            -0.104324,
            0.030465,
            -0.67046
          ],
          [
            -0.079205,
            0.0,
            -0.586026
          ],
          [
            0.145897,
            -0.008874,
            -0.50678
          ],
          [
            0.110669,
            0.0,
            -0.6294
          ],
          [
            -0.104324,
            -0.030465,
            -0.67046
          ],
          [
            0.145897,
            0.008874,
            -0.50678
          ],
          [
            0.000407,
            0.0,
            -0.00033
          ],
          [
            0.002022,
            0.000873,
            0.002158
          ],
          [
            0.002425,
            0.0,
            0.001041
          ],
          [
            0.002363,
            0.000417,
            0.001368
          ],
          [
            0.002022,
            -0.000873,
            0.002158
          ],
          [
            0.002363,
            -0.000417,
            0.001368
          ],
          [
            0.003062,
            -0.000488,
            0.00155
          ],
          [
            0.003965,
            0.0,
            0.004045
          ],
          [
            0.002429,
            -0.010654,
            0.008354
          ],
          [
            -0.001387,
            0.0,
            -0.002983
          ],
          [
            0.003062,
            0.000488,
            0.00155
          ],
          [
            0.002429,
            0.010654,
            0.008354
          ],
          [
            -0.00051,
            -0.002472,
            0.001957
          ],
          [
            -0.00051,
            0.002472,
            0.001957
          ],
          [
            0.006111,
            -0.003123,
            0.00026
          ],
          [
            0.006111,
            0.003123,
            0.00026
          ],
          [
            0.01535,
            0.0,
            0.003309
          ],
          [
            -0.011406,
            0.0,
            0.00136
          ],
          [
            0.011764,
            0.0,
            -0.003277
          ],
          [
            0.003853,
            0.0,
            0.003972
          ]
        ],
        "Lattice": [
          [
            8.33,
            0.0,
            0.0
          ],
          [
            0.0,
            8.839539657,
            0.0
          ],
          [
            0.0,
            0.0,
            21.359563785
          ]
        ],
        "NumAtoms": 61,
        "Positions": [
          [
            0.0,
            0.0,
            0.0
          ],
          [
            0.0,
            2.94648,
            0.0
          ],
          [
            4.165,
            0.0,
            0.0
          ],
          [
            4.165,
            2.94648,
            0.0
          ],
          [
            0.0,
            5.89306,
            0.0
          ],
          [
            4.165,
            5.89306,
            0.0
          ],
          [
            2.0825,
            1.47329,
            1.47381
          ],
          [
            2.0825,
            4.41977,
            1.47381
          ],
          [
            6.2475,
            1.47329,
            1.47381
          ],
          [
            6.2475,
            4.41977,
            1.47381
          ],
          [
            2.0825,
            7.36625,
            1.47381
          ],
          [
            6.2475,
            7.36625,
            1.47381
          ],
          [
            0.01924,
            2.93195,
            2.94039
          ],
          [
            0.01924,
            5.90759,
            2.94039
          ],
          [
            4.13492,
            2.91947,
            2.97205
          ],
          [
            4.13492,
            5.92007,
            2.97205
          ],
          [
            4.16503,
            0.0,
            2.99351
          ],
          [
            0.00776,
            0.0,
            2.93893
          ],
          [
            2.07393,
            4.41977,
            4.46843
          ],
          [
            2.09757,
            7.38654,
            4.47699
          ],
          [
            3.8706,
            3.02052,
            6.18212
          ],
          [
            6.2533,
            7.40228,
            4.52043
          ],
          [
            2.09757,
            1.453,
            4.47699
          ],
          [
            6.2533,
            1.43726,
            4.52043
          ],
          [
            0.12005,
            5.95768,
            5.8237
          ],
          [
            0.02102,
            0.0,
            5.80593
          ],
          [
            3.8706,
            5.81902,
            6.18212
          ],
          [
            4.19971,
            0.0,
            5.86838
          ],
          [
            0.12005,
            2.88186,
            5.8237
          ],
          [
            2.0825,
            0.0,
            0.0
          ],
          [
            2.0825,
            2.94648,
            0.0
          ],
          [
            6.2475,
            0.0,
            0.0
          ],
          [
            6.2475,
            2.94648,
            0.0
          ],
          [
            2.0825,
            5.89306,
            0.0
          ],
          [
            6.2475,
            5.89306,
            0.0
          ],
          [
            0.0,
            1.47329,
            1.47381
          ],
          [
            0.0,
            4.41977,
            1.47381
          ],
          [
            4.165,
            1.47329,
            1.47381
          ],
          [
            4.165,
            4.41977,
            1.47381
          ],
          [
            0.0,
            7.36625,
            1.47381
          ],
          [
            4.165,
            7.36625,
            1.47381
          ],
          [
            2.10647,
            0.0,
            2.94758
          ],
          [
            2.07761,
            2.94574,
            2.95127
          ],
          [
            6.2284,
            0.0,
            2.95047
          ],
          [
            6.24149,
            2.99625,
            3.03784
          ],
          [
            2.07761,
            5.8938,
            2.95127
          ],
          [
            6.24149,
            5.84329,
            3.03784
          ],
          [
            0.0104,
            1.44296,
            4.38994
          ],
          [
            -0.00916,
            4.41977,
            4.40368
          ],
          [
            4.17362,
            1.5044,
            4.53096
          ],
          [
            4.14514,
            4.41977,
            4.36454
          ],
          [
            0.0104,
            7.39658,
            4.38994
          ],
          [
            4.17362,
            7.33514,
            4.53096
          ],
          [
            1.98683,
            2.93239,
            5.80676
          ],
          [
            1.98683,
            5.90714,
            5.80676
          ],
          [
            6.52088,
            2.8458,
            5.9269
          ],
          [
            6.52088,
            5.99374,
            5.9269
          ],
          [
            2.04602,
            0.0,
            5.86177
          ],
          [
            6.30003,
            0.0,
            5.87657
          ],
          [
            4.28689,
            4.41977,
            7.21856
          ],
          [
            6.17345,
            4.41977,
            4.7423
          ]
        ],
        "Stress": [
          [
            -64.41714,
            0.0,
            0.84993
          ],
          [
            0.0,
            -9.37638,
            0.0
          ],
          [
            0.84993,
            0.0,
            -35.41853
          ]
        ],
        "computation_code": "VASP",
        "pseudopotential_information": [
          [
            "PAW_PBE",
            "Ni",
            "02Aug2007"
          ],
          [
            "PAW_PBE",
            "O",
            "08Apr2002"
          ],
          [
            "PAW_PBE",
            "Sn_d",
            "06Sep2000"
          ]
        ]
      }
    ],
    "EnergyStyle": "electronvolt",
    "ForcesStyle": "electronvoltperangstrom",
    "LatticeStyle": "angstrom",
    "PositionsStyle": "angstrom",
    "StressStyle": "kB"
  }
}