{
  "Dataset": {
    "AtomTypeStyle": "chemicalsymbol",
    "Data": [
      {
        "AtomTypes": [
          "Ni",
          "Ni",
          "Ni",
          "Ni",
          "Ni",
          "Ni",
          "Ni",
          "Ni",
          "Ni",
          "Ni",
          "Ni",
          "Ni",
          "Ni",
          "Ni",
          "Ni",
          "Ni",
          "Ni",
          "Ni",
          "Ni",
          "Ni",
          "Ni",
          "Ni",
          "Ni",
          "Ni",
          "Ni",
          "Ni",
          "Ni",
          "Ni",
          "Ni",
          "O",
          "O",
          "O",
          "O",
          "O",
          "O",
          "O",
          "O",
          "O",
          "O",
          "O",
          "O",
          "O",
          "O",
          "O",
          "O",
          "O",
          "O",
          "O",
          "O",
          "O",
          "O",
          "O",
          "O",
          "O",
          "O",
          "O",
          "O",
          "O",
          "O",
          "Sn"
        ],
        "Energy": -305.49568522,
        "Forces": [
          [
            -0.000244,
            0.0,
            0.767859
          ],
          [
            0.005672,
            0.006337,
            0.702398
          ],
          [
            -0.120379,
            0.0,
            0.760288
          ],
          [
            -0.120728,
            -0.002787,
            0.706277
          ],
          [
            0.005672,
            -0.006337,
            0.702398
          ],
          [
            -0.120728,
            0.002787,
            0.706277
          ],
          [
            0.010418,
            -0.105143,
            -1.014322
          ],
          [
            0.009401,
            0.0,
            -1.086746
          ],
          [
            0.016689,
            -0.279076,
            -1.24678
          ],
          [
            0.021365,
            0.0,
            -1.718348
          ],
          [
            0.010418,
            0.105143,
            -1.014322
          ],
          [
            0.016689,
            0.279076,
            -1.24678
          ],
          [
            0.231083,
            -0.167501,
            -0.218414
          ],
          [
            0.231083,
            0.167501,
            -0.218414
          ],
          [
            -0.221639,
            -0.175453,
            -0.228612
          ],
          [
            -0.221639,
            0.175453,
            -0.228612
          ],
          [
            -0.070519,
            0.0,
            -0.101249
          ],
          [
            0.066046,
            0.0,
            -0.104335
          ],
          [
            -0.090206,
            0.0,
            0.116961
          ],
          [
            -0.047629,
            0.081164,
            0.110058
          ],
          [
            -0.843694,
            0.161591,
            1.911485
          ],
          [
            0.008505,
            0.237952,
            0.062941
          ],
          [
            -0.047629,
            -0.081164,
            0.110058
          ],
          [
            0.008505,
            -0.237952,
            0.062941
          ],
          [
            0.834228,
            -0.192051,
            1.524481
          ],
          [
            0.224056,
            0.0,
            0.226939
          ],
          [
            -0.843694,
            -0.161591,
            1.911485
          ],
          [
            -0.102057,
            0.0,
            0.239812
          ],
          [
            0.834228,
            0.192051,
            1.524481
          ],
          [
            0.016119,
            0.0,
            0.501739
          ],
          [
            0.016864,
            0.005699,
            0.530604
          ],
          [
            0.019943,
            0.0,
            0.602497
          ],
          [
            0.017964,
            0.008738,
            0.660689
          ],
          [
            0.016864,
            -0.005699,
            0.530604
          ],
          [
            0.017964,
            -0.008738,
            0.660689
          ],
          [
            -0.080556,
            0.03479,
            -0.516832
          ],
          [
            -0.082112,
            0.0,
            -0.378081
          ],
          [
            0.12076,
            0.042745,
            -0.516594
          ],
          [
            0.127734,
            0.0,
            -0.382159
          ],
          [
            -0.080556,
            -0.03479,
            -0.516832
          ],
          [
            0.12076,
            -0.042745,
            -0.516594
          ],
          [
            -0.001744,
            0.0,
            0.075331
          ],
          [
            0.002153,
            0.02729,
            0.118399
          ],
          [
            0.004696,
            0.0,
            -0.005467
          ],
          [
            0.0027,
            0.273836,
            0.395389
          ],
          [
            0.002153,
            -0.02729,
            0.118399
          ],
          [
            0.0027,
            -0.273836,
            0.395389
          ],
          [
            -0.091795,
            -0.305784,
            -0.466306
          ],
          [
            0.005212,
            0.0,
            -0.893901
          ],
          [
            0.077385,
            -0.406176,
            -0.5811
          ],
          [
            -0.014152,
            0.0,
            -1.093539
          ],
          [
            -0.091795,
            0.305784,
            -0.466306
          ],
          [
            0.077385,
            0.406176,
            -0.5811
          ],
          [
            -0.142181,
            -0.050582,
            -0.354608
          ],
          [
            -0.142181,
            0.050582,
            -0.354608
          ],
          [
            0.157308,
            -0.654817,
            0.251623
          ],
          [
            0.157308,
            0.654817,
            0.251623
          ],
          [
            -0.036534,
            0.0,
            -0.167316
          ],
          [
            0.004876,
            0.0,
            -0.030282
          ],
          [
            0.111484,
            0.0,
            -0.991548
          ]
        ],
        "Lattice": [
          [
            8.33,
            0.0,
            0.0
          ],
          [
            0.0,
            8.839539657,
            0.0
          ],
          [
            0.0,
            0.0,
            21.359563785
          ]
        ],
        "NumAtoms": 60,
        "Positions": [
          [
            0.0,
            0.0,
            0.0
          ],
          [
            0.0,
            2.94648,
            0.0
          ],
          [
            4.165,
            0.0,
            0.0
          ],
          [
            4.165,
            2.94648,
            0.0
          ],
          [
            0.0,
            5.89306,
            0.0
          ],
          [
            4.165,
            5.89306,
            0.0
          ],
          [
            2.0825,
            1.47329,
            1.47381
          ],
          [
            2.0825,
            4.41977,
            1.47381
          ],
          [
            6.2475,
            1.47329,
            1.47381
          ],
          [
            6.2475,
            4.41977,
            1.47381
          ],
          [
            2.0825,
            7.36625,
            1.47381
          ],
          [
            6.2475,
            7.36625,
            1.47381
          ],
          [
            0.03591,
            2.92471,
            2.92824
          ],
          [
            0.03591,
            5.91483,
            2.92824
          ],
          [
            4.12937,
            2.92469,
            2.92895
          ],
          [
            4.12937,
            5.91485,
            2.92895
          ],
          [
            4.15952,
            0.0,
            2.94856
          ],
          [
            0.00548,
            0.0,
            2.94849
          ],
          [
            2.08231,
            4.41977,
            4.47236
          ],
          [
            2.08213,
            7.3664,
            4.46544
          ],
          [
            4.12626,
            2.95332,
            5.91424
          ],
          [
            6.24679,
            7.40829,
            4.46216
          ],
          [
            2.08213,
            1.47314,
            4.46544
          ],
          [
            6.24679,
            1.43125,
            4.46216
          ],
          [
            0.04073,
            5.88706,
            5.91303
          ],
          [
            0.01105,
            0.0,
            5.8616
          ],
          [
            4.12626,
            5.88622,
            5.91424
          ],
          [
            4.158,
            0.0,
            5.86131
          ],
          [
            0.04073,
            2.95248,
            5.91303
          ],
          [
            2.0825,
            0.0,
            0.0
          ],
          [
            2.0825,
            2.94648,
            0.0
          ],
          [
            6.2475,
            0.0,
            0.0
          ],
          [
            6.2475,
            2.94648,
            0.0
          ],
          [
            2.0825,
            5.89306,
            0.0
          ],
          [
            6.2475,
            5.89306,
            0.0
          ],
          [
            0.0,
            1.47329,
            1.47381
          ],
          [
            0.0,
            4.41977,
            1.47381
          ],
          [
            4.165,
            1.47329,
            1.47381
          ],
          [
            4.165,
            4.41977,
            1.47381
          ],
          [
            0.0,
            7.36625,
            1.47381
          ],
          [
            4.165,
            7.36625,
            1.47381
          ],
          [
            2.08243,
            0.0,
            2.9432
          ],
          [
            2.08211,
            2.95204,
            2.9466
          ],
          [
            6.24759,
            0.0,
            2.94751
          ],
          [
            6.24778,
            2.9578,
            2.95127
          ],
          [
            2.08211,
            5.8875,
            2.9466
          ],
          [
            6.24778,
            5.88174,
            2.95127
          ],
          [
            -0.01104,
            1.46395,
            4.42075
          ],
          [
            -0.00917,
            4.41977,
            4.40424
          ],
          [
            4.17525,
            1.46322,
            4.42044
          ],
          [
            4.17345,
            4.41977,
            4.40441
          ],
          [
            -0.01104,
            7.37559,
            4.42075
          ],
          [
            4.17525,
            7.37632,
            4.42044
          ],
          [
            2.08134,
            2.94658,
            5.85897
          ],
          [
            2.08134,
            5.89296,
            5.85897
          ],
          [
            6.24828,
            2.95121,
            5.86215
          ],
          [
            6.24828,
            5.88833,
            5.86215
          ],
          [
            2.08177,
            0.0,
            5.87149
          ],
          [
            6.24724,
            0.0,
            5.87014
          ],
          [
            6.24662,
            4.41977,
            4.51876
          ]
        ],
        "Stress": [
          [
            -53.84231,
            0.0,
            0.58615
          ],
          [
            0.0,
            8.07176,
            0.0
          ],
          [
            0.58615,
            0.0,
            -16.47081
          ]
        ],
        "computation_code": "VASP",
        "pseudopotential_information": [
          [
            "PAW_PBE",
            "Ni",
            "02Aug2007"
          ],
          [
            "PAW_PBE",
            "O",
            "08Apr2002"
          ],
          [
            "PAW_PBE",
            "Sn_d",
            "06Sep2000"
          ]
        ]
      }
    ],
    "EnergyStyle": "electronvolt",
    "ForcesStyle": "electronvoltperangstrom",
    "LatticeStyle": "angstrom",
    "PositionsStyle": "angstrom",
    "StressStyle": "kB"
  }
}