{
  "Dataset": {
    "AtomTypeStyle": "chemicalsymbol",
    "Data": [
      {
        "AtomTypes": [
          "Ni",
          "Ni",
          "Ni",
          "Ni",
          "Ni",
          "Ni",
          "Ni",
          "Ni",
          "Ni",
          "Ni",
          "Ni",
          "Ni",
          "Ni",
          "Ni",
          "Ni",
          "Ni",
          "Ni",
          "Ni",
          "Ni",
          "Ni",
          "Ni",
          "Ni",
          "Ni",
          "Ni",
          "Ni",
          "Ni",
          "Ni",
          "Ni",
          "Ni",
          "O",
          "O",
          "O",
          "O",
          "O",
          "O",
          "O",
          "O",
          "O",
          "O",
          "O",
          "O",
          "O",
          "O",
          "O",
          "O",
          "O",
          "O",
          "O",
          "O",
          "O",
          "O",
          "O",
          "O",
          "O",
          "O",
          "O",
          "O",
          "O",
          "O",
          "Sn"
        ],
        "Energy": -306.18037759,
        "Forces": [
          [
            -0.010805,
            -0.0,
            0.952879
          ],
          [
            -0.000913,
            0.020772,
            0.90129
          ],
          [
            -0.120797,
            -0.0,
            0.953458
          ],
          [
            -0.119163,
            0.021036,
            0.907431
          ],
          [
            -0.000913,
            -0.020772,
            0.90129
          ],
          [
            -0.119163,
            -0.021036,
            0.907431
          ],
          [
            0.006386,
            -0.136957,
            -0.814746
          ],
          [
            0.013508,
            -0.0,
            -0.902757
          ],
          [
            0.014983,
            -0.224076,
            -0.885251
          ],
          [
            0.019785,
            -0.0,
            -1.219731
          ],
          [
            0.006386,
            0.136957,
            -0.814746
          ],
          [
            0.014983,
            0.224076,
            -0.885251
          ],
          [
            0.005602,
            -0.000342,
            0.010879
          ],
          [
            0.005602,
            0.000342,
            0.010879
          ],
          [
            -0.006954,
            -0.005298,
            0.005133
          ],
          [
            -0.006954,
            0.005298,
            0.005133
          ],
          [
            0.004708,
            -0.0,
            0.001789
          ],
          [
            -0.002543,
            -0.0,
            0.05537
          ],
          [
            -0.013775,
            -0.0,
            0.002096
          ],
          [
            -0.037134,
            0.035915,
            0.02413
          ],
          [
            -0.013978,
            -0.015277,
            0.04948
          ],
          [
            0.04214,
            0.050433,
            0.026808
          ],
          [
            -0.037134,
            -0.035915,
            0.02413
          ],
          [
            0.04214,
            -0.050433,
            0.026808
          ],
          [
            0.008818,
            0.029617,
            0.03276
          ],
          [
            -0.000172,
            -0.0,
            -0.179233
          ],
          [
            -0.013978,
            0.015277,
            0.04948
          ],
          [
            -0.004922,
            -0.0,
            0.095671
          ],
          [
            0.008818,
            -0.029617,
            0.03276
          ],
          [
            0.021646,
            -0.0,
            0.436945
          ],
          [
            0.017528,
            -2.5e-05,
            0.473742
          ],
          [
            0.020058,
            -0.0,
            0.519838
          ],
          [
            0.01876,
            -0.000451,
            0.616766
          ],
          [
            0.017528,
            2.5e-05,
            0.473742
          ],
          [
            0.01876,
            0.000451,
            0.616766
          ],
          [
            -0.078528,
            0.005399,
            -0.671255
          ],
          [
            -0.054222,
            -0.0,
            -0.543772
          ],
          [
            0.125521,
            0.009926,
            -0.662524
          ],
          [
            0.111843,
            -0.0,
            -0.536925
          ],
          [
            -0.078528,
            -0.005399,
            -0.671255
          ],
          [
            0.125521,
            -0.009926,
            -0.662524
          ],
          [
            0.002767,
            -0.0,
            0.038137
          ],
          [
            0.004662,
            0.001484,
            0.014653
          ],
          [
            0.001947,
            -0.0,
            0.01986
          ],
          [
            -0.004628,
            0.016275,
            0.025901
          ],
          [
            0.004662,
            -0.001484,
            0.014653
          ],
          [
            -0.004628,
            -0.016275,
            0.025901
          ],
          [
            0.003262,
            -0.047184,
            0.061893
          ],
          [
            -0.015622,
            -0.0,
            -0.01191
          ],
          [
            -0.00055,
            0.015008,
            -0.010061
          ],
          [
            0.002581,
            -0.0,
            -0.035468
          ],
          [
            0.003262,
            0.047184,
            0.061893
          ],
          [
            -0.00055,
            -0.015008,
            -0.010061
          ],
          [
            -0.005896,
            -0.007138,
            0.027605
          ],
          [
            -0.005896,
            0.007138,
            0.027605
          ],
          [
            0.008567,
            0.015592,
            -0.002531
          ],
          [
            0.008567,
            -0.015592,
            -0.002531
          ],
          [
            -0.087335,
            -0.0,
            0.024064
          ],
          [
            0.102244,
            -0.0,
            0.033896
          ],
          [
            0.032136,
            -0.0,
            0.031589
          ]
        ],
        "Lattice": [
          [
            8.33,
            0.0,
            0.0
          ],
          [
            0.0,
            8.839539657,
            0.0
          ],
          [
            0.0,
            0.0,
            21.359563785
          ]
        ],
        "NumAtoms": 60,
        "Positions": [
          [
            0.0,
            0.0,
            0.0
          ],
          [
            0.0,
            2.94648,
            0.0
          ],
          [
            4.165,
            0.0,
            0.0
          ],
          [
            4.165,
            2.94648,
            0.0
          ],
          [
            0.0,
            5.89306,
            0.0
          ],
          [
            4.165,
            5.89306,
            0.0
          ],
          [
            2.0825,
            1.47329,
            1.47381
          ],
          [
            2.0825,
            4.41977,
            1.47381
          ],
          [
            6.2475,
            1.47329,
            1.47381
          ],
          [
            6.2475,
            4.41977,
            1.47381
          ],
          [
            2.0825,
            7.36625,
            1.47381
          ],
          [
            6.2475,
            7.36625,
            1.47381
          ],
          [
            0.04188,
            2.90362,
            2.94633
          ],
          [
            0.04188,
            5.93592,
            2.94633
          ],
          [
            4.12404,
            2.90381,
            2.94925
          ],
          [
            4.12404,
            5.93573,
            2.94925
          ],
          [
            4.15705,
            -0.0,
            2.97182
          ],
          [
            0.00558,
            -0.0,
            2.97116
          ],
          [
            2.07861,
            4.41977,
            4.46841
          ],
          [
            2.08361,
            7.35655,
            4.51009
          ],
          [
            4.03408,
            3.10552,
            6.01416
          ],
          [
            6.24711,
            7.3978,
            4.53051
          ],
          [
            2.08361,
            1.48299,
            4.51009
          ],
          [
            6.24711,
            1.44174,
            4.53051
          ],
          [
            0.13077,
            5.73318,
            6.01112
          ],
          [
            0.0339,
            -0.0,
            5.85674
          ],
          [
            4.03408,
            5.73402,
            6.01416
          ],
          [
            4.16902,
            -0.0,
            5.858
          ],
          [
            0.13077,
            3.10636,
            6.01112
          ],
          [
            2.0825,
            0.0,
            0.0
          ],
          [
            2.0825,
            2.94648,
            0.0
          ],
          [
            6.2475,
            0.0,
            0.0
          ],
          [
            6.2475,
            2.94648,
            0.0
          ],
          [
            2.0825,
            5.89306,
            0.0
          ],
          [
            6.2475,
            5.89306,
            0.0
          ],
          [
            0.0,
            1.47329,
            1.47381
          ],
          [
            0.0,
            4.41977,
            1.47381
          ],
          [
            4.165,
            1.47329,
            1.47381
          ],
          [
            4.165,
            4.41977,
            1.47381
          ],
          [
            0.0,
            7.36625,
            1.47381
          ],
          [
            4.165,
            7.36625,
            1.47381
          ],
          [
            2.0821,
            -0.0,
            2.95407
          ],
          [
            2.08273,
            2.95064,
            2.96059
          ],
          [
            6.24662,
            -0.0,
            2.953
          ],
          [
            6.24793,
            2.98003,
            3.00465
          ],
          [
            2.08273,
            5.8889,
            2.96059
          ],
          [
            6.24793,
            5.85951,
            3.00465
          ],
          [
            -0.00894,
            1.4712,
            4.43775
          ],
          [
            -0.00551,
            4.41977,
            4.36664
          ],
          [
            4.17317,
            1.47148,
            4.43966
          ],
          [
            4.16671,
            4.41977,
            4.36923
          ],
          [
            -0.00894,
            7.36834,
            4.43775
          ],
          [
            4.17317,
            7.36806,
            4.43966
          ],
          [
            2.08264,
            2.97421,
            5.86352
          ],
          [
            2.08264,
            5.86533,
            5.86352
          ],
          [
            6.245,
            2.9283,
            5.93899
          ],
          [
            6.245,
            5.91124,
            5.93899
          ],
          [
            2.08401,
            -0.0,
            5.87764
          ],
          [
            6.24759,
            -0.0,
            5.89873
          ],
          [
            6.24451,
            4.41977,
            4.5825
          ]
        ],
        "Stress": [
          [
            -72.40852,
            0.0,
            0.49087
          ],
          [
            0.0,
            -10.24107,
            0.0
          ],
          [
            0.49087,
            0.0,
            -32.7451
          ]
        ],
        "computation_code": "VASP",
        "pseudopotential_information": [
          [
            "PAW_PBE",
            "Ni",
            "02Aug2007"
          ],
          [
            "PAW_PBE",
            "O",
            "08Apr2002"
          ],
          [
            "PAW_PBE",
            "Sn_d",
            "06Sep2000"
          ]
        ]
      }
    ],
    "EnergyStyle": "electronvolt",
    "ForcesStyle": "electronvoltperangstrom",
    "LatticeStyle": "angstrom",
    "PositionsStyle": "angstrom",
    "StressStyle": "kB"
  }
}