{
  "Dataset": {
    "AtomTypeStyle": "chemicalsymbol",
    "Data": [
      {
        "AtomTypes": [
          "Ni",
          "Ni",
          "Ni",
          "Ni",
          "Ni",
          "Ni",
          "Ni",
          "Ni",
          "Ni",
          "Ni",
          "Ni",
          "Ni",
          "Ni",
          "Ni",
          "Ni",
          "Ni",
          "Ni",
          "Ni",
          "Ni",
          "Ni",
          "Ni",
          "Ni",
          "Ni",
          "Ni",
          "Ni",
          "Ni",
          "Ni",
          "Ni",
          "Ni",
          "O",
          "O",
          "O",
          "O",
          "O",
          "O",
          "O",
          "O",
          "O",
          "O",
          "O",
          "O",
          "O",
          "O",
          "O",
          "O",
          "O",
          "O",
          "O",
          "O",
          "O",
          "O",
          "O",
          "O",
          "O",
          "O",
          "O",
          "O",
          "O",
          "O",
          "O",
          "Sn"
        ],
        "Energy": -313.06351872,
        "Forces": [
          [
            -0.007805,
            0.0,
            0.891303
          ],
          [
            0.003204,
            0.010525,
            0.887388
          ],
          [
            -0.123197,
            0.0,
            0.989797
          ],
          [
            -0.125085,
            0.027982,
            0.949216
          ],
          [
            0.003204,
            -0.010525,
            0.887388
          ],
          [
            -0.125085,
            -0.027982,
            0.949216
          ],
          [
            0.062504,
            -0.058618,
            -0.876999
          ],
          [
            0.060213,
            0.0,
            -0.872939
          ],
          [
            -0.06198,
            -0.118155,
            -0.877765
          ],
          [
            -0.039917,
            0.0,
            -0.96233
          ],
          [
            0.062504,
            0.058618,
            -0.876999
          ],
          [
            -0.06198,
            0.118155,
            -0.877765
          ],
          [
            0.095499,
            -0.017154,
            -0.03949
          ],
          [
            0.095499,
            0.017154,
            -0.03949
          ],
          [
            -0.089023,
            -0.039274,
            -0.010736
          ],
          [
            -0.089023,
            0.039274,
            -0.010736
          ],
          [
            -0.018665,
            0.0,
            -0.215439
          ],
          [
            0.042378,
            0.0,
            -0.070953
          ],
          [
            0.059802,
            0.0,
            -0.012348
          ],
          [
            -0.053062,
            -0.011974,
            -0.190157
          ],
          [
            0.008139,
            0.125648,
            -0.055357
          ],
          [
            0.154574,
            -0.154827,
            -0.011982
          ],
          [
            -0.053062,
            0.011974,
            -0.190157
          ],
          [
            0.154574,
            0.154827,
            -0.011982
          ],
          [
            -0.03312,
            -0.021221,
            -0.055997
          ],
          [
            0.000474,
            0.0,
            0.053371
          ],
          [
            0.008139,
            -0.125648,
            -0.055357
          ],
          [
            0.03038,
            0.0,
            0.616646
          ],
          [
            -0.03312,
            0.021221,
            -0.055997
          ],
          [
            0.003021,
            0.0,
            0.428525
          ],
          [
            -0.006006,
            -0.002077,
            0.439843
          ],
          [
            0.038842,
            0.0,
            0.519251
          ],
          [
            0.044735,
            -0.010648,
            0.597052
          ],
          [
            -0.006006,
            0.002077,
            0.439843
          ],
          [
            0.044735,
            0.010648,
            0.597052
          ],
          [
            -0.111963,
            0.014294,
            -0.697288
          ],
          [
            -0.069669,
            0.0,
            -0.609112
          ],
          [
            0.14525,
            -0.009238,
            -0.52003
          ],
          [
            0.117931,
            0.0,
            -0.644787
          ],
          [
            -0.111963,
            -0.014294,
            -0.697288
          ],
          [
            0.14525,
            0.009238,
            -0.52003
          ],
          [
            0.009948,
            0.0,
            0.071044
          ],
          [
            0.06827,
            0.044193,
            0.067518
          ],
          [
            0.014975,
            0.0,
            -0.018392
          ],
          [
            -0.1257,
            0.045777,
            0.042827
          ],
          [
            0.06827,
            -0.044193,
            0.067518
          ],
          [
            -0.1257,
            -0.045777,
            0.042827
          ],
          [
            0.005394,
            0.201252,
            0.065681
          ],
          [
            0.030235,
            0.0,
            0.059781
          ],
          [
            -0.014933,
            0.228583,
            -0.057557
          ],
          [
            -0.162735,
            0.0,
            0.092532
          ],
          [
            0.005394,
            -0.201252,
            0.065681
          ],
          [
            -0.014933,
            -0.228583,
            -0.057557
          ],
          [
            -0.034912,
            0.058703,
            -0.008222
          ],
          [
            -0.034912,
            -0.058703,
            -0.008222
          ],
          [
            -0.032463,
            -0.083845,
            0.046946
          ],
          [
            -0.032463,
            0.083845,
            0.046946
          ],
          [
            -0.151813,
            0.0,
            -0.001127
          ],
          [
            0.164629,
            0.0,
            0.00073
          ],
          [
            0.093268,
            0.0,
            0.083032
          ],
          [
            0.109062,
            0.0,
            0.21163
          ]
        ],
        "Lattice": [
          [
            8.33,
            0.0,
            0.0
          ],
          [
            0.0,
            8.839539657,
            0.0
          ],
          [
            0.0,
            0.0,
            21.359563785
          ]
        ],
        "NumAtoms": 61,
        "Positions": [
          [
            0.0,
            0.0,
            0.0
          ],
          [
            0.0,
            2.94648,
            0.0
          ],
          [
            4.165,
            0.0,
            0.0
          ],
          [
            4.165,
            2.94648,
            0.0
          ],
          [
            0.0,
            5.89306,
            0.0
          ],
          [
            4.165,
            5.89306,
            0.0
          ],
          [
            2.0825,
            1.47329,
            1.47381
          ],
          [
            2.0825,
            4.41977,
            1.47381
          ],
          [
            6.2475,
            1.47329,
            1.47381
          ],
          [
            6.2475,
            4.41977,
            1.47381
          ],
          [
            2.0825,
            7.36625,
            1.47381
          ],
          [
            6.2475,
            7.36625,
            1.47381
          ],
          [
            0.01799,
            2.92775,
            2.93997
          ],
          [
            0.01799,
            5.91179,
            2.93997
          ],
          [
            4.13896,
            2.91694,
            2.9619
          ],
          [
            4.13896,
            5.9226,
            2.9619
          ],
          [
            4.15886,
            0.0,
            2.9971
          ],
          [
            0.00303,
            0.0,
            2.93807
          ],
          [
            2.07645,
            4.41977,
            4.46868
          ],
          [
            2.08948,
            7.38888,
            4.48576
          ],
          [
            3.87377,
            3.00656,
            6.17869
          ],
          [
            6.24557,
            7.41383,
            4.51456
          ],
          [
            2.08948,
            1.45066,
            4.48576
          ],
          [
            6.24557,
            1.42571,
            4.51456
          ],
          [
            0.11776,
            5.96173,
            5.81874
          ],
          [
            0.01236,
            0.0,
            5.81002
          ],
          [
            3.87377,
            5.83298,
            6.17869
          ],
          [
            4.18477,
            0.0,
            5.86359
          ],
          [
            0.11776,
            2.87781,
            5.81874
          ],
          [
            2.0825,
            0.0,
            0.0
          ],
          [
            2.0825,
            2.94648,
            0.0
          ],
          [
            6.2475,
            0.0,
            0.0
          ],
          [
            6.2475,
            2.94648,
            0.0
          ],
          [
            2.0825,
            5.89306,
            0.0
          ],
          [
            6.2475,
            5.89306,
            0.0
          ],
          [
            0.0,
            1.47329,
            1.47381
          ],
          [
            0.0,
            4.41977,
            1.47381
          ],
          [
            4.165,
            1.47329,
            1.47381
          ],
          [
            4.165,
            4.41977,
            1.47381
          ],
          [
            0.0,
            7.36625,
            1.47381
          ],
          [
            4.165,
            7.36625,
            1.47381
          ],
          [
            2.10165,
            0.0,
            2.9438
          ],
          [
            2.07172,
            2.94056,
            2.94798
          ],
          [
            6.22235,
            0.0,
            2.9517
          ],
          [
            6.26007,
            2.98643,
            3.01861
          ],
          [
            2.07172,
            5.89898,
            2.94798
          ],
          [
            6.26007,
            5.85311,
            3.01861
          ],
          [
            0.00479,
            1.42406,
            4.38767
          ],
          [
            -0.00264,
            4.41977,
            4.39332
          ],
          [
            4.17019,
            1.49405,
            4.51748
          ],
          [
            4.15809,
            4.41977,
            4.3337
          ],
          [
            0.00479,
            7.41548,
            4.38767
          ],
          [
            4.17019,
            7.34549,
            4.51748
          ],
          [
            1.98716,
            2.925,
            5.80767
          ],
          [
            1.98716,
            5.91454,
            5.80767
          ],
          [
            6.51578,
            2.85941,
            5.89842
          ],
          [
            6.51578,
            5.98013,
            5.89842
          ],
          [
            2.03333,
            0.0,
            5.87159
          ],
          [
            6.29539,
            0.0,
            5.88297
          ],
          [
            4.24364,
            4.41977,
            7.20638
          ],
          [
            6.17803,
            4.41977,
            4.6946
          ]
        ],
        "Stress": [
          [
            -62.40595,
            0.0,
            0.9692
          ],
          [
            0.0,
            -7.66486,
            0.0
          ],
          [
            0.9692,
            0.0,
            -32.76543
          ]
        ],
        "computation_code": "VASP",
        "pseudopotential_information": [
          [
            "PAW_PBE",
            "Ni",
            "02Aug2007"
          ],
          [
            "PAW_PBE",
            "O",
            "08Apr2002"
          ],
          [
            "PAW_PBE",
            "Sn_d",
            "06Sep2000"
          ]
        ]
      }
    ],
    "EnergyStyle": "electronvolt",
    "ForcesStyle": "electronvoltperangstrom",
    "LatticeStyle": "angstrom",
    "PositionsStyle": "angstrom",
    "StressStyle": "kB"
  }
}