{
  "Dataset": {
    "AtomTypeStyle": "chemicalsymbol",
    "Data": [
      {
        "AtomTypes": [
          "Ni",
          "Ni",
          "Ni",
          "Ni",
          "Ni",
          "Ni",
          "Ni",
          "Ni",
          "Ni",
          "Ni",
          "Ni",
          "Ni",
          "Ni",
          "Ni",
          "Ni",
          "Ni",
          "Ni",
          "Ni",
          "Ni",
          "Ni",
          "Ni",
          "Ni",
          "Ni",
          "Ni",
          "Ni",
          "Ni",
          "Ni",
          "Ni",
          "Ni",
          "O",
          "O",
          "O",
          "O",
          "O",
          "O",
          "O",
          "O",
          "O",
          "O",
          "O",
          "O",
          "O",
          "O",
          "O",
          "O",
          "O",
          "O",
          "O",
          "O",
          "O",
          "O",
          "O",
          "O",
          "O",
          "O",
          "O",
          "O",
          "O",
          "O",
          "O",
          "Sn"
        ],
        "Energy": -311.30342601,
        "Forces": [
          [
            0.019065,
            -0.0,
            0.696981
          ],
          [
            0.041232,
            -0.032634,
            0.640486
          ],
          [
            -0.122389,
            -0.0,
            0.70971
          ],
          [
            -0.14433,
            -0.043844,
            0.680173
          ],
          [
            0.041232,
            0.032634,
            0.640486
          ],
          [
            -0.14433,
            0.043844,
            0.680173
          ],
          [
            0.028212,
            -0.06985,
            -1.03949
          ],
          [
            0.034127,
            -0.0,
            -1.102885
          ],
          [
            0.0026,
            -0.383253,
            -1.438463
          ],
          [
            0.002141,
            -0.0,
            -2.11123
          ],
          [
            0.028212,
            0.06985,
            -1.03949
          ],
          [
            0.0026,
            0.383253,
            -1.438463
          ],
          [
            0.745811,
            -0.460105,
            -0.391918
          ],
          [
            0.745811,
            0.460105,
            -0.391918
          ],
          [
            -0.732069,
            -0.399901,
            -0.29169
          ],
          [
            -0.732069,
            0.399901,
            -0.29169
          ],
          [
            -0.123821,
            -0.0,
            0.091211
          ],
          [
            0.123895,
            -0.0,
            0.02183
          ],
          [
            0.128711,
            -0.0,
            1.243018
          ],
          [
            0.00957,
            -0.0102,
            1.046958
          ],
          [
            -0.860764,
            0.623804,
            0.993967
          ],
          [
            -0.044071,
            0.85327,
            0.968504
          ],
          [
            0.00957,
            0.0102,
            1.046958
          ],
          [
            -0.044071,
            -0.85327,
            0.968504
          ],
          [
            1.121914,
            0.449294,
            -0.034904
          ],
          [
            0.251017,
            -0.0,
            -0.575044
          ],
          [
            -0.860764,
            -0.623804,
            0.993967
          ],
          [
            -0.138154,
            -0.0,
            -0.730129
          ],
          [
            1.121914,
            -0.449294,
            -0.034904
          ],
          [
            0.00133,
            -0.0,
            0.527563
          ],
          [
            0.006351,
            0.019811,
            0.547759
          ],
          [
            0.024776,
            -0.0,
            0.639521
          ],
          [
            0.022367,
            0.037197,
            0.727725
          ],
          [
            0.006351,
            -0.019811,
            0.547759
          ],
          [
            0.022367,
            -0.037197,
            0.727725
          ],
          [
            -0.124513,
            0.101831,
            -0.379606
          ],
          [
            -0.174191,
            -0.0,
            -0.215796
          ],
          [
            0.154573,
            0.107008,
            -0.419402
          ],
          [
            0.206913,
            -0.0,
            -0.3253
          ],
          [
            -0.124513,
            -0.101831,
            -0.379606
          ],
          [
            0.154573,
            -0.107008,
            -0.419402
          ],
          [
            -0.02678,
            -0.0,
            -0.031012
          ],
          [
            -0.036737,
            0.102274,
            0.025081
          ],
          [
            0.024685,
            -0.0,
            0.031415
          ],
          [
            0.042884,
            0.303625,
            0.191698
          ],
          [
            -0.036737,
            -0.102274,
            0.025081
          ],
          [
            0.042884,
            -0.303625,
            0.191698
          ],
          [
            -0.238498,
            0.063537,
            0.230202
          ],
          [
            -0.12277,
            -0.0,
            -0.058798
          ],
          [
            0.202397,
            -0.045874,
            0.278434
          ],
          [
            0.129745,
            -0.0,
            -1.126543
          ],
          [
            -0.238498,
            -0.063537,
            0.230202
          ],
          [
            0.202397,
            0.045874,
            0.278434
          ],
          [
            -1.028461,
            -0.15634,
            -1.020346
          ],
          [
            -1.028461,
            0.15634,
            -1.020346
          ],
          [
            0.853163,
            -0.221707,
            -0.863324
          ],
          [
            0.853163,
            0.221707,
            -0.863324
          ],
          [
            -0.065006,
            -0.0,
            -0.541135
          ],
          [
            0.035624,
            -0.0,
            -0.552707
          ],
          [
            0.101227,
            -0.0,
            0.384266
          ],
          [
            -0.353407,
            -0.0,
            2.121378
          ]
        ],
        "Lattice": [
          [
            8.33,
            0.0,
            0.0
          ],
          [
            0.0,
            8.839539657,
            0.0
          ],
          [
            0.0,
            0.0,
            21.359563785
          ]
        ],
        "NumAtoms": 61,
        "Positions": [
          [
            0.0,
            0.0,
            0.0
          ],
          [
            0.0,
            2.94648,
            0.0
          ],
          [
            4.165,
            0.0,
            0.0
          ],
          [
            4.165,
            2.94648,
            0.0
          ],
          [
            0.0,
            5.89306,
            0.0
          ],
          [
            4.165,
            5.89306,
            0.0
          ],
          [
            2.0825,
            1.47329,
            1.47381
          ],
          [
            2.0825,
            4.41977,
            1.47381
          ],
          [
            6.2475,
            1.47329,
            1.47381
          ],
          [
            6.2475,
            4.41977,
            1.47381
          ],
          [
            2.0825,
            7.36625,
            1.47381
          ],
          [
            6.2475,
            7.36625,
            1.47381
          ],
          [
            0.009,
            2.94081,
            2.94047
          ],
          [
            0.009,
            5.89872,
            2.94047
          ],
          [
            4.15622,
            2.94199,
            2.94219
          ],
          [
            4.15622,
            5.89755,
            2.94219
          ],
          [
            4.16365,
            0.0,
            2.94643
          ],
          [
            0.00137,
            0.0,
            2.94562
          ],
          [
            2.08478,
            4.41977,
            4.43322
          ],
          [
            2.08285,
            7.36613,
            4.43116
          ],
          [
            4.15602,
            2.95347,
            5.9039
          ],
          [
            6.24681,
            7.37652,
            4.43049
          ],
          [
            2.08285,
            1.47341,
            4.43116
          ],
          [
            6.24681,
            1.46302,
            4.43049
          ],
          [
            0.01192,
            5.89824,
            5.89543
          ],
          [
            0.00264,
            0.0,
            5.88727
          ],
          [
            4.15602,
            5.88607,
            5.9039
          ],
          [
            4.16342,
            0.0,
            5.88568
          ],
          [
            0.01192,
            2.9413,
            5.89543
          ],
          [
            2.0825,
            0.0,
            0.0
          ],
          [
            2.0825,
            2.94648,
            0.0
          ],
          [
            6.2475,
            0.0,
            0.0
          ],
          [
            6.2475,
            2.94648,
            0.0
          ],
          [
            2.0825,
            5.89306,
            0.0
          ],
          [
            6.2475,
            5.89306,
            0.0
          ],
          [
            0.0,
            1.47329,
            1.47381
          ],
          [
            0.0,
            4.41977,
            1.47381
          ],
          [
            4.165,
            1.47329,
            1.47381
          ],
          [
            4.165,
            4.41977,
            1.47381
          ],
          [
            0.0,
            7.36625,
            1.47381
          ],
          [
            4.165,
            7.36625,
            1.47381
          ],
          [
            2.0822,
            0.0,
            2.94473
          ],
          [
            2.08204,
            2.94774,
            2.94542
          ],
          [
            6.24776,
            0.0,
            2.94581
          ],
          [
            6.24797,
            2.94923,
            2.94637
          ],
          [
            2.08204,
            5.8918,
            2.94542
          ],
          [
            6.24797,
            5.89031,
            2.94637
          ],
          [
            -0.00285,
            1.47376,
            4.42105
          ],
          [
            -0.00133,
            4.41977,
            4.41747
          ],
          [
            4.16752,
            1.47261,
            4.42162
          ],
          [
            4.1674,
            4.41977,
            4.40676
          ],
          [
            -0.00285,
            7.36578,
            4.42105
          ],
          [
            4.16752,
            7.36693,
            4.42162
          ],
          [
            2.07227,
            2.94489,
            5.88168
          ],
          [
            2.07227,
            5.89465,
            5.88168
          ],
          [
            6.25588,
            2.94571,
            5.88204
          ],
          [
            6.25588,
            5.89382,
            5.88204
          ],
          [
            2.08185,
            0.0,
            5.88695
          ],
          [
            6.24786,
            0.0,
            5.88656
          ],
          [
            4.16599,
            4.41977,
            7.05204
          ],
          [
            6.2414,
            4.41977,
            4.44653
          ]
        ],
        "Stress": [
          [
            -73.61105,
            0.0,
            1.07787
          ],
          [
            0.0,
            -10.30785,
            0.0
          ],
          [
            1.07787,
            0.0,
            -30.49161
          ]
        ],
        "computation_code": "VASP",
        "pseudopotential_information": [
          [
            "PAW_PBE",
            "Ni",
            "02Aug2007"
          ],
          [
            "PAW_PBE",
            "O",
            "08Apr2002"
          ],
          [
            "PAW_PBE",
            "Sn_d",
            "06Sep2000"
          ]
        ]
      }
    ],
    "EnergyStyle": "electronvolt",
    "ForcesStyle": "electronvoltperangstrom",
    "LatticeStyle": "angstrom",
    "PositionsStyle": "angstrom",
    "StressStyle": "kB"
  }
}