{
  "Dataset": {
    "AtomTypeStyle": "chemicalsymbol",
    "Data": [
      {
        "AtomTypes": [
          "Ni",
          "Ni",
          "Ni",
          "Ni",
          "Ni",
          "Ni",
          "Ni",
          "Ni",
          "Ni",
          "Ni",
          "Ni",
          "Ni",
          "Ni",
          "Ni",
          "Ni",
          "Ni",
          "Ni",
          "Ni",
          "Ni",
          "Ni",
          "Ni",
          "Ni",
          "Ni",
          "Ni",
          "Ni",
          "Ni",
          "Ni",
          "Ni",
          "Ni",
          "O",
          "O",
          "O",
          "O",
          "O",
          "O",
          "O",
          "O",
          "O",
          "O",
          "O",
          "O",
          "O",
          "O",
          "O",
          "O",
          "O",
          "O",
          "O",
          "O",
          "O",
          "O",
          "O",
          "O",
          "O",
          "O",
          "O",
          "O",
          "O",
          "O",
          "Sn"
        ],
        "Energy": -307.27680796,
        "Forces": [
          [
            -0.062936,
            0.010023,
            0.874235
          ],
          [
            -0.063661,
            0.000332,
            0.874713
          ],
          [
            -0.062691,
            0.001996,
            0.906627
          ],
          [
            -0.062114,
            0.000209,
            0.917956
          ],
          [
            -0.062937,
            -0.01025,
            0.874144
          ],
          [
            -0.062687,
            -0.002088,
            0.90647
          ],
          [
            0.03954,
            -0.002125,
            -0.860575
          ],
          [
            0.039257,
            0.001724,
            -0.860772
          ],
          [
            -0.019231,
            -0.002942,
            -0.876702
          ],
          [
            -0.018954,
            0.002542,
            -0.876868
          ],
          [
            0.060433,
            0.000397,
            -0.844311
          ],
          [
            -0.041126,
            0.000392,
            -0.857221
          ],
          [
            0.000818,
            0.000678,
            0.00153
          ],
          [
            0.001755,
            -0.010636,
            0.004838
          ],
          [
            0.000784,
            -0.00062,
            0.022497
          ],
          [
            -0.000917,
            0.001139,
            0.007204
          ],
          [
            -0.000805,
            -0.000459,
            0.001552
          ],
          [
            0.001777,
            0.010113,
            0.004808
          ],
          [
            0.009041,
            -0.016322,
            0.021453
          ],
          [
            0.002902,
            -0.002346,
            0.010409
          ],
          [
            -0.007717,
            -0.020679,
            0.019842
          ],
          [
            -0.000688,
            -0.003103,
            0.006778
          ],
          [
            0.00602,
            0.018736,
            0.018338
          ],
          [
            -0.004463,
            0.023549,
            0.01618
          ],
          [
            0.001737,
            -0.006235,
            -0.009239
          ],
          [
            0.002022,
            0.005817,
            -0.009924
          ],
          [
            0.005556,
            -0.00507,
            0.016629
          ],
          [
            0.00496,
            -0.007495,
            0.058894
          ],
          [
            -0.003078,
            0.000421,
            0.012013
          ],
          [
            0.013388,
            -0.003981,
            0.473201
          ],
          [
            0.017197,
            0.000313,
            0.461844
          ],
          [
            0.028983,
            -0.004534,
            0.473468
          ],
          [
            0.024992,
            0.000311,
            0.458369
          ],
          [
            0.013437,
            0.003784,
            0.47311
          ],
          [
            0.028925,
            0.00434,
            0.473365
          ],
          [
            0.025378,
            -0.025366,
            -0.636287
          ],
          [
            0.025384,
            0.024885,
            -0.636373
          ],
          [
            0.026304,
            0.001921,
            -0.469571
          ],
          [
            0.026297,
            -0.002089,
            -0.469614
          ],
          [
            0.02328,
            0.000487,
            -0.601259
          ],
          [
            0.023918,
            0.000189,
            -0.524942
          ],
          [
            0.003566,
            -0.000267,
            0.003334
          ],
          [
            0.014151,
            0.000462,
            0.013178
          ],
          [
            -0.003233,
            -6.2e-05,
            0.000797
          ],
          [
            -0.014904,
            0.000482,
            0.011212
          ],
          [
            0.003918,
            8.3e-05,
            0.0034
          ],
          [
            -0.003548,
            -8.8e-05,
            0.000891
          ],
          [
            0.000674,
            0.006255,
            -0.013538
          ],
          [
            0.000644,
            -0.00579,
            -0.012583
          ],
          [
            0.000609,
            0.003414,
            0.024362
          ],
          [
            0.000762,
            0.005195,
            0.031439
          ],
          [
            0.001208,
            -0.000234,
            -0.017308
          ],
          [
            0.000961,
            -0.007333,
            0.013274
          ],
          [
            0.001018,
            0.000438,
            0.020463
          ],
          [
            -0.011231,
            0.005754,
            0.009245
          ],
          [
            0.002564,
            0.000441,
            0.015853
          ],
          [
            0.014511,
            0.006007,
            0.004125
          ],
          [
            -0.020417,
            -0.00579,
            0.008575
          ],
          [
            0.023539,
            -0.006047,
            0.003434
          ],
          [
            0.00513,
            0.009123,
            0.023038
          ]
        ],
        "Lattice": [
          [
            8.33,
            0.0,
            0.0
          ],
          [
            0.0,
            8.839539657,
            0.0
          ],
          [
            0.0,
            0.0,
            21.359563785
          ]
        ],
        "NumAtoms": 60,
        "Positions": [
          [
            0.0,
            0.0,
            0.0
          ],
          [
            0.0,
            2.94648,
            0.0
          ],
          [
            4.165,
            0.0,
            0.0
          ],
          [
            4.165,
            2.94648,
            0.0
          ],
          [
            0.0,
            5.89306,
            0.0
          ],
          [
            4.165,
            5.89306,
            0.0
          ],
          [
            2.0825,
            1.47329,
            1.47381
          ],
          [
            2.0825,
            4.41977,
            1.47381
          ],
          [
            6.2475,
            1.47329,
            1.47381
          ],
          [
            6.2475,
            4.41977,
            1.47381
          ],
          [
            2.0825,
            7.36625,
            1.47381
          ],
          [
            6.2475,
            7.36625,
            1.47381
          ],
          [
            -9e-05,
            2.94648,
            2.93274
          ],
          [
            0.0001,
            5.89937,
            2.93639
          ],
          [
            4.16435,
            2.94659,
            2.9652
          ],
          [
            4.16428,
            5.89333,
            2.95162
          ],
          [
            4.16428,
            -0.0004,
            2.95159
          ],
          [
            0.0001,
            -0.00635,
            2.93638
          ],
          [
            2.06166,
            4.42415,
            4.46862
          ],
          [
            2.06707,
            7.36625,
            4.49044
          ],
          [
            6.26523,
            4.42545,
            4.46256
          ],
          [
            6.2598,
            7.36627,
            4.48709
          ],
          [
            2.06157,
            1.46889,
            4.46862
          ],
          [
            6.26531,
            1.46758,
            4.46257
          ],
          [
            0.01212,
            5.8863,
            5.80674
          ],
          [
            0.01209,
            0.00675,
            5.80674
          ],
          [
            4.18227,
            5.89424,
            5.91808
          ],
          [
            4.1823,
            -0.00092,
            5.91689
          ],
          [
            0.00637,
            2.94646,
            5.76655
          ],
          [
            2.0825,
            0.0,
            0.0
          ],
          [
            2.0825,
            2.94648,
            0.0
          ],
          [
            6.2475,
            0.0,
            0.0
          ],
          [
            6.2475,
            2.94648,
            0.0
          ],
          [
            2.0825,
            5.89306,
            0.0
          ],
          [
            6.2475,
            5.89306,
            0.0
          ],
          [
            0.0,
            1.47329,
            1.47381
          ],
          [
            0.0,
            4.41977,
            1.47381
          ],
          [
            4.165,
            1.47329,
            1.47381
          ],
          [
            4.165,
            4.41977,
            1.47381
          ],
          [
            0.0,
            7.36625,
            1.47381
          ],
          [
            4.165,
            7.36625,
            1.47381
          ],
          [
            2.09602,
            -0.00167,
            2.96233
          ],
          [
            2.08736,
            2.9465,
            2.95509
          ],
          [
            6.23269,
            -0.00262,
            2.9617
          ],
          [
            6.24132,
            2.9465,
            2.95248
          ],
          [
            2.09596,
            5.89467,
            2.96233
          ],
          [
            6.23275,
            5.89563,
            2.9617
          ],
          [
            -0.0043,
            1.44731,
            4.39758
          ],
          [
            -0.00429,
            4.44575,
            4.39768
          ],
          [
            4.16156,
            1.52529,
            4.51708
          ],
          [
            4.16157,
            4.368,
            4.51737
          ],
          [
            -0.00515,
            7.3662,
            4.4425
          ],
          [
            4.15999,
            7.36609,
            4.46575
          ],
          [
            1.94238,
            2.94648,
            5.82706
          ],
          [
            2.03438,
            5.88537,
            5.86405
          ],
          [
            6.38585,
            2.94647,
            5.81821
          ],
          [
            6.29061,
            5.88605,
            5.86319
          ],
          [
            2.03386,
            0.00768,
            5.86397
          ],
          [
            6.29115,
            0.007,
            5.86311
          ],
          [
            4.17402,
            2.94683,
            6.2957
          ]
        ],
        "Stress": [
          [
            -77.06663,
            -0.00017,
            0.60997
          ],
          [
            -0.00017,
            -7.91608,
            0.00215
          ],
          [
            0.60997,
            0.00215,
            -33.07585
          ]
        ],
        "computation_code": "VASP",
        "pseudopotential_information": [
          [
            "PAW_PBE",
            "Ni",
            "02Aug2007"
          ],
          [
            "PAW_PBE",
            "O",
            "08Apr2002"
          ],
          [
            "PAW_PBE",
            "Sn_d",
            "06Sep2000"
          ]
        ]
      }
    ],
    "EnergyStyle": "electronvolt",
    "ForcesStyle": "electronvoltperangstrom",
    "LatticeStyle": "angstrom",
    "PositionsStyle": "angstrom",
    "StressStyle": "kB"
  }
}