{
  "Dataset": {
    "AtomTypeStyle": "chemicalsymbol",
    "Data": [
      {
        "AtomTypes": [
          "Ni",
          "Ni",
          "Ni",
          "Ni",
          "Ni",
          "Ni",
          "Ni",
          "Ni",
          "Ni",
          "Ni",
          "Ni",
          "Ni",
          "Ni",
          "Ni",
          "Ni",
          "Ni",
          "Ni",
          "Ni",
          "Ni",
          "Ni",
          "Ni",
          "Ni",
          "Ni",
          "Ni",
          "Ni",
          "Ni",
          "Ni",
          "Ni",
          "Ni",
          "O",
          "O",
          "O",
          "O",
          "O",
          "O",
          "O",
          "O",
          "O",
          "O",
          "O",
          "O",
          "O",
          "O",
          "O",
          "O",
          "O",
          "O",
          "O",
          "O",
          "O",
          "O",
          "O",
          "O",
          "O",
          "O",
          "O",
          "O",
          "O",
          "Sn"
        ],
        "Energy": -298.63432441,
        "Forces": [
          [
            -0.063275,
            0.005188,
            0.869084
          ],
          [
            -0.063422,
            -6.7e-05,
            0.865963
          ],
          [
            -0.061205,
            -0.034789,
            0.930846
          ],
          [
            -0.062341,
            0.031566,
            0.953462
          ],
          [
            -0.063369,
            -0.004405,
            0.873568
          ],
          [
            -0.060888,
            0.001235,
            0.927965
          ],
          [
            0.074043,
            0.00665,
            -0.840001
          ],
          [
            0.119497,
            -0.038884,
            -0.776498
          ],
          [
            -0.015465,
            0.010445,
            -0.936102
          ],
          [
            -0.087573,
            -0.000523,
            -0.835753
          ],
          [
            0.111347,
            0.00682,
            -0.790571
          ],
          [
            -0.08824,
            -0.009181,
            -0.832143
          ],
          [
            0.000245,
            0.001142,
            0.003838
          ],
          [
            -0.000247,
            -0.004451,
            -0.000757
          ],
          [
            0.001187,
            -0.000404,
            0.004325
          ],
          [
            -0.000666,
            -0.004137,
            0.006293
          ],
          [
            0.000938,
            -0.000838,
            0.00297
          ],
          [
            -0.000585,
            0.005229,
            -0.000839
          ],
          [
            0.006335,
            -0.001269,
            0.005961
          ],
          [
            0.007632,
            0.002858,
            0.002298
          ],
          [
            -0.00411,
            0.000232,
            0.006156
          ],
          [
            -0.008769,
            0.003107,
            0.00322
          ],
          [
            -0.003493,
            -0.00068,
            0.002194
          ],
          [
            -0.000415,
            -0.001844,
            0.00274
          ],
          [
            -0.002493,
            0.001317,
            0.003742
          ],
          [
            -0.007012,
            0.001333,
            -0.000334
          ],
          [
            0.002636,
            0.002842,
            -0.029902
          ],
          [
            -0.006508,
            0.000835,
            -0.011762
          ],
          [
            -0.014212,
            0.000306,
            0.003918
          ],
          [
            0.000978,
            -0.00369,
            0.480631
          ],
          [
            0.001817,
            0.007396,
            0.494839
          ],
          [
            0.039337,
            -0.003852,
            0.472607
          ],
          [
            0.037436,
            0.006193,
            0.486296
          ],
          [
            -0.013131,
            0.000598,
            0.472278
          ],
          [
            0.054812,
            -0.000993,
            0.473123
          ],
          [
            0.03139,
            0.012794,
            -0.619852
          ],
          [
            0.033797,
            -0.04177,
            -0.584445
          ],
          [
            0.038805,
            0.007868,
            -0.411706
          ],
          [
            0.014222,
            0.009296,
            -0.47966
          ],
          [
            0.028645,
            0.034611,
            -0.57939
          ],
          [
            0.00735,
            0.00583,
            -0.609595
          ],
          [
            -0.004449,
            -0.000313,
            -0.003822
          ],
          [
            -0.001021,
            0.001374,
            0.003302
          ],
          [
            0.000881,
            -0.000709,
            -0.004596
          ],
          [
            -0.000136,
            0.003897,
            0.000959
          ],
          [
            -0.002371,
            -0.004278,
            -0.001078
          ],
          [
            0.001841,
            -0.003636,
            -0.001566
          ],
          [
            -1.1e-05,
            0.008726,
            -0.005176
          ],
          [
            0.003101,
            -0.000208,
            0.010137
          ],
          [
            0.001474,
            0.007422,
            0.023565
          ],
          [
            -0.000404,
            -0.000582,
            -0.016332
          ],
          [
            -0.001814,
            -0.01072,
            -0.004117
          ],
          [
            0.005514,
            -0.002496,
            0.011143
          ],
          [
            0.012939,
            0.005819,
            0.003981
          ],
          [
            0.010641,
            -0.000755,
            0.008053
          ],
          [
            -0.006864,
            0.006707,
            0.001879
          ],
          [
            -0.014555,
            -0.006238,
            -0.013668
          ],
          [
            0.00198,
            -0.00326,
            -0.016545
          ],
          [
            0.008226,
            -0.014662,
            -0.005128
          ]
        ],
        "Lattice": [
          [
            8.33,
            0.0,
            0.0
          ],
          [
            0.0,
            8.839539657,
            0.0
          ],
          [
            0.0,
            0.0,
            21.359563785
          ]
        ],
        "NumAtoms": 59,
        "Positions": [
          [
            0.0,
            0.0,
            0.0
          ],
          [
            0.0,
            2.94648,
            0.0
          ],
          [
            4.165,
            0.0,
            0.0
          ],
          [
            4.165,
            2.94648,
            0.0
          ],
          [
            0.0,
            5.89306,
            0.0
          ],
          [
            4.165,
            5.89306,
            0.0
          ],
          [
            2.0825,
            1.47329,
            1.47381
          ],
          [
            2.0825,
            4.41977,
            1.47381
          ],
          [
            6.2475,
            1.47329,
            1.47381
          ],
          [
            6.2475,
            4.41977,
            1.47381
          ],
          [
            2.0825,
            7.36625,
            1.47381
          ],
          [
            6.2475,
            7.36625,
            1.47381
          ],
          [
            0.00509,
            2.94774,
            2.93609
          ],
          [
            0.00015,
            5.90045,
            2.94066
          ],
          [
            4.17634,
            2.92097,
            2.97702
          ],
          [
            4.16284,
            5.89673,
            2.94897
          ],
          [
            4.17292,
            0.01661,
            2.95856
          ],
          [
            0.0004,
            8.8379,
            2.9374
          ],
          [
            2.07897,
            4.42037,
            4.48874
          ],
          [
            2.07852,
            7.37379,
            4.49539
          ],
          [
            6.25346,
            4.43321,
            4.47786
          ],
          [
            6.23989,
            7.37875,
            4.49392
          ],
          [
            2.08348,
            1.45304,
            4.49015
          ],
          [
            6.21335,
            1.47029,
            4.44832
          ],
          [
            0.02002,
            5.89621,
            5.79068
          ],
          [
            8.32021,
            0.0284,
            5.77791
          ],
          [
            4.1853,
            5.94498,
            5.86038
          ],
          [
            4.15414,
            0.09207,
            5.80516
          ],
          [
            0.00964,
            2.9432,
            5.75746
          ],
          [
            2.0825,
            0.0,
            0.0
          ],
          [
            2.0825,
            2.94648,
            0.0
          ],
          [
            6.2475,
            0.0,
            0.0
          ],
          [
            6.2475,
            2.94648,
            0.0
          ],
          [
            2.0825,
            5.89306,
            0.0
          ],
          [
            6.2475,
            5.89306,
            0.0
          ],
          [
            0.0,
            1.47329,
            1.47381
          ],
          [
            0.0,
            4.41977,
            1.47381
          ],
          [
            4.165,
            1.47329,
            1.47381
          ],
          [
            4.165,
            4.41977,
            1.47381
          ],
          [
            0.0,
            7.36625,
            1.47381
          ],
          [
            4.165,
            7.36625,
            1.47381
          ],
          [
            2.10985,
            0.01424,
            2.96726
          ],
          [
            2.12322,
            2.92308,
            2.98162
          ],
          [
            6.22172,
            0.01335,
            2.9583
          ],
          [
            6.21796,
            2.93186,
            2.97019
          ],
          [
            2.09923,
            5.88723,
            2.95975
          ],
          [
            6.22824,
            5.89088,
            2.95838
          ],
          [
            8.31985,
            1.46835,
            4.37033
          ],
          [
            8.32659,
            4.44524,
            4.3914
          ],
          [
            4.16459,
            4.30211,
            4.56986
          ],
          [
            8.32184,
            7.37144,
            4.42973
          ],
          [
            4.15729,
            7.37786,
            4.42731
          ],
          [
            1.93663,
            2.94202,
            5.83653
          ],
          [
            2.05545,
            5.89134,
            5.85523
          ],
          [
            6.38571,
            2.94747,
            5.81504
          ],
          [
            6.27323,
            5.89645,
            5.8551
          ],
          [
            2.02088,
            0.02391,
            5.83508
          ],
          [
            6.27849,
            0.03906,
            5.81666
          ],
          [
            4.20173,
            2.76206,
            6.26476
          ]
        ],
        "Stress": [
          [
            -81.16037,
            0.24618,
            0.37502
          ],
          [
            0.24618,
            -14.51774,
            -0.03894
          ],
          [
            0.37502,
            -0.03894,
            -33.83613
          ]
        ],
        "computation_code": "VASP",
        "pseudopotential_information": [
          [
            "PAW_PBE",
            "Ni",
            "02Aug2007"
          ],
          [
            "PAW_PBE",
            "O",
            "08Apr2002"
          ],
          [
            "PAW_PBE",
            "Sn_d",
            "06Sep2000"
          ]
        ]
      }
    ],
    "EnergyStyle": "electronvolt",
    "ForcesStyle": "electronvoltperangstrom",
    "LatticeStyle": "angstrom",
    "PositionsStyle": "angstrom",
    "StressStyle": "kB"
  }
}