{
  "Dataset": {
    "AtomTypeStyle": "chemicalsymbol",
    "Data": [
      {
        "AtomTypes": [
          "Ni",
          "Ni",
          "Ni",
          "Ni",
          "Ni",
          "Ni",
          "Ni",
          "Ni",
          "Ni",
          "Ni",
          "Ni",
          "Ni",
          "Ni",
          "Ni",
          "Ni",
          "Ni",
          "Ni",
          "Ni",
          "Ni",
          "Ni",
          "Ni",
          "Ni",
          "Ni",
          "Ni",
          "Ni",
          "Ni",
          "Ni",
          "Ni",
          "Ni",
          "O",
          "O",
          "O",
          "O",
          "O",
          "O",
          "O",
          "O",
          "O",
          "O",
          "O",
          "O",
          "O",
          "O",
          "O",
          "O",
          "O",
          "O",
          "O",
          "O",
          "O",
          "O",
          "O",
          "O",
          "O",
          "O",
          "O",
          "O",
          "O",
          "Sn"
        ],
        "Energy": -298.63467495,
        "Forces": [
          [
            -0.063402,
            0.005562,
            0.8683
          ],
          [
            -0.06359,
            -0.000638,
            0.867106
          ],
          [
            -0.061054,
            -0.033998,
            0.929415
          ],
          [
            -0.062221,
            0.030824,
            0.954051
          ],
          [
            -0.063483,
            -0.00414,
            0.873644
          ],
          [
            -0.060793,
            0.00121,
            0.926879
          ],
          [
            0.073731,
            0.010609,
            -0.839027
          ],
          [
            0.119105,
            -0.040761,
            -0.774075
          ],
          [
            -0.016199,
            0.014566,
            -0.936397
          ],
          [
            -0.087708,
            -0.002087,
            -0.83446
          ],
          [
            0.110106,
            0.004255,
            -0.792211
          ],
          [
            -0.087834,
            -0.011518,
            -0.834631
          ],
          [
            0.000789,
            -0.003429,
            -0.000356
          ],
          [
            -0.000732,
            -0.005455,
            -0.003995
          ],
          [
            0.003411,
            -0.003943,
            0.002984
          ],
          [
            -0.001274,
            -0.004898,
            0.007125
          ],
          [
            0.003819,
            0.002136,
            0.008549
          ],
          [
            0.000274,
            0.009183,
            0.001354
          ],
          [
            0.003968,
            -0.004445,
            -0.00801
          ],
          [
            0.011205,
            0.011948,
            0.008792
          ],
          [
            -0.003312,
            -0.002843,
            -0.005872
          ],
          [
            -0.007756,
            0.01086,
            0.00922
          ],
          [
            -0.005786,
            0.003611,
            0.002588
          ],
          [
            -0.001195,
            -0.004694,
            0.007162
          ],
          [
            -0.008727,
            -0.008951,
            0.009427
          ],
          [
            -0.002348,
            -0.000114,
            0.015543
          ],
          [
            -0.001361,
            -0.013184,
            -0.018021
          ],
          [
            -0.002172,
            0.007004,
            -0.005836
          ],
          [
            -0.023233,
            0.001805,
            -0.013933
          ],
          [
            0.001057,
            -0.003965,
            0.480146
          ],
          [
            0.001746,
            0.007583,
            0.495326
          ],
          [
            0.039273,
            -0.004137,
            0.471747
          ],
          [
            0.037559,
            0.006359,
            0.486411
          ],
          [
            -0.012947,
            0.000769,
            0.472628
          ],
          [
            0.054619,
            -0.000874,
            0.473246
          ],
          [
            0.031496,
            0.01623,
            -0.618689
          ],
          [
            0.034162,
            -0.041502,
            -0.583223
          ],
          [
            0.038227,
            0.010172,
            -0.412168
          ],
          [
            0.013823,
            0.008632,
            -0.480302
          ],
          [
            0.028786,
            0.031815,
            -0.579812
          ],
          [
            0.006627,
            0.00427,
            -0.613576
          ],
          [
            -0.007976,
            -0.00036,
            -0.002475
          ],
          [
            -0.003567,
            -8.8e-05,
            0.00496
          ],
          [
            0.002804,
            -0.000234,
            -0.001977
          ],
          [
            0.000681,
            0.003298,
            0.002864
          ],
          [
            -0.007229,
            -0.004886,
            -0.001774
          ],
          [
            0.006052,
            -0.004342,
            -0.001552
          ],
          [
            0.002787,
            0.006235,
            -0.005471
          ],
          [
            0.004439,
            5e-05,
            0.014158
          ],
          [
            0.002051,
            0.011246,
            0.018947
          ],
          [
            0.000599,
            0.002551,
            -0.020675
          ],
          [
            -0.002225,
            0.001613,
            -0.007729
          ],
          [
            0.007741,
            -0.004578,
            0.010239
          ],
          [
            0.012047,
            0.007554,
            0.005223
          ],
          [
            0.016732,
            -0.002097,
            0.007009
          ],
          [
            -0.000512,
            0.008748,
            0.002542
          ],
          [
            -0.017953,
            -0.009925,
            -0.017972
          ],
          [
            0.000439,
            -0.004336,
            -0.022862
          ],
          [
            0.006434,
            -0.014275,
            -0.000501
          ]
        ],
        "Lattice": [
          [
            8.33,
            0.0,
            0.0
          ],
          [
            0.0,
            8.839539657,
            0.0
          ],
          [
            0.0,
            0.0,
            21.359563785
          ]
        ],
        "NumAtoms": 59,
        "Positions": [
          [
            0.0,
            0.0,
            0.0
          ],
          [
            0.0,
            2.94648,
            0.0
          ],
          [
            4.165,
            0.0,
            0.0
          ],
          [
            4.165,
            2.94648,
            0.0
          ],
          [
            0.0,
            5.89306,
            0.0
          ],
          [
            4.165,
            5.89306,
            0.0
          ],
          [
            2.0825,
            1.47329,
            1.47381
          ],
          [
            2.0825,
            4.41977,
            1.47381
          ],
          [
            6.2475,
            1.47329,
            1.47381
          ],
          [
            6.2475,
            4.41977,
            1.47381
          ],
          [
            2.0825,
            7.36625,
            1.47381
          ],
          [
            6.2475,
            7.36625,
            1.47381
          ],
          [
            0.00508,
            2.94875,
            2.93704
          ],
          [
            0.00017,
            5.89979,
            2.94082
          ],
          [
            4.17614,
            2.92165,
            2.97768
          ],
          [
            4.16282,
            5.89612,
            2.94834
          ],
          [
            4.17251,
            0.01599,
            2.95738
          ],
          [
            0.00013,
            8.83802,
            2.93663
          ],
          [
            2.07945,
            4.42026,
            4.49168
          ],
          [
            2.07771,
            7.37285,
            4.49376
          ],
          [
            6.25368,
            4.4334,
            4.48038
          ],
          [
            6.23971,
            7.37803,
            4.49199
          ],
          [
            2.08283,
            1.45289,
            4.49
          ],
          [
            6.21362,
            1.47081,
            4.44751
          ],
          [
            0.02155,
            5.89821,
            5.79029
          ],
          [
            8.31835,
            0.02859,
            5.77481
          ],
          [
            4.18698,
            5.94845,
            5.85971
          ],
          [
            4.15209,
            0.09191,
            5.80264
          ],
          [
            0.01094,
            2.94299,
            5.76105
          ],
          [
            2.0825,
            0.0,
            0.0
          ],
          [
            2.0825,
            2.94648,
            0.0
          ],
          [
            6.2475,
            0.0,
            0.0
          ],
          [
            6.2475,
            2.94648,
            0.0
          ],
          [
            2.0825,
            5.89306,
            0.0
          ],
          [
            6.2475,
            5.89306,
            0.0
          ],
          [
            0.0,
            1.47329,
            1.47381
          ],
          [
            0.0,
            4.41977,
            1.47381
          ],
          [
            4.165,
            1.47329,
            1.47381
          ],
          [
            4.165,
            4.41977,
            1.47381
          ],
          [
            0.0,
            7.36625,
            1.47381
          ],
          [
            4.165,
            7.36625,
            1.47381
          ],
          [
            2.10986,
            0.01425,
            2.9666
          ],
          [
            2.1237,
            2.9235,
            2.9823
          ],
          [
            6.22134,
            0.01337,
            2.95738
          ],
          [
            6.21755,
            2.93245,
            2.97054
          ],
          [
            2.09979,
            5.88653,
            2.95997
          ],
          [
            6.22766,
            5.89027,
            2.95845
          ],
          [
            8.31911,
            1.47001,
            4.36987
          ],
          [
            8.3265,
            4.44516,
            4.39264
          ],
          [
            4.1647,
            4.30043,
            4.57355
          ],
          [
            8.32129,
            7.37094,
            4.428
          ],
          [
            4.15687,
            7.37601,
            4.42546
          ],
          [
            1.93651,
            2.94174,
            5.83851
          ],
          [
            2.05522,
            5.89214,
            5.85563
          ],
          [
            6.38586,
            2.94737,
            5.81677
          ],
          [
            6.2729,
            5.89738,
            5.85534
          ],
          [
            2.01902,
            0.02348,
            5.83371
          ],
          [
            6.27879,
            0.03883,
            5.81513
          ],
          [
            4.20347,
            2.75854,
            6.26344
          ]
        ],
        "Stress": [
          [
            -81.06684,
            0.24831,
            0.37449
          ],
          [
            0.24831,
            -14.49071,
            -0.06509
          ],
          [
            0.37449,
            -0.06509,
            -33.81217
          ]
        ],
        "computation_code": "VASP",
        "pseudopotential_information": [
          [
            "PAW_PBE",
            "Ni",
            "02Aug2007"
          ],
          [
            "PAW_PBE",
            "O",
            "08Apr2002"
          ],
          [
            "PAW_PBE",
            "Sn_d",
            "06Sep2000"
          ]
        ]
      }
    ],
    "EnergyStyle": "electronvolt",
    "ForcesStyle": "electronvoltperangstrom",
    "LatticeStyle": "angstrom",
    "PositionsStyle": "angstrom",
    "StressStyle": "kB"
  }
}