{
  "Dataset": {
    "AtomTypeStyle": "chemicalsymbol",
    "Data": [
      {
        "AtomTypes": [
          "Ni",
          "Ni",
          "Ni",
          "Ni",
          "Ni",
          "Ni",
          "Ni",
          "Ni",
          "Ni",
          "Ni",
          "Ni",
          "Ni",
          "Ni",
          "Ni",
          "Ni",
          "Ni",
          "Ni",
          "Ni",
          "Ni",
          "Ni",
          "Ni",
          "Ni",
          "Ni",
          "Ni",
          "Ni",
          "Ni",
          "Ni",
          "Ni",
          "Ni",
          "Ni",
          "O",
          "O",
          "O",
          "O",
          "O",
          "O",
          "O",
          "O",
          "O",
          "O",
          "O",
          "O",
          "O",
          "O",
          "O",
          "O",
          "O",
          "O",
          "O",
          "O",
          "O",
          "O",
          "O",
          "O",
          "O",
          "O",
          "O",
          "O",
          "O",
          "O"
        ],
        "Energy": -305.2180012,
        "Forces": [
          [
            0.027626,
            0.00022,
            -0.000553
          ],
          [
            -0.060871,
            -0.0,
            0.88936
          ],
          [
            -0.060858,
            0.000265,
            0.889235
          ],
          [
            -0.060871,
            -0.0,
            0.88936
          ],
          [
            -0.060858,
            0.000265,
            0.889235
          ],
          [
            -0.060858,
            -0.000265,
            0.889235
          ],
          [
            -0.060858,
            -0.000265,
            0.889235
          ],
          [
            0.011034,
            -0.000402,
            -0.863169
          ],
          [
            0.011027,
            -0.0,
            -0.863308
          ],
          [
            0.011034,
            -0.000402,
            -0.863169
          ],
          [
            0.011027,
            -0.0,
            -0.863308
          ],
          [
            0.011034,
            0.000402,
            -0.863169
          ],
          [
            0.011034,
            0.000402,
            -0.863169
          ],
          [
            -0.00126,
            1.3e-05,
            0.024294
          ],
          [
            -0.00126,
            -1.3e-05,
            0.024294
          ],
          [
            -0.00126,
            1.3e-05,
            0.024294
          ],
          [
            -0.00126,
            -1.3e-05,
            0.024294
          ],
          [
            -0.001263,
            -0.0,
            0.024035
          ],
          [
            -0.001263,
            -0.0,
            0.024035
          ],
          [
            0.001043,
            -0.0,
            0.047846
          ],
          [
            0.001048,
            -0.000258,
            0.047601
          ],
          [
            0.001043,
            -0.0,
            0.047846
          ],
          [
            0.001048,
            -0.000258,
            0.047601
          ],
          [
            0.001048,
            0.000258,
            0.047601
          ],
          [
            0.001048,
            0.000258,
            0.047601
          ],
          [
            0.027626,
            -0.00022,
            -0.000553
          ],
          [
            0.027678,
            -0.0,
            0.00092
          ],
          [
            0.027626,
            -0.00022,
            -0.000553
          ],
          [
            0.027678,
            -0.0,
            0.00092
          ],
          [
            0.027626,
            0.00022,
            -0.000553
          ],
          [
            0.020219,
            -0.0,
            0.465641
          ],
          [
            0.02021,
            0.000259,
            0.465541
          ],
          [
            0.020219,
            -0.0,
            0.465641
          ],
          [
            0.02021,
            0.000259,
            0.465541
          ],
          [
            0.02021,
            -0.000259,
            0.465541
          ],
          [
            0.02021,
            -0.000259,
            0.465541
          ],
          [
            0.026168,
            -0.000318,
            -0.589938
          ],
          [
            0.026162,
            -0.0,
            -0.590065
          ],
          [
            0.026168,
            -0.000318,
            -0.589938
          ],
          [
            0.026162,
            -0.0,
            -0.590065
          ],
          [
            0.026168,
            0.000318,
            -0.589938
          ],
          [
            0.026168,
            0.000318,
            -0.589938
          ],
          [
            -0.001945,
            -0.0,
            0.009322
          ],
          [
            -0.001951,
            1.4e-05,
            0.009379
          ],
          [
            -0.001945,
            -0.0,
            0.009322
          ],
          [
            -0.001951,
            1.4e-05,
            0.009379
          ],
          [
            -0.001951,
            -1.4e-05,
            0.009379
          ],
          [
            -0.001951,
            -1.4e-05,
            0.009379
          ],
          [
            -0.011023,
            0.000339,
            0.013549
          ],
          [
            -0.011009,
            -0.0,
            0.013889
          ],
          [
            -0.011023,
            0.000339,
            0.013549
          ],
          [
            -0.011009,
            -0.0,
            0.013889
          ],
          [
            -0.011023,
            -0.000339,
            0.013549
          ],
          [
            -0.011023,
            -0.000339,
            0.013549
          ],
          [
            -0.011004,
            1.6e-05,
            0.003492
          ],
          [
            -0.011004,
            -1.6e-05,
            0.003492
          ],
          [
            -0.011004,
            1.6e-05,
            0.003492
          ],
          [
            -0.011004,
            -1.6e-05,
            0.003492
          ],
          [
            -0.011019,
            -0.0,
            0.003499
          ],
          [
            -0.011019,
            -0.0,
            0.003499
          ]
        ],
        "Lattice": [
          [
            8.33,
            0.0,
            0.0
          ],
          [
            0.0,
            8.839539657,
            0.0
          ],
          [
            0.0,
            0.0,
            21.359563785
          ]
        ],
        "NumAtoms": 60,
        "Positions": [
          [
            4.17333,
            2.94651,
            5.86676
          ],
          [
            0.0,
            0.0,
            0.0
          ],
          [
            0.0,
            2.94648,
            0.0
          ],
          [
            4.165,
            0.0,
            0.0
          ],
          [
            4.165,
            2.94648,
            0.0
          ],
          [
            0.0,
            5.89306,
            0.0
          ],
          [
            4.165,
            5.89306,
            0.0
          ],
          [
            2.0825,
            1.47329,
            1.47381
          ],
          [
            2.0825,
            4.41977,
            1.47381
          ],
          [
            6.2475,
            1.47329,
            1.47381
          ],
          [
            6.2475,
            4.41977,
            1.47381
          ],
          [
            2.0825,
            7.36625,
            1.47381
          ],
          [
            6.2475,
            7.36625,
            1.47381
          ],
          [
            0.00011,
            2.94652,
            2.94019
          ],
          [
            0.00011,
            5.89302,
            2.94019
          ],
          [
            4.16511,
            2.94652,
            2.94019
          ],
          [
            4.16511,
            5.89302,
            2.94019
          ],
          [
            4.16511,
            -0.0,
            2.94018
          ],
          [
            0.00011,
            -0.0,
            2.94018
          ],
          [
            2.08089,
            4.41977,
            4.47158
          ],
          [
            2.0809,
            7.36629,
            4.47158
          ],
          [
            6.24589,
            4.41977,
            4.47158
          ],
          [
            6.2459,
            7.36629,
            4.47158
          ],
          [
            2.0809,
            1.47325,
            4.47158
          ],
          [
            6.2459,
            1.47325,
            4.47158
          ],
          [
            0.00833,
            5.89303,
            5.86676
          ],
          [
            0.00833,
            -0.0,
            5.86675
          ],
          [
            4.17333,
            5.89303,
            5.86676
          ],
          [
            4.17333,
            -0.0,
            5.86675
          ],
          [
            0.00833,
            2.94651,
            5.86676
          ],
          [
            2.0825,
            0.0,
            0.0
          ],
          [
            2.0825,
            2.94648,
            0.0
          ],
          [
            6.2475,
            0.0,
            0.0
          ],
          [
            6.2475,
            2.94648,
            0.0
          ],
          [
            2.0825,
            5.89306,
            0.0
          ],
          [
            6.2475,
            5.89306,
            0.0
          ],
          [
            0.0,
            1.47329,
            1.47381
          ],
          [
            0.0,
            4.41977,
            1.47381
          ],
          [
            4.165,
            1.47329,
            1.47381
          ],
          [
            4.165,
            4.41977,
            1.47381
          ],
          [
            0.0,
            7.36625,
            1.47381
          ],
          [
            4.165,
            7.36625,
            1.47381
          ],
          [
            2.08247,
            -0.0,
            2.95734
          ],
          [
            2.08247,
            2.94652,
            2.95735
          ],
          [
            6.24747,
            -0.0,
            2.95734
          ],
          [
            6.24747,
            2.94652,
            2.95735
          ],
          [
            2.08247,
            5.89302,
            2.95735
          ],
          [
            6.24747,
            5.89302,
            2.95735
          ],
          [
            -0.00338,
            1.47325,
            4.44376
          ],
          [
            -0.00338,
            4.41977,
            4.44377
          ],
          [
            4.16162,
            1.47325,
            4.44376
          ],
          [
            4.16162,
            4.41977,
            4.44377
          ],
          [
            -0.00338,
            7.36629,
            4.44376
          ],
          [
            4.16162,
            7.36629,
            4.44376
          ],
          [
            2.07987,
            2.94651,
            5.86364
          ],
          [
            2.07987,
            5.89303,
            5.86364
          ],
          [
            6.24487,
            2.94651,
            5.86364
          ],
          [
            6.24487,
            5.89303,
            5.86364
          ],
          [
            2.07987,
            -0.0,
            5.86364
          ],
          [
            6.24487,
            -0.0,
            5.86364
          ]
        ],
        "Stress": [
          [
            -81.48929,
            0.0,
            0.75565
          ],
          [
            0.0,
            -6.60247,
            0.0
          ],
          [
            0.75565,
            0.0,
            -32.68
          ]
        ],
        "computation_code": "VASP",
        "pseudopotential_information": [
          [
            "PAW_PBE",
            "Ni",
            "02Aug2007"
          ],
          [
            "PAW_PBE",
            "O",
            "08Apr2002"
          ]
        ]
      }
    ],
    "EnergyStyle": "electronvolt",
    "ForcesStyle": "electronvoltperangstrom",
    "LatticeStyle": "angstrom",
    "PositionsStyle": "angstrom",
    "StressStyle": "kB"
  }
}