{
  "Dataset": {
    "AtomTypeStyle": "chemicalsymbol",
    "Data": [
      {
        "AtomTypes": [
          "Ni",
          "Ni",
          "Ni",
          "Ni",
          "Ni",
          "Ni",
          "Ni",
          "Ni",
          "Ni",
          "Ni",
          "Ni",
          "Ni",
          "Ni",
          "Ni",
          "Ni",
          "Ni",
          "Ni",
          "Ni",
          "Ni",
          "Ni",
          "Ni",
          "Ni",
          "Ni",
          "Ni",
          "Ni",
          "Ni",
          "Ni",
          "Ni",
          "Ni",
          "O",
          "O",
          "O",
          "O",
          "O",
          "O",
          "O",
          "O",
          "O",
          "O",
          "O",
          "O",
          "O",
          "O",
          "O",
          "O",
          "O",
          "O",
          "O",
          "O",
          "O",
          "O",
          "O",
          "O",
          "O",
          "O",
          "O",
          "O",
          "O",
          "O"
        ],
        "Energy": -298.48187266,
        "Forces": [
          [
            0.002697,
            -0.007481,
            0.011167
          ],
          [
            0.003385,
            -0.005481,
            1.044305
          ],
          [
            0.003385,
            0.005717,
            1.044211
          ],
          [
            -0.136979,
            -0.021737,
            1.043617
          ],
          [
            -0.136977,
            0.022031,
            1.043614
          ],
          [
            0.021119,
            -0.00026,
            0.997606
          ],
          [
            -0.153164,
            -0.000314,
            1.030757
          ],
          [
            -0.007439,
            -0.00031,
            -0.623793
          ],
          [
            0.035143,
            -0.093426,
            -0.616323
          ],
          [
            -0.018444,
            -0.000382,
            -0.126888
          ],
          [
            -0.036589,
            0.068617,
            -0.892166
          ],
          [
            0.034988,
            0.093858,
            -0.616314
          ],
          [
            -0.036471,
            -0.068297,
            -0.892113
          ],
          [
            0.000453,
            -0.006929,
            0.003891
          ],
          [
            0.009873,
            0.000124,
            0.007254
          ],
          [
            -0.00114,
            -0.005477,
            -0.002604
          ],
          [
            -0.00322,
            9.6e-05,
            -0.00036
          ],
          [
            -0.00047,
            0.005791,
            0.001381
          ],
          [
            0.000282,
            0.006859,
            0.00446
          ],
          [
            0.003088,
            0.000134,
            -0.000994
          ],
          [
            0.003787,
            -0.000274,
            -0.00036
          ],
          [
            0.005178,
            0.00192,
            -0.00532
          ],
          [
            0.002092,
            0.001173,
            -0.002139
          ],
          [
            -0.004524,
            -0.000184,
            -0.011724
          ],
          [
            0.002784,
            0.000122,
            -0.001787
          ],
          [
            0.004868,
            0.004627,
            0.005445
          ],
          [
            0.009618,
            0.001295,
            0.002424
          ],
          [
            0.002513,
            0.002218,
            -0.000672
          ],
          [
            0.005255,
            -0.004812,
            0.005634
          ],
          [
            0.031065,
            -0.007789,
            0.425107
          ],
          [
            0.031037,
            0.007994,
            0.424947
          ],
          [
            0.026871,
            0.011558,
            0.296129
          ],
          [
            0.026886,
            -0.011369,
            0.295977
          ],
          [
            0.022741,
            -0.000248,
            0.421888
          ],
          [
            0.031249,
            -0.000202,
            0.431036
          ],
          [
            -0.027546,
            -0.000231,
            -0.897992
          ],
          [
            0.154261,
            0.002089,
            -0.816812
          ],
          [
            0.078859,
            -0.000352,
            -0.777333
          ],
          [
            -0.093701,
            0.010968,
            -0.727537
          ],
          [
            0.154239,
            -0.001853,
            -0.816788
          ],
          [
            -0.093672,
            -0.010677,
            -0.727594
          ],
          [
            0.001156,
            0.002744,
            -0.003105
          ],
          [
            0.000999,
            -0.002263,
            -0.002486
          ],
          [
            0.001059,
            -0.000306,
            -0.001546
          ],
          [
            0.001188,
            0.000399,
            -0.001214
          ],
          [
            -0.000386,
            -0.000445,
            0.003574
          ],
          [
            0.000872,
            -0.000143,
            0.000875
          ],
          [
            -0.001038,
            -0.000663,
            0.001889
          ],
          [
            0.005737,
            -0.006948,
            -0.001334
          ],
          [
            0.003844,
            -0.002718,
            0.003818
          ],
          [
            0.003357,
            -0.000346,
            -0.001937
          ],
          [
            0.005327,
            0.007237,
            -0.001195
          ],
          [
            0.004757,
            0.00424,
            0.001732
          ],
          [
            0.004326,
            0.000134,
            0.007707
          ],
          [
            -0.000289,
            -0.000185,
            -0.000183
          ],
          [
            -6.6e-05,
            0.009506,
            0.003752
          ],
          [
            0.008284,
            -0.00012,
            -0.004929
          ],
          [
            0.004821,
            1.3e-05,
            0.007902
          ],
          [
            -0.001328,
            -0.009244,
            0.003446
          ]
        ],
        "Lattice": [
          [
            8.33,
            0.0,
            0.0
          ],
          [
            0.0,
            8.839539657,
            0.0
          ],
          [
            0.0,
            0.0,
            21.359563785
          ]
        ],
        "NumAtoms": 59,
        "Positions": [
          [
            4.59077,
            2.86196,
            5.7359
          ],
          [
            0.0,
            0.0,
            0.0
          ],
          [
            0.0,
            2.94648,
            0.0
          ],
          [
            4.165,
            0.0,
            0.0
          ],
          [
            4.165,
            2.94648,
            0.0
          ],
          [
            0.0,
            5.89306,
            0.0
          ],
          [
            4.165,
            5.89306,
            0.0
          ],
          [
            2.0825,
            1.47329,
            1.47381
          ],
          [
            2.0825,
            4.41977,
            1.47381
          ],
          [
            6.2475,
            1.47329,
            1.47381
          ],
          [
            6.2475,
            4.41977,
            1.47381
          ],
          [
            2.0825,
            7.36625,
            1.47381
          ],
          [
            6.2475,
            7.36625,
            1.47381
          ],
          [
            8.28055,
            2.9193,
            2.9653
          ],
          [
            0.01332,
            5.89299,
            2.93339
          ],
          [
            4.19587,
            2.9185,
            2.96853
          ],
          [
            4.16516,
            5.89303,
            2.95462
          ],
          [
            4.19584,
            0.02801,
            2.96842
          ],
          [
            8.28058,
            0.02725,
            2.96524
          ],
          [
            2.07565,
            4.38614,
            4.49018
          ],
          [
            2.0757,
            7.40002,
            4.49013
          ],
          [
            6.27766,
            4.41994,
            4.44175
          ],
          [
            6.27776,
            7.36598,
            4.44158
          ],
          [
            2.03702,
            1.47327,
            4.59223
          ],
          [
            0.03807,
            5.89305,
            5.78212
          ],
          [
            8.21222,
            0.04417,
            5.74356
          ],
          [
            4.14332,
            5.89315,
            5.82104
          ],
          [
            4.59145,
            0.08501,
            5.73574
          ],
          [
            8.21202,
            2.90234,
            5.74361
          ],
          [
            2.0825,
            0.0,
            0.0
          ],
          [
            2.0825,
            2.94648,
            0.0
          ],
          [
            6.2475,
            0.0,
            0.0
          ],
          [
            6.2475,
            2.94648,
            0.0
          ],
          [
            2.0825,
            5.89306,
            0.0
          ],
          [
            6.2475,
            5.89306,
            0.0
          ],
          [
            0.0,
            1.47329,
            1.47381
          ],
          [
            0.0,
            4.41977,
            1.47381
          ],
          [
            4.165,
            1.47329,
            1.47381
          ],
          [
            4.165,
            4.41977,
            1.47381
          ],
          [
            0.0,
            7.36625,
            1.47381
          ],
          [
            4.165,
            7.36625,
            1.47381
          ],
          [
            2.09244,
            0.02153,
            2.96229
          ],
          [
            2.09247,
            2.92499,
            2.96226
          ],
          [
            6.23233,
            8.75056,
            2.88405
          ],
          [
            6.23231,
            3.03548,
            2.88405
          ],
          [
            2.10712,
            5.89307,
            2.95607
          ],
          [
            6.23477,
            5.893,
            2.92696
          ],
          [
            0.05814,
            1.47333,
            4.37888
          ],
          [
            8.32539,
            4.44098,
            4.40256
          ],
          [
            4.02188,
            1.47335,
            4.48807
          ],
          [
            4.16318,
            4.39718,
            4.47567
          ],
          [
            8.32548,
            7.34501,
            4.40244
          ],
          [
            4.16322,
            7.38902,
            4.47558
          ],
          [
            1.87255,
            2.89942,
            5.82124
          ],
          [
            2.07122,
            5.8931,
            5.83957
          ],
          [
            6.3515,
            3.15067,
            6.066
          ],
          [
            6.26873,
            5.89302,
            5.77156
          ],
          [
            1.87247,
            0.04716,
            5.82119
          ],
          [
            6.35185,
            8.63519,
            6.06602
          ]
        ],
        "Stress": [
          [
            -75.48016,
            0.00159,
            0.68413
          ],
          [
            0.00159,
            -16.02261,
            -0.0061
          ],
          [
            0.68413,
            -0.0061,
            -34.59298
          ]
        ],
        "computation_code": "VASP",
        "pseudopotential_information": [
          [
            "PAW_PBE",
            "Ni",
            "02Aug2007"
          ],
          [
            "PAW_PBE",
            "O",
            "08Apr2002"
          ]
        ]
      }
    ],
    "EnergyStyle": "electronvolt",
    "ForcesStyle": "electronvoltperangstrom",
    "LatticeStyle": "angstrom",
    "PositionsStyle": "angstrom",
    "StressStyle": "kB"
  }
}