{
  "Dataset": {
    "AtomTypeStyle": "chemicalsymbol",
    "Data": [
      {
        "AtomTypes": [
          "Ni",
          "Ni",
          "Ni",
          "Ni",
          "Ni",
          "Ni",
          "Ni",
          "Ni",
          "Ni",
          "Ni",
          "Ni",
          "Ni",
          "Ni",
          "Ni",
          "Ni",
          "Ni",
          "Ni",
          "Ni",
          "Ni",
          "Ni",
          "Ni",
          "Ni",
          "Ni",
          "Ni",
          "Ni",
          "Ni",
          "Ni",
          "Ni",
          "Ni",
          "Ni",
          "O",
          "O",
          "O",
          "O",
          "O",
          "O",
          "O",
          "O",
          "O",
          "O",
          "O",
          "O",
          "O",
          "O",
          "O",
          "O",
          "O",
          "O",
          "O",
          "O",
          "O",
          "O",
          "O",
          "O",
          "O",
          "O",
          "O",
          "O",
          "O",
          "O",
          "O",
          "O"
        ],
        "Energy": -316.04171514,
        "Forces": [
          [
            -0.000205,
            0.012809,
            0.004046
          ],
          [
            -0.063085,
            1e-06,
            0.929401
          ],
          [
            -0.06385,
            0.004552,
            0.938718
          ],
          [
            -0.06369,
            -1e-05,
            0.972941
          ],
          [
            -0.06259,
            0.000194,
            0.993819
          ],
          [
            -0.063848,
            -0.004556,
            0.93872
          ],
          [
            -0.062593,
            -0.000191,
            0.993824
          ],
          [
            0.059155,
            0.01552,
            -0.793011
          ],
          [
            0.044425,
            -0.000147,
            -0.787173
          ],
          [
            -0.040666,
            0.016386,
            -0.795778
          ],
          [
            -0.028102,
            -0.000162,
            -0.78638
          ],
          [
            0.059188,
            -0.015872,
            -0.792959
          ],
          [
            -0.040688,
            -0.016695,
            -0.795794
          ],
          [
            0.001145,
            0.00343,
            0.006202
          ],
          [
            0.001299,
            -0.003581,
            0.005255
          ],
          [
            0.003013,
            0.002634,
            0.005909
          ],
          [
            0.002881,
            -0.00206,
            0.006113
          ],
          [
            0.002303,
            -6.2e-05,
            0.00535
          ],
          [
            0.001362,
            -2.4e-05,
            0.00016
          ],
          [
            -0.00742,
            -0.000689,
            0.006245
          ],
          [
            -0.006043,
            0.001059,
            -0.006877
          ],
          [
            0.005121,
            -0.000517,
            0.003694
          ],
          [
            0.006064,
            -0.000701,
            -0.007814
          ],
          [
            -0.006912,
            -0.000712,
            -0.006189
          ],
          [
            0.007154,
            0.001119,
            -0.007451
          ],
          [
            0.000421,
            -0.002003,
            -0.006956
          ],
          [
            0.000546,
            0.001054,
            0.014533
          ],
          [
            -0.000149,
            -0.013137,
            0.00364
          ],
          [
            0.001765,
            -0.000151,
            0.043133
          ],
          [
            -3.1e-05,
            0.001117,
            -0.013575
          ],
          [
            0.003414,
            1.6e-05,
            0.444285
          ],
          [
            0.00621,
            -0.001892,
            0.436598
          ],
          [
            0.040263,
            1.5e-05,
            0.446404
          ],
          [
            0.037395,
            -0.003252,
            0.435167
          ],
          [
            0.006204,
            0.001919,
            0.436603
          ],
          [
            0.0374,
            0.003276,
            0.435175
          ],
          [
            0.026555,
            0.002766,
            -0.650463
          ],
          [
            0.028898,
            -9.9e-05,
            -0.671067
          ],
          [
            0.030608,
            0.016944,
            -0.583256
          ],
          [
            0.027769,
            -0.00018,
            -0.581897
          ],
          [
            0.026557,
            -0.002989,
            -0.650465
          ],
          [
            0.030613,
            -0.01726,
            -0.583209
          ],
          [
            0.004929,
            2.2e-05,
            0.003984
          ],
          [
            0.001906,
            -0.000612,
            -0.000264
          ],
          [
            -0.004064,
            5.6e-05,
            0.004096
          ],
          [
            -0.001895,
            -0.000535,
            0.00139
          ],
          [
            0.001938,
            0.000689,
            -0.000242
          ],
          [
            -0.001885,
            0.000519,
            0.001362
          ],
          [
            0.001787,
            0.005688,
            0.008657
          ],
          [
            0.001083,
            -0.001839,
            0.010612
          ],
          [
            0.000968,
            0.010696,
            -0.016922
          ],
          [
            0.001089,
            0.000169,
            -0.000872
          ],
          [
            0.001751,
            -0.003782,
            0.0068
          ],
          [
            0.00108,
            -0.010325,
            -0.016879
          ],
          [
            -0.009519,
            -0.001958,
            -0.000265
          ],
          [
            -0.007204,
            0.002252,
            -0.000424
          ],
          [
            0.01113,
            -0.001714,
            0.001189
          ],
          [
            0.008756,
            0.001842,
            0.00112
          ],
          [
            -0.017851,
            0.000206,
            0.00253
          ],
          [
            0.020135,
            -6.1e-05,
            0.003722
          ],
          [
            -0.001018,
            0.05791,
            0.002421
          ],
          [
            -0.000973,
            -0.057093,
            0.002363
          ]
        ],
        "Lattice": [
          [
            8.33,
            0.0,
            0.0
          ],
          [
            0.0,
            8.839539657,
            0.0
          ],
          [
            0.0,
            0.0,
            21.359563785
          ]
        ],
        "NumAtoms": 62,
        "Positions": [
          [
            4.17359,
            2.95764,
            5.93565
          ],
          [
            0.0,
            0.0,
            0.0
          ],
          [
            0.0,
            2.94648,
            0.0
          ],
          [
            4.165,
            0.0,
            0.0
          ],
          [
            4.165,
            2.94648,
            0.0
          ],
          [
            0.0,
            5.89306,
            0.0
          ],
          [
            4.165,
            5.89306,
            0.0
          ],
          [
            2.0825,
            1.47329,
            1.47381
          ],
          [
            2.0825,
            4.41977,
            1.47381
          ],
          [
            6.2475,
            1.47329,
            1.47381
          ],
          [
            6.2475,
            4.41977,
            1.47381
          ],
          [
            2.0825,
            7.36625,
            1.47381
          ],
          [
            6.2475,
            7.36625,
            1.47381
          ],
          [
            8.32951,
            2.94794,
            2.95016
          ],
          [
            8.32951,
            5.89153,
            2.95017
          ],
          [
            4.16448,
            2.9551,
            2.97745
          ],
          [
            4.16449,
            5.88429,
            2.97745
          ],
          [
            4.16526,
            8.83948,
            2.9572
          ],
          [
            0.00046,
            8.8395,
            2.94389
          ],
          [
            2.09639,
            4.4197,
            4.48465
          ],
          [
            2.09019,
            7.36029,
            4.4701
          ],
          [
            6.2321,
            4.4197,
            4.48781
          ],
          [
            6.24287,
            7.36066,
            4.47085
          ],
          [
            2.09019,
            1.47908,
            4.47006
          ],
          [
            6.24286,
            1.47869,
            4.47085
          ],
          [
            0.01546,
            5.89266,
            5.88052
          ],
          [
            0.02485,
            8.83942,
            5.85891
          ],
          [
            4.17357,
            5.88161,
            5.93578
          ],
          [
            4.18443,
            8.83944,
            5.87056
          ],
          [
            0.01546,
            2.94668,
            5.88053
          ],
          [
            2.0825,
            0.0,
            0.0
          ],
          [
            2.0825,
            2.94648,
            0.0
          ],
          [
            6.2475,
            0.0,
            0.0
          ],
          [
            6.2475,
            2.94648,
            0.0
          ],
          [
            2.0825,
            5.89306,
            0.0
          ],
          [
            6.2475,
            5.89306,
            0.0
          ],
          [
            0.0,
            1.47329,
            1.47381
          ],
          [
            0.0,
            4.41977,
            1.47381
          ],
          [
            4.165,
            1.47329,
            1.47381
          ],
          [
            4.165,
            4.41977,
            1.47381
          ],
          [
            0.0,
            7.36625,
            1.47381
          ],
          [
            4.165,
            7.36625,
            1.47381
          ],
          [
            2.09291,
            8.83949,
            2.96188
          ],
          [
            2.08798,
            2.94708,
            2.95791
          ],
          [
            6.23849,
            8.83949,
            2.96333
          ],
          [
            6.24198,
            2.94735,
            2.95802
          ],
          [
            2.08798,
            5.89238,
            2.95792
          ],
          [
            6.24198,
            5.89211,
            2.95802
          ],
          [
            8.32847,
            1.45583,
            4.42428
          ],
          [
            8.32694,
            4.41971,
            4.41046
          ],
          [
            4.16373,
            1.49684,
            4.47314
          ],
          [
            4.1618,
            4.41967,
            4.4889
          ],
          [
            8.32847,
            7.38354,
            4.42429
          ],
          [
            4.16372,
            7.34244,
            4.47322
          ],
          [
            2.03575,
            2.93035,
            5.82893
          ],
          [
            2.03574,
            5.90896,
            5.82899
          ],
          [
            6.2933,
            2.93238,
            5.8237
          ],
          [
            6.29331,
            5.90696,
            5.82374
          ],
          [
            2.08371,
            8.83943,
            5.85111
          ],
          [
            6.244,
            8.83945,
            5.85127
          ],
          [
            4.15583,
            5.07813,
            7.72401
          ],
          [
            4.15585,
            3.76067,
            7.72397
          ]
        ],
        "computation_code": "VASP",
        "pseudopotential_information": [
          [
            "PAW_PBE",
            "Ni",
            "02Aug2007"
          ],
          [
            "PAW_PBE",
            "O",
            "08Apr2002"
          ]
        ]
      }
    ],
    "EnergyStyle": "electronvolt",
    "ForcesStyle": "electronvoltperangstrom",
    "LatticeStyle": "angstrom",
    "PositionsStyle": "angstrom",
    "StressStyle": "kB"
  }
}