{
  "Dataset": {
    "AtomTypeStyle": "chemicalsymbol",
    "Data": [
      {
        "AtomTypes": [
          "Ni",
          "Ni",
          "Ni",
          "Ni",
          "Ni",
          "Ni",
          "Ni",
          "Ni",
          "Ni",
          "Ni",
          "Ni",
          "Ni",
          "Ni",
          "Ni",
          "Ni",
          "Ni",
          "Ni",
          "Ni",
          "Ni",
          "Ni",
          "Ni",
          "Ni",
          "Ni",
          "Ni",
          "Ni",
          "Ni",
          "Ni",
          "Ni",
          "Ni",
          "Ni",
          "O",
          "O",
          "O",
          "O",
          "O",
          "O",
          "O",
          "O",
          "O",
          "O",
          "O",
          "O",
          "O",
          "O",
          "O",
          "O",
          "O",
          "O",
          "O",
          "O",
          "O",
          "O",
          "O",
          "O",
          "O",
          "O",
          "O",
          "O",
          "O",
          "O",
          "O"
        ],
        "Energy": -310.38715839,
        "Forces": [
          [
            0.038827,
            0.141031,
            0.084241
          ],
          [
            -0.062521,
            -0.0,
            0.961422
          ],
          [
            -0.063856,
            0.000539,
            0.967277
          ],
          [
            -0.065307,
            -0.0,
            0.966971
          ],
          [
            -0.063836,
            0.018529,
            0.978828
          ],
          [
            -0.063856,
            -0.000539,
            0.967277
          ],
          [
            -0.063836,
            -0.018529,
            0.978828
          ],
          [
            0.010844,
            0.009425,
            -0.77811
          ],
          [
            0.028241,
            -0.0,
            -0.752518
          ],
          [
            0.006285,
            0.012051,
            -0.776757
          ],
          [
            -0.013028,
            -0.0,
            -0.747264
          ],
          [
            0.010844,
            -0.009425,
            -0.77811
          ],
          [
            0.006285,
            -0.012051,
            -0.776757
          ],
          [
            -0.004661,
            -0.013616,
            0.015215
          ],
          [
            -0.004661,
            0.013616,
            0.015215
          ],
          [
            0.000643,
            -0.047467,
            0.007391
          ],
          [
            0.000643,
            0.047467,
            0.007391
          ],
          [
            -0.000721,
            -0.0,
            0.063696
          ],
          [
            -0.001458,
            -0.0,
            0.004051
          ],
          [
            -0.075126,
            -0.0,
            -0.133414
          ],
          [
            -0.010744,
            0.016996,
            -0.073313
          ],
          [
            0.063862,
            -0.0,
            -0.155194
          ],
          [
            0.005866,
            0.017667,
            -0.073516
          ],
          [
            -0.010744,
            -0.016996,
            -0.073313
          ],
          [
            0.005866,
            -0.017667,
            -0.073516
          ],
          [
            0.01277,
            0.015601,
            -0.077454
          ],
          [
            0.028905,
            -0.0,
            -0.047162
          ],
          [
            0.038827,
            -0.141031,
            0.084241
          ],
          [
            0.036577,
            -0.0,
            -0.080875
          ],
          [
            0.01277,
            -0.015601,
            -0.077454
          ],
          [
            0.017115,
            -0.0,
            0.434723
          ],
          [
            0.012474,
            -0.001856,
            0.425966
          ],
          [
            0.028581,
            -0.0,
            0.432491
          ],
          [
            0.032802,
            -0.0043,
            0.421084
          ],
          [
            0.012474,
            0.001856,
            0.425966
          ],
          [
            0.032802,
            0.0043,
            0.421084
          ],
          [
            0.029389,
            -0.005683,
            -0.639106
          ],
          [
            0.032523,
            -0.0,
            -0.655723
          ],
          [
            0.028745,
            -0.034031,
            -0.62168
          ],
          [
            0.024988,
            -0.0,
            -0.798265
          ],
          [
            0.029389,
            0.005683,
            -0.639106
          ],
          [
            0.028745,
            0.034031,
            -0.62168
          ],
          [
            0.058438,
            -0.0,
            0.106865
          ],
          [
            -0.009088,
            -0.014202,
            0.08632
          ],
          [
            -0.059104,
            -0.0,
            0.101765
          ],
          [
            0.007098,
            -0.012448,
            0.079766
          ],
          [
            -0.009088,
            0.014202,
            0.08632
          ],
          [
            0.007098,
            0.012448,
            0.079766
          ],
          [
            -0.008481,
            -0.045356,
            -0.140234
          ],
          [
            0.001608,
            -0.0,
            -0.18269
          ],
          [
            -0.00721,
            0.218381,
            0.178991
          ],
          [
            -0.009759,
            -0.0,
            0.149574
          ],
          [
            -0.008481,
            0.045356,
            -0.140234
          ],
          [
            -0.00721,
            -0.218381,
            0.178991
          ],
          [
            -0.020439,
            0.03307,
            -0.010768
          ],
          [
            -0.020439,
            -0.03307,
            -0.010768
          ],
          [
            0.037705,
            0.044171,
            -0.017722
          ],
          [
            0.037705,
            -0.044171,
            -0.017722
          ],
          [
            -0.010725,
            -0.0,
            -0.021501
          ],
          [
            -0.002053,
            -0.0,
            -0.014511
          ],
          [
            -0.091302,
            -0.0,
            0.294723
          ]
        ],
        "Lattice": [
          [
            8.33,
            0.0,
            0.0
          ],
          [
            0.0,
            8.839539657,
            0.0
          ],
          [
            0.0,
            0.0,
            21.359563785
          ]
        ],
        "NumAtoms": 61,
        "Positions": [
          [
            4.17309,
            3.01867,
            5.90349
          ],
          [
            0.0,
            0.0,
            0.0
          ],
          [
            0.0,
            2.94648,
            0.0
          ],
          [
            4.165,
            0.0,
            0.0
          ],
          [
            4.165,
            2.94648,
            0.0
          ],
          [
            0.0,
            5.89306,
            0.0
          ],
          [
            4.165,
            5.89306,
            0.0
          ],
          [
            2.0825,
            1.47329,
            1.47381
          ],
          [
            2.0825,
            4.41977,
            1.47381
          ],
          [
            6.2475,
            1.47329,
            1.47381
          ],
          [
            6.2475,
            4.41977,
            1.47381
          ],
          [
            2.0825,
            7.36625,
            1.47381
          ],
          [
            6.2475,
            7.36625,
            1.47381
          ],
          [
            -0.00033,
            2.94912,
            2.95797
          ],
          [
            -0.00033,
            5.89042,
            2.95797
          ],
          [
            4.16499,
            2.9483,
            2.95864
          ],
          [
            4.16499,
            5.89124,
            2.95864
          ],
          [
            4.16509,
            -0.0,
            2.95665
          ],
          [
            3e-05,
            -0.0,
            2.95452
          ],
          [
            2.08854,
            4.41977,
            4.50077
          ],
          [
            2.08267,
            7.36296,
            4.48952
          ],
          [
            6.23692,
            4.41977,
            4.50168
          ],
          [
            6.2441,
            7.36405,
            4.48937
          ],
          [
            2.08267,
            1.47658,
            4.48952
          ],
          [
            6.2441,
            1.47549,
            4.48937
          ],
          [
            0.00445,
            5.88926,
            5.81907
          ],
          [
            0.00658,
            -0.0,
            5.81483
          ],
          [
            4.17309,
            5.82087,
            5.90349
          ],
          [
            4.17276,
            -0.0,
            5.81416
          ],
          [
            0.00445,
            2.95028,
            5.81907
          ],
          [
            2.0825,
            0.0,
            0.0
          ],
          [
            2.0825,
            2.94648,
            0.0
          ],
          [
            6.2475,
            0.0,
            0.0
          ],
          [
            6.2475,
            2.94648,
            0.0
          ],
          [
            2.0825,
            5.89306,
            0.0
          ],
          [
            6.2475,
            5.89306,
            0.0
          ],
          [
            0.0,
            1.47329,
            1.47381
          ],
          [
            0.0,
            4.41977,
            1.47381
          ],
          [
            4.165,
            1.47329,
            1.47381
          ],
          [
            4.165,
            4.41977,
            1.47381
          ],
          [
            0.0,
            7.36625,
            1.47381
          ],
          [
            4.165,
            7.36625,
            1.47381
          ],
          [
            2.07788,
            -0.0,
            2.96101
          ],
          [
            2.07477,
            2.9425,
            2.95464
          ],
          [
            6.25284,
            -0.0,
            2.95926
          ],
          [
            6.25552,
            2.94384,
            2.95368
          ],
          [
            2.07477,
            5.89704,
            2.95464
          ],
          [
            6.25552,
            5.8957,
            2.95368
          ],
          [
            -0.00021,
            1.46161,
            4.45772
          ],
          [
            -0.00157,
            4.41977,
            4.44869
          ],
          [
            4.1618,
            1.46825,
            4.46923
          ],
          [
            4.16311,
            4.41977,
            4.35235
          ],
          [
            -0.00021,
            7.37793,
            4.45772
          ],
          [
            4.1618,
            7.37129,
            4.46923
          ],
          [
            2.00447,
            2.92586,
            5.82211
          ],
          [
            2.00447,
            5.91368,
            5.82211
          ],
          [
            6.32787,
            2.93057,
            5.81902
          ],
          [
            6.32787,
            5.90897,
            5.81902
          ],
          [
            2.07095,
            -0.0,
            5.84714
          ],
          [
            6.25347,
            -0.0,
            5.8484
          ],
          [
            4.15036,
            4.41977,
            7.1488
          ]
        ],
        "Stress": [
          [
            -81.29024,
            0.0,
            0.52883
          ],
          [
            0.0,
            -18.03436,
            0.0
          ],
          [
            0.52883,
            0.0,
            -35.42551
          ]
        ],
        "computation_code": "VASP",
        "pseudopotential_information": [
          [
            "PAW_PBE",
            "Ni",
            "02Aug2007"
          ],
          [
            "PAW_PBE",
            "O",
            "08Apr2002"
          ]
        ]
      }
    ],
    "EnergyStyle": "electronvolt",
    "ForcesStyle": "electronvoltperangstrom",
    "LatticeStyle": "angstrom",
    "PositionsStyle": "angstrom",
    "StressStyle": "kB"
  }
}