{
  "Dataset": {
    "AtomTypeStyle": "chemicalsymbol",
    "Data": [
      {
        "AtomTypes": [
          "Ni",
          "Ni",
          "Ni",
          "Ni",
          "Ni",
          "Ni",
          "Ni",
          "Ni",
          "Ni",
          "Ni",
          "Ni",
          "Ni",
          "Ni",
          "Ni",
          "Ni",
          "Ni",
          "Ni",
          "Ni",
          "Ni",
          "Ni",
          "Ni",
          "Ni",
          "Ni",
          "Ni",
          "Ni",
          "Ni",
          "Ni",
          "Ni",
          "Ni",
          "Ni",
          "O",
          "O",
          "O",
          "O",
          "O",
          "O",
          "O",
          "O",
          "O",
          "O",
          "O",
          "O",
          "O",
          "O",
          "O",
          "O",
          "O",
          "O",
          "O",
          "O",
          "O",
          "O",
          "O",
          "O",
          "O",
          "O",
          "O",
          "O",
          "O"
        ],
        "Energy": -296.75016154,
        "Forces": [
          [
            0.00112,
            -0.000983,
            -0.001419
          ],
          [
            -0.072199,
            0.019911,
            0.93019
          ],
          [
            -0.083184,
            -0.011408,
            0.938817
          ],
          [
            -0.045667,
            -0.005128,
            0.876823
          ],
          [
            -0.035354,
            -0.001505,
            0.856292
          ],
          [
            -0.072844,
            -0.0092,
            0.935253
          ],
          [
            -0.046652,
            0.005986,
            0.889169
          ],
          [
            -0.053736,
            -0.056855,
            -0.81963
          ],
          [
            -0.030344,
            0.099186,
            -0.8038
          ],
          [
            0.086913,
            -0.021407,
            -0.859522
          ],
          [
            0.063565,
            0.050023,
            -0.810703
          ],
          [
            -0.008205,
            -0.019855,
            -0.790592
          ],
          [
            0.034364,
            -0.036014,
            -0.808749
          ],
          [
            -0.000295,
            0.000589,
            -0.001188
          ],
          [
            -0.000223,
            -0.000649,
            0.001246
          ],
          [
            -0.000126,
            -0.000273,
            -0.000153
          ],
          [
            0.000572,
            -0.000592,
            -0.001136
          ],
          [
            0.000453,
            -0.00074,
            -0.000683
          ],
          [
            -0.000256,
            -0.000694,
            -0.00051
          ],
          [
            -0.001246,
            -0.00148,
            0.000334
          ],
          [
            -0.001719,
            -0.001489,
            -0.00067
          ],
          [
            7.6e-05,
            0.000836,
            -0.000936
          ],
          [
            0.000922,
            -0.002535,
            -0.000897
          ],
          [
            -0.000877,
            0.001984,
            -0.000104
          ],
          [
            -0.000484,
            0.000673,
            -0.000847
          ],
          [
            -0.000632,
            -0.000315,
            -0.006264
          ],
          [
            0.00064,
            -0.00205,
            -0.001834
          ],
          [
            -0.000751,
            -0.002644,
            -0.000835
          ],
          [
            -0.000474,
            -0.000261,
            0.000131
          ],
          [
            0.00859,
            0.002847,
            -0.003069
          ],
          [
            0.04471,
            0.017438,
            0.488015
          ],
          [
            0.049631,
            0.000966,
            0.572963
          ],
          [
            -0.007996,
            0.003129,
            0.477362
          ],
          [
            -0.014706,
            0.00224,
            0.497379
          ],
          [
            0.039674,
            -0.021335,
            0.48992
          ],
          [
            -0.00271,
            -0.005955,
            0.480722
          ],
          [
            0.067069,
            0.008292,
            -0.598389
          ],
          [
            0.064961,
            0.019407,
            -0.617695
          ],
          [
            -0.013736,
            -0.009879,
            -0.581504
          ],
          [
            -0.010471,
            0.023196,
            -0.582979
          ],
          [
            0.019429,
            -0.011836,
            -0.551718
          ],
          [
            0.029947,
            -0.010534,
            -0.593135
          ],
          [
            -6.9e-05,
            0.00118,
            0.001444
          ],
          [
            -0.001301,
            -0.000672,
            0.000357
          ],
          [
            0.001197,
            -0.002086,
            0.000622
          ],
          [
            -0.00026,
            5.9e-05,
            -5.3e-05
          ],
          [
            0.000238,
            -0.001954,
            0.00051
          ],
          [
            -0.000638,
            6e-05,
            -0.000467
          ],
          [
            -0.004747,
            0.000159,
            -0.000862
          ],
          [
            -0.0001,
            0.001248,
            0.006845
          ],
          [
            -0.000553,
            -0.001684,
            0.000655
          ],
          [
            -0.001971,
            -0.004284,
            -0.002664
          ],
          [
            -0.001691,
            -0.008406,
            -0.000207
          ],
          [
            0.001087,
            -0.001262,
            0.001238
          ],
          [
            -0.002815,
            5.7e-05,
            -0.000311
          ],
          [
            0.005586,
            0.001332,
            -0.002189
          ],
          [
            0.001597,
            -0.001915,
            0.000756
          ],
          [
            -0.003082,
            -0.000867,
            -0.000223
          ],
          [
            -0.000224,
            -0.00205,
            -0.001106
          ]
        ],
        "Lattice": [
          [
            8.33,
            0.0,
            0.0
          ],
          [
            0.0,
            8.839539657,
            0.0
          ],
          [
            0.0,
            0.0,
            21.359563785
          ]
        ],
        "NumAtoms": 59,
        "Positions": [
          [
            4.31022,
            2.93878,
            5.78408
          ],
          [
            0.0,
            0.0,
            0.0
          ],
          [
            0.0,
            2.94648,
            0.0
          ],
          [
            4.165,
            0.0,
            0.0
          ],
          [
            4.165,
            2.94648,
            0.0
          ],
          [
            0.0,
            5.89306,
            0.0
          ],
          [
            4.165,
            5.89306,
            0.0
          ],
          [
            2.0825,
            1.47329,
            1.47381
          ],
          [
            2.0825,
            4.41977,
            1.47381
          ],
          [
            6.2475,
            1.47329,
            1.47381
          ],
          [
            6.2475,
            4.41977,
            1.47381
          ],
          [
            2.0825,
            7.36625,
            1.47381
          ],
          [
            6.2475,
            7.36625,
            1.47381
          ],
          [
            8.32898,
            2.96413,
            2.96205
          ],
          [
            0.00557,
            5.90404,
            2.96164
          ],
          [
            4.17234,
            2.95186,
            2.92768
          ],
          [
            4.16255,
            5.89931,
            2.94988
          ],
          [
            4.15773,
            8.82822,
            2.94148
          ],
          [
            0.00564,
            8.82392,
            2.95674
          ],
          [
            2.07724,
            4.40296,
            4.46585
          ],
          [
            2.0721,
            7.37919,
            4.53679
          ],
          [
            6.28483,
            4.41728,
            4.48482
          ],
          [
            6.25305,
            7.36574,
            4.50631
          ],
          [
            2.08588,
            1.492,
            4.45548
          ],
          [
            6.24131,
            1.45563,
            4.44622
          ],
          [
            0.01648,
            5.83688,
            5.82956
          ],
          [
            8.28732,
            0.14677,
            5.85291
          ],
          [
            4.19742,
            5.88433,
            5.80211
          ],
          [
            4.17378,
            0.01621,
            5.80199
          ],
          [
            8.10593,
            2.65881,
            5.94645
          ],
          [
            2.0825,
            0.0,
            0.0
          ],
          [
            2.0825,
            2.94648,
            0.0
          ],
          [
            6.2475,
            0.0,
            0.0
          ],
          [
            6.2475,
            2.94648,
            0.0
          ],
          [
            2.0825,
            5.89306,
            0.0
          ],
          [
            6.2475,
            5.89306,
            0.0
          ],
          [
            0.0,
            1.47329,
            1.47381
          ],
          [
            0.0,
            4.41977,
            1.47381
          ],
          [
            4.165,
            1.47329,
            1.47381
          ],
          [
            4.165,
            4.41977,
            1.47381
          ],
          [
            0.0,
            7.36625,
            1.47381
          ],
          [
            4.165,
            7.36625,
            1.47381
          ],
          [
            2.08575,
            8.83279,
            2.96274
          ],
          [
            2.09487,
            2.95054,
            3.0076
          ],
          [
            6.24191,
            8.83587,
            2.96118
          ],
          [
            6.24195,
            2.9465,
            2.97315
          ],
          [
            2.09249,
            5.90277,
            2.96837
          ],
          [
            6.23916,
            5.89201,
            2.96991
          ],
          [
            0.03648,
            1.47774,
            4.36689
          ],
          [
            0.03184,
            4.44449,
            4.40905
          ],
          [
            4.12915,
            1.4809,
            4.42529
          ],
          [
            4.13149,
            4.40797,
            4.44778
          ],
          [
            0.01097,
            7.37982,
            4.52112
          ],
          [
            4.14501,
            7.36763,
            4.45644
          ],
          [
            2.12195,
            5.8111,
            5.87561
          ],
          [
            6.20583,
            2.9349,
            5.88308
          ],
          [
            6.21816,
            5.87661,
            5.86081
          ],
          [
            2.11546,
            0.10217,
            5.86491
          ],
          [
            6.19978,
            0.01731,
            5.83787
          ]
        ],
        "Stress": [
          [
            -77.66478,
            0.38634,
            0.43531
          ],
          [
            0.38634,
            -15.60949,
            -0.09967
          ],
          [
            0.43531,
            -0.09967,
            -34.06864
          ]
        ],
        "computation_code": "VASP",
        "pseudopotential_information": [
          [
            "PAW_PBE",
            "Ni",
            "02Aug2007"
          ],
          [
            "PAW_PBE",
            "O",
            "08Apr2002"
          ]
        ]
      }
    ],
    "EnergyStyle": "electronvolt",
    "ForcesStyle": "electronvoltperangstrom",
    "LatticeStyle": "angstrom",
    "PositionsStyle": "angstrom",
    "StressStyle": "kB"
  }
}