{
  "Dataset": {
    "AtomTypeStyle": "chemicalsymbol",
    "Data": [
      {
        "AtomTypes": [
          "Ni",
          "Ni",
          "Ni",
          "Ni",
          "Ni",
          "Ni",
          "Ni",
          "Ni",
          "Ni",
          "Ni",
          "Ni",
          "Ni",
          "Ni",
          "Ni",
          "Ni",
          "Ni",
          "Ni",
          "Ni",
          "Ni",
          "Ni",
          "Ni",
          "Ni",
          "Ni",
          "Ni",
          "Ni",
          "Ni",
          "Ni",
          "Ni",
          "Ni",
          "Ni",
          "O",
          "O",
          "O",
          "O",
          "O",
          "O",
          "O",
          "O",
          "O",
          "O",
          "O",
          "O",
          "O",
          "O",
          "O",
          "O",
          "O",
          "O",
          "O",
          "O",
          "O",
          "O",
          "O",
          "O",
          "O",
          "O",
          "O",
          "O",
          "O",
          "O"
        ],
        "Energy": -305.21806762,
        "Forces": [
          [
            -0.009092,
            -0.000213,
            0.005552
          ],
          [
            -0.058601,
            0.0,
            0.897693
          ],
          [
            -0.058588,
            0.000265,
            0.897576
          ],
          [
            -0.058601,
            0.0,
            0.897693
          ],
          [
            -0.058588,
            0.000265,
            0.897576
          ],
          [
            -0.058588,
            -0.000265,
            0.897576
          ],
          [
            -0.058588,
            -0.000265,
            0.897576
          ],
          [
            0.013285,
            -0.000392,
            -0.850388
          ],
          [
            0.013277,
            0.0,
            -0.850533
          ],
          [
            0.013285,
            -0.000392,
            -0.850388
          ],
          [
            0.013277,
            -0.0,
            -0.850533
          ],
          [
            0.013285,
            0.000392,
            -0.850388
          ],
          [
            0.013285,
            0.000392,
            -0.850388
          ],
          [
            0.001202,
            -1.2e-05,
            0.002905
          ],
          [
            0.001202,
            1.2e-05,
            0.002905
          ],
          [
            0.001202,
            -1.2e-05,
            0.002905
          ],
          [
            0.001202,
            1.2e-05,
            0.002905
          ],
          [
            0.001207,
            -0.0,
            0.003161
          ],
          [
            0.001207,
            0.0,
            0.003161
          ],
          [
            0.003357,
            0.0,
            0.016216
          ],
          [
            0.003347,
            0.000266,
            0.01646
          ],
          [
            0.003357,
            0.0,
            0.016216
          ],
          [
            0.003347,
            0.000266,
            0.01646
          ],
          [
            0.003347,
            -0.000266,
            0.01646
          ],
          [
            0.003347,
            -0.000266,
            0.01646
          ],
          [
            -0.009092,
            0.000213,
            0.005552
          ],
          [
            -0.009116,
            0.0,
            0.004201
          ],
          [
            -0.009092,
            0.000213,
            0.005552
          ],
          [
            -0.009116,
            0.0,
            0.004201
          ],
          [
            -0.009092,
            -0.000213,
            0.005552
          ],
          [
            0.022617,
            0.0,
            0.473095
          ],
          [
            0.022608,
            0.000258,
            0.472998
          ],
          [
            0.022617,
            0.0,
            0.473095
          ],
          [
            0.022608,
            0.000258,
            0.472998
          ],
          [
            0.022608,
            -0.000258,
            0.472998
          ],
          [
            0.022608,
            -0.000258,
            0.472998
          ],
          [
            0.028456,
            -0.000306,
            -0.57889
          ],
          [
            0.028451,
            -0.0,
            -0.579006
          ],
          [
            0.028456,
            -0.000306,
            -0.57889
          ],
          [
            0.028451,
            -0.0,
            -0.579006
          ],
          [
            0.028456,
            0.000306,
            -0.57889
          ],
          [
            0.028456,
            0.000306,
            -0.57889
          ],
          [
            0.000939,
            0.0,
            0.004654
          ],
          [
            0.000937,
            1.4e-05,
            0.004653
          ],
          [
            0.000939,
            0.0,
            0.004654
          ],
          [
            0.000937,
            1.4e-05,
            0.004653
          ],
          [
            0.000937,
            -1.4e-05,
            0.004653
          ],
          [
            0.000937,
            -1.4e-05,
            0.004653
          ],
          [
            -0.000371,
            -0.000277,
            0.015339
          ],
          [
            -0.00037,
            0.0,
            0.015069
          ],
          [
            -0.000371,
            -0.000277,
            0.015339
          ],
          [
            -0.00037,
            0.0,
            0.015069
          ],
          [
            -0.000371,
            0.000277,
            0.015339
          ],
          [
            -0.000371,
            0.000277,
            0.015339
          ],
          [
            -0.001776,
            2e-06,
            0.014349
          ],
          [
            -0.001776,
            -2e-06,
            0.014349
          ],
          [
            -0.001776,
            2e-06,
            0.014349
          ],
          [
            -0.001776,
            -2e-06,
            0.014349
          ],
          [
            -0.001776,
            0.0,
            0.014344
          ],
          [
            -0.001776,
            0.0,
            0.014344
          ]
        ],
        "Lattice": [
          [
            8.33,
            0.0,
            0.0
          ],
          [
            0.0,
            8.839539657,
            0.0
          ],
          [
            0.0,
            0.0,
            21.359563785
          ]
        ],
        "NumAtoms": 60,
        "Positions": [
          [
            4.1751,
            2.94651,
            5.86762
          ],
          [
            0.0,
            0.0,
            0.0
          ],
          [
            0.0,
            2.94648,
            0.0
          ],
          [
            4.165,
            0.0,
            0.0
          ],
          [
            4.165,
            2.94648,
            0.0
          ],
          [
            0.0,
            5.89306,
            0.0
          ],
          [
            4.165,
            5.89306,
            0.0
          ],
          [
            2.0825,
            1.47329,
            1.47381
          ],
          [
            2.0825,
            4.41977,
            1.47381
          ],
          [
            6.2475,
            1.47329,
            1.47381
          ],
          [
            6.2475,
            4.41977,
            1.47381
          ],
          [
            2.0825,
            7.36625,
            1.47381
          ],
          [
            6.2475,
            7.36625,
            1.47381
          ],
          [
            6e-05,
            2.94652,
            2.94128
          ],
          [
            6e-05,
            5.89302,
            2.94128
          ],
          [
            4.16506,
            2.94652,
            2.94128
          ],
          [
            4.16506,
            5.89302,
            2.94128
          ],
          [
            4.16506,
            -0.0,
            2.94126
          ],
          [
            6e-05,
            -0.0,
            2.94126
          ],
          [
            2.08087,
            4.41977,
            4.473
          ],
          [
            2.08087,
            7.36628,
            4.47299
          ],
          [
            6.24587,
            4.41977,
            4.473
          ],
          [
            6.24587,
            7.36628,
            4.47299
          ],
          [
            2.08087,
            1.47326,
            4.47299
          ],
          [
            6.24587,
            1.47326,
            4.47299
          ],
          [
            0.0101,
            5.89303,
            5.86762
          ],
          [
            0.01009,
            -0.0,
            5.86763
          ],
          [
            4.1751,
            5.89303,
            5.86762
          ],
          [
            4.17509,
            -0.0,
            5.86763
          ],
          [
            0.0101,
            2.94651,
            5.86762
          ],
          [
            2.0825,
            0.0,
            0.0
          ],
          [
            2.0825,
            2.94648,
            0.0
          ],
          [
            6.2475,
            0.0,
            0.0
          ],
          [
            6.2475,
            2.94648,
            0.0
          ],
          [
            2.0825,
            5.89306,
            0.0
          ],
          [
            6.2475,
            5.89306,
            0.0
          ],
          [
            0.0,
            1.47329,
            1.47381
          ],
          [
            0.0,
            4.41977,
            1.47381
          ],
          [
            4.165,
            1.47329,
            1.47381
          ],
          [
            4.165,
            4.41977,
            1.47381
          ],
          [
            0.0,
            7.36625,
            1.47381
          ],
          [
            4.165,
            7.36625,
            1.47381
          ],
          [
            2.08238,
            -0.0,
            2.95849
          ],
          [
            2.08238,
            2.94652,
            2.95851
          ],
          [
            6.24738,
            -0.0,
            2.95849
          ],
          [
            6.24738,
            2.94652,
            2.95851
          ],
          [
            2.08238,
            5.89302,
            2.95851
          ],
          [
            6.24738,
            5.89302,
            2.95851
          ],
          [
            -0.00406,
            1.47325,
            4.4445
          ],
          [
            -0.00406,
            4.41977,
            4.44451
          ],
          [
            4.16094,
            1.47325,
            4.4445
          ],
          [
            4.16094,
            4.41977,
            4.44451
          ],
          [
            -0.00406,
            7.36628,
            4.4445
          ],
          [
            4.16094,
            7.36628,
            4.4445
          ],
          [
            2.07919,
            2.94651,
            5.86423
          ],
          [
            2.07919,
            5.89303,
            5.86423
          ],
          [
            6.24419,
            2.94651,
            5.86423
          ],
          [
            6.24419,
            5.89303,
            5.86423
          ],
          [
            2.0792,
            -0.0,
            5.86423
          ],
          [
            6.2442,
            -0.0,
            5.86423
          ]
        ],
        "Stress": [
          [
            -81.30824,
            0.0,
            0.75204
          ],
          [
            0.0,
            -6.47077,
            0.0
          ],
          [
            0.75204,
            0.0,
            -32.63867
          ]
        ],
        "computation_code": "VASP",
        "pseudopotential_information": [
          [
            "PAW_PBE",
            "Ni",
            "02Aug2007"
          ],
          [
            "PAW_PBE",
            "O",
            "08Apr2002"
          ]
        ]
      }
    ],
    "EnergyStyle": "electronvolt",
    "ForcesStyle": "electronvoltperangstrom",
    "LatticeStyle": "angstrom",
    "PositionsStyle": "angstrom",
    "StressStyle": "kB"
  }
}