{
  "Dataset": {
    "AtomTypeStyle": "chemicalsymbol",
    "Data": [
      {
        "AtomTypes": [
          "Ni",
          "Ni",
          "Ni",
          "Ni",
          "Ni",
          "Ni",
          "Ni",
          "Ni",
          "Ni",
          "Ni",
          "Ni",
          "Ni",
          "Ni",
          "Ni",
          "Ni",
          "Ni",
          "Ni",
          "Ni",
          "Ni",
          "Ni",
          "Ni",
          "Ni",
          "Ni",
          "Ni",
          "Ni",
          "Ni",
          "Ni",
          "Ni",
          "Ni",
          "O",
          "O",
          "O",
          "O",
          "O",
          "O",
          "O",
          "O",
          "O",
          "O",
          "O",
          "O",
          "O",
          "O",
          "O",
          "O",
          "O",
          "O",
          "O",
          "O",
          "O",
          "O",
          "O",
          "O",
          "O",
          "O",
          "O",
          "O",
          "O",
          "Mo"
        ],
        "Energy": -304.84174134,
        "Forces": [
          [
            -0.003502,
            -0.01526,
            0.937706
          ],
          [
            0.009071,
            0.018941,
            0.893731
          ],
          [
            -0.123891,
            -0.016591,
            0.932993
          ],
          [
            -0.129892,
            0.021775,
            0.892337
          ],
          [
            0.016093,
            -0.002957,
            0.916378
          ],
          [
            -0.131326,
            -0.00199,
            0.917368
          ],
          [
            0.015688,
            -0.011508,
            -0.782352
          ],
          [
            0.027691,
            -0.027812,
            -0.808586
          ],
          [
            0.031829,
            -0.033627,
            -0.73645
          ],
          [
            0.021376,
            -0.143411,
            -0.822082
          ],
          [
            0.023418,
            0.045893,
            -0.830087
          ],
          [
            0.026957,
            0.094592,
            -0.953892
          ],
          [
            -0.007482,
            -0.007988,
            -0.011723
          ],
          [
            -0.000451,
            0.032015,
            -0.015835
          ],
          [
            -0.012022,
            0.00133,
            -0.003354
          ],
          [
            -0.015305,
            -0.007027,
            -0.003456
          ],
          [
            -0.005625,
            -0.023773,
            -0.019202
          ],
          [
            -0.003152,
            0.033723,
            0.018
          ],
          [
            -0.005466,
            0.020253,
            0.00673
          ],
          [
            -0.004418,
            0.004346,
            -0.015707
          ],
          [
            0.003005,
            0.009837,
            -0.001112
          ],
          [
            -0.005656,
            -0.005706,
            -0.012652
          ],
          [
            0.009831,
            0.004667,
            -0.008781
          ],
          [
            -0.012567,
            0.003709,
            -0.004993
          ],
          [
            0.025432,
            0.007225,
            0.049832
          ],
          [
            -0.002761,
            0.013409,
            -0.018255
          ],
          [
            0.001034,
            -0.002408,
            -0.005195
          ],
          [
            -0.003582,
            7.4e-05,
            0.035242
          ],
          [
            -0.013726,
            0.000236,
            0.053264
          ],
          [
            0.018869,
            0.003956,
            0.464638
          ],
          [
            0.016963,
            -0.009873,
            0.478248
          ],
          [
            0.017552,
            -0.001649,
            0.544379
          ],
          [
            0.018659,
            0.011774,
            0.640963
          ],
          [
            0.012935,
            0.004575,
            0.498588
          ],
          [
            0.019781,
            0.03296,
            0.684827
          ],
          [
            -0.060035,
            -0.038619,
            -0.660539
          ],
          [
            -0.079797,
            0.004975,
            -0.669972
          ],
          [
            0.116566,
            -0.035041,
            -0.648151
          ],
          [
            0.142892,
            0.005374,
            -0.668917
          ],
          [
            -0.115577,
            -0.023524,
            -0.605828
          ],
          [
            0.175748,
            -0.008395,
            -0.599889
          ],
          [
            -0.000618,
            0.002794,
            0.004406
          ],
          [
            -0.006857,
            -0.002389,
            -0.00574
          ],
          [
            -0.00306,
            0.004106,
            -0.00368
          ],
          [
            0.006161,
            0.019771,
            0.00161
          ],
          [
            -0.014992,
            -0.001927,
            0.004641
          ],
          [
            0.016885,
            -0.009978,
            0.009609
          ],
          [
            -0.002914,
            -0.024134,
            -0.015032
          ],
          [
            -0.001177,
            0.017227,
            -0.005736
          ],
          [
            -0.003922,
            0.003744,
            -0.027988
          ],
          [
            0.010249,
            0.008153,
            -0.003728
          ],
          [
            0.011563,
            0.006535,
            -0.001682
          ],
          [
            -0.003894,
            0.005074,
            0.003135
          ],
          [
            -0.013315,
            0.00165,
            0.007174
          ],
          [
            -0.013867,
            0.032254,
            0.036098
          ],
          [
            -0.01499,
            0.000732,
            -0.007656
          ],
          [
            0.013064,
            0.00127,
            -7.2e-05
          ],
          [
            0.014433,
            0.01433,
            -0.004245
          ],
          [
            -0.007907,
            -0.03769,
            -0.049329
          ]
        ],
        "Lattice": [
          [
            8.33,
            0.0,
            0.0
          ],
          [
            0.0,
            8.839539657,
            0.0
          ],
          [
            0.0,
            0.0,
            21.359563785
          ]
        ],
        "NumAtoms": 59,
        "Positions": [
          [
            0.0,
            0.0,
            0.0
          ],
          [
            0.0,
            2.94648,
            0.0
          ],
          [
            4.165,
            0.0,
            0.0
          ],
          [
            4.165,
            2.94648,
            0.0
          ],
          [
            0.0,
            5.89306,
            0.0
          ],
          [
            4.165,
            5.89306,
            0.0
          ],
          [
            2.0825,
            1.47329,
            1.47381
          ],
          [
            2.0825,
            4.41977,
            1.47381
          ],
          [
            6.2475,
            1.47329,
            1.47381
          ],
          [
            6.2475,
            4.41977,
            1.47381
          ],
          [
            2.0825,
            7.36625,
            1.47381
          ],
          [
            6.2475,
            7.36625,
            1.47381
          ],
          [
            0.00993,
            2.91407,
            2.93533
          ],
          [
            0.0233,
            5.89344,
            2.95748
          ],
          [
            4.16365,
            2.91242,
            2.93537
          ],
          [
            4.14901,
            5.89913,
            2.95697
          ],
          [
            4.16462,
            0.00839,
            2.97556
          ],
          [
            0.00593,
            0.00237,
            2.97235
          ],
          [
            2.08326,
            4.4683,
            4.49941
          ],
          [
            2.08754,
            7.37044,
            4.47205
          ],
          [
            6.25186,
            7.44109,
            4.45074
          ],
          [
            2.08614,
            1.47343,
            4.48989
          ],
          [
            6.2511,
            1.51316,
            4.54769
          ],
          [
            0.21007,
            6.17778,
            6.08543
          ],
          [
            4.08692,
            3.06219,
            5.81838
          ],
          [
            0.05186,
            8.75252,
            5.93291
          ],
          [
            3.9912,
            6.1497,
            6.08775
          ],
          [
            4.13727,
            -0.07779,
            5.9267
          ],
          [
            0.09537,
            3.05262,
            5.81999
          ],
          [
            2.0825,
            0.0,
            0.0
          ],
          [
            2.0825,
            2.94648,
            0.0
          ],
          [
            6.2475,
            0.0,
            0.0
          ],
          [
            6.2475,
            2.94648,
            0.0
          ],
          [
            2.0825,
            5.89306,
            0.0
          ],
          [
            6.2475,
            5.89306,
            0.0
          ],
          [
            0.0,
            1.47329,
            1.47381
          ],
          [
            0.0,
            4.41977,
            1.47381
          ],
          [
            4.165,
            1.47329,
            1.47381
          ],
          [
            4.165,
            4.41977,
            1.47381
          ],
          [
            0.0,
            7.36625,
            1.47381
          ],
          [
            4.165,
            7.36625,
            1.47381
          ],
          [
            2.08523,
            8.83487,
            2.9562
          ],
          [
            2.08624,
            2.96734,
            2.97278
          ],
          [
            6.24996,
            -0.00403,
            2.94677
          ],
          [
            6.25087,
            2.9828,
            3.06406
          ],
          [
            2.08636,
            5.8876,
            2.97973
          ],
          [
            6.24971,
            5.79304,
            3.06727
          ],
          [
            8.31046,
            1.46743,
            4.44506
          ],
          [
            8.23038,
            4.39912,
            4.34282
          ],
          [
            4.19472,
            1.46594,
            4.45071
          ],
          [
            4.27276,
            4.39705,
            4.33505
          ],
          [
            8.27701,
            7.3371,
            4.41192
          ],
          [
            4.22392,
            7.33701,
            4.41376
          ],
          [
            2.09464,
            5.91652,
            5.87937
          ],
          [
            6.26601,
            5.67129,
            6.14435
          ],
          [
            2.09296,
            0.00128,
            5.8414
          ],
          [
            2.08203,
            2.98473,
            5.84215
          ],
          [
            6.25443,
            0.00098,
            5.86954
          ],
          [
            6.24623,
            4.49754,
            4.80446
          ]
        ],
        "Stress": [
          [
            -70.85456,
            0.03142,
            0.22771
          ],
          [
            0.03142,
            -16.34289,
            0.36914
          ],
          [
            0.22771,
            0.36914,
            -34.44438
          ]
        ],
        "computation_code": "VASP",
        "pseudopotential_information": [
          [
            "PAW_PBE",
            "Ni",
            "02Aug2007"
          ],
          [
            "PAW_PBE",
            "O",
            "08Apr2002"
          ],
          [
            "PAW_PBE",
            "Mo_sv",
            "02Feb2006"
          ]
        ]
      }
    ],
    "EnergyStyle": "electronvolt",
    "ForcesStyle": "electronvoltperangstrom",
    "LatticeStyle": "angstrom",
    "PositionsStyle": "angstrom",
    "StressStyle": "kB"
  }
}