{
  "Dataset": {
    "AtomTypeStyle": "chemicalsymbol",
    "Data": [
      {
        "AtomTypes": [
          "Ni",
          "Ni",
          "Ni",
          "Ni",
          "Ni",
          "Ni",
          "Ni",
          "Ni",
          "Ni",
          "Ni",
          "Ni",
          "Ni",
          "Ni",
          "Ni",
          "Ni",
          "Ni",
          "Ni",
          "Ni",
          "Ni",
          "Ni",
          "Ni",
          "Ni",
          "Ni",
          "Ni",
          "Ni",
          "Ni",
          "Ni",
          "Ni",
          "Ni",
          "O",
          "O",
          "O",
          "O",
          "O",
          "O",
          "O",
          "O",
          "O",
          "O",
          "O",
          "O",
          "O",
          "O",
          "O",
          "O",
          "O",
          "O",
          "O",
          "O",
          "O",
          "O",
          "O",
          "O",
          "O",
          "O",
          "O",
          "O",
          "O",
          "O",
          "O",
          "Mo"
        ],
        "Energy": -321.55551614,
        "Forces": [
          [
            -0.062863,
            0.00441,
            0.889803
          ],
          [
            -0.061436,
            0.000212,
            0.871862
          ],
          [
            -0.062818,
            0.016831,
            0.906449
          ],
          [
            -0.063754,
            0.000328,
            0.886626
          ],
          [
            -0.062872,
            -0.004575,
            0.890635
          ],
          [
            -0.062788,
            -0.017035,
            0.906699
          ],
          [
            0.031682,
            -0.01897,
            -0.921612
          ],
          [
            0.031662,
            0.018438,
            -0.921597
          ],
          [
            -0.008901,
            -0.023467,
            -0.927312
          ],
          [
            -0.008853,
            0.022998,
            -0.927305
          ],
          [
            0.016586,
            0.000582,
            -0.859047
          ],
          [
            0.004666,
            0.000555,
            -0.878037
          ],
          [
            0.025648,
            0.000143,
            0.165697
          ],
          [
            0.002507,
            -0.006738,
            -0.215312
          ],
          [
            -0.00181,
            0.00115,
            -0.013253
          ],
          [
            0.00085,
            -0.034953,
            0.004168
          ],
          [
            0.000754,
            0.034473,
            0.043598
          ],
          [
            0.00367,
            0.007387,
            0.003808
          ],
          [
            0.092447,
            -0.304916,
            -0.001697
          ],
          [
            0.229921,
            0.141332,
            -0.078407
          ],
          [
            -0.160485,
            -0.111926,
            -0.225277
          ],
          [
            -0.218223,
            0.13333,
            -0.077565
          ],
          [
            -0.042251,
            0.167317,
            0.133299
          ],
          [
            -0.034389,
            -0.022118,
            -0.092641
          ],
          [
            0.047212,
            -0.2168,
            1.508286
          ],
          [
            0.031226,
            0.422069,
            0.128659
          ],
          [
            -0.02831,
            -0.069495,
            -0.149865
          ],
          [
            -0.028652,
            0.140545,
            -0.407586
          ],
          [
            0.197221,
            -0.204334,
            -0.297046
          ],
          [
            0.017164,
            -0.008827,
            0.485598
          ],
          [
            0.011405,
            0.000333,
            0.479726
          ],
          [
            0.024479,
            -0.006141,
            0.482538
          ],
          [
            0.028711,
            0.000336,
            0.484258
          ],
          [
            0.017151,
            0.008609,
            0.485652
          ],
          [
            0.024484,
            0.005932,
            0.482581
          ],
          [
            0.022637,
            -0.041236,
            -0.585943
          ],
          [
            0.022724,
            0.041558,
            -0.583328
          ],
          [
            0.027512,
            -0.062473,
            -0.52245
          ],
          [
            0.02758,
            0.062504,
            -0.521247
          ],
          [
            0.026215,
            -0.000325,
            -0.580048
          ],
          [
            0.016693,
            3.3e-05,
            -0.51703
          ],
          [
            0.018116,
            -0.033115,
            -0.018892
          ],
          [
            -0.006521,
            0.003585,
            0.098056
          ],
          [
            -0.004724,
            0.01044,
            0.037884
          ],
          [
            0.01628,
            0.003403,
            0.146126
          ],
          [
            0.019192,
            0.03039,
            -0.020149
          ],
          [
            -0.005625,
            -0.013081,
            0.036541
          ],
          [
            -0.024383,
            0.063015,
            0.018401
          ],
          [
            -0.027675,
            -0.441955,
            -0.352939
          ],
          [
            0.028896,
            -0.180413,
            -0.083713
          ],
          [
            0.029572,
            0.108864,
            -0.161795
          ],
          [
            -0.010349,
            0.378164,
            -0.427315
          ],
          [
            0.021604,
            0.077097,
            0.228199
          ],
          [
            0.679672,
            -0.000623,
            0.183269
          ],
          [
            0.649368,
            -0.014536,
            -0.027241
          ],
          [
            -0.418214,
            0.00114,
            0.334062
          ],
          [
            -0.646687,
            -0.04389,
            -0.008138
          ],
          [
            0.262537,
            0.011704,
            -0.018496
          ],
          [
            -0.234091,
            0.039622,
            0.001724
          ],
          [
            0.001976,
            0.001117,
            1.173341
          ],
          [
            -0.423347,
            -0.078005,
            -1.075259
          ]
        ],
        "Lattice": [
          [
            8.33,
            0.0,
            0.0
          ],
          [
            0.0,
            8.839539657,
            0.0
          ],
          [
            0.0,
            0.0,
            21.359563785
          ]
        ],
        "NumAtoms": 61,
        "Positions": [
          [
            0.0,
            0.0,
            0.0
          ],
          [
            0.0,
            2.94648,
            0.0
          ],
          [
            4.165,
            0.0,
            0.0
          ],
          [
            4.165,
            2.94648,
            0.0
          ],
          [
            0.0,
            5.89306,
            0.0
          ],
          [
            4.165,
            5.89306,
            0.0
          ],
          [
            2.0825,
            1.47329,
            1.47381
          ],
          [
            2.0825,
            4.41977,
            1.47381
          ],
          [
            6.2475,
            1.47329,
            1.47381
          ],
          [
            6.2475,
            4.41977,
            1.47381
          ],
          [
            2.0825,
            7.36625,
            1.47381
          ],
          [
            6.2475,
            7.36625,
            1.47381
          ],
          [
            0.00017,
            2.94651,
            2.93124
          ],
          [
            -0.00091,
            5.90164,
            2.94949
          ],
          [
            4.16583,
            2.94651,
            2.94197
          ],
          [
            4.16513,
            5.90867,
            2.96089
          ],
          [
            4.16513,
            8.82388,
            2.96046
          ],
          [
            -0.00092,
            8.83092,
            2.94856
          ],
          [
            2.08552,
            4.45009,
            4.43803
          ],
          [
            2.09184,
            7.36558,
            4.5052
          ],
          [
            6.25213,
            4.44541,
            4.44496
          ],
          [
            6.2356,
            7.3656,
            4.50188
          ],
          [
            2.08586,
            1.44362,
            4.4373
          ],
          [
            6.25186,
            1.44828,
            4.44424
          ],
          [
            0.01058,
            5.88819,
            5.87853
          ],
          [
            0.01063,
            0.00402,
            5.88425
          ],
          [
            4.17756,
            5.82049,
            5.93622
          ],
          [
            4.17753,
            0.07197,
            5.93919
          ],
          [
            -0.00229,
            2.9473,
            5.82664
          ],
          [
            2.0825,
            0.0,
            0.0
          ],
          [
            2.0825,
            2.94648,
            0.0
          ],
          [
            6.2475,
            0.0,
            0.0
          ],
          [
            6.2475,
            2.94648,
            0.0
          ],
          [
            2.0825,
            5.89306,
            0.0
          ],
          [
            6.2475,
            5.89306,
            0.0
          ],
          [
            0.0,
            1.47329,
            1.47381
          ],
          [
            0.0,
            4.41977,
            1.47381
          ],
          [
            4.165,
            1.47329,
            1.47381
          ],
          [
            4.165,
            4.41977,
            1.47381
          ],
          [
            0.0,
            7.36625,
            1.47381
          ],
          [
            4.165,
            7.36625,
            1.47381
          ],
          [
            2.08435,
            0.00084,
            2.96022
          ],
          [
            2.08418,
            2.94651,
            2.95823
          ],
          [
            6.24314,
            -0.00101,
            2.95676
          ],
          [
            6.24618,
            2.9465,
            2.95876
          ],
          [
            2.08436,
            5.89219,
            2.96026
          ],
          [
            6.24314,
            5.89404,
            2.95679
          ],
          [
            8.32804,
            1.4868,
            4.43632
          ],
          [
            8.32806,
            4.40785,
            4.43793
          ],
          [
            4.16322,
            1.52724,
            4.46938
          ],
          [
            4.16323,
            4.36654,
            4.47035
          ],
          [
            8.32874,
            7.36468,
            4.43778
          ],
          [
            4.16233,
            7.36537,
            4.46673
          ],
          [
            2.16917,
            2.94648,
            5.8521
          ],
          [
            2.05288,
            5.87002,
            5.85584
          ],
          [
            6.13629,
            2.94649,
            5.84362
          ],
          [
            6.28051,
            5.86902,
            5.85255
          ],
          [
            2.05372,
            0.02302,
            5.85576
          ],
          [
            6.27955,
            0.02401,
            5.85247
          ],
          [
            4.16228,
            2.94654,
            7.84172
          ],
          [
            4.18394,
            2.94727,
            6.17251
          ]
        ],
        "Stress": [
          [
            -81.15058,
            0.01955,
            0.43058
          ],
          [
            0.01955,
            -11.1885,
            -0.00634
          ],
          [
            0.43058,
            -0.00634,
            -30.15957
          ]
        ],
        "computation_code": "VASP",
        "pseudopotential_information": [
          [
            "PAW_PBE",
            "Ni",
            "02Aug2007"
          ],
          [
            "PAW_PBE",
            "O",
            "08Apr2002"
          ],
          [
            "PAW_PBE",
            "Mo_sv",
            "02Feb2006"
          ]
        ]
      }
    ],
    "EnergyStyle": "electronvolt",
    "ForcesStyle": "electronvoltperangstrom",
    "LatticeStyle": "angstrom",
    "PositionsStyle": "angstrom",
    "StressStyle": "kB"
  }
}