{
  "Dataset": {
    "AtomTypeStyle": "chemicalsymbol",
    "Data": [
      {
        "AtomTypes": [
          "Ni",
          "Ni",
          "Ni",
          "Ni",
          "Ni",
          "Ni",
          "Ni",
          "Ni",
          "Ni",
          "Ni",
          "Ni",
          "Ni",
          "Ni",
          "Ni",
          "Ni",
          "Ni",
          "Ni",
          "Ni",
          "Ni",
          "Ni",
          "Ni",
          "Ni",
          "Ni",
          "Ni",
          "Ni",
          "Ni",
          "Ni",
          "Ni",
          "Ni",
          "O",
          "O",
          "O",
          "O",
          "O",
          "O",
          "O",
          "O",
          "O",
          "O",
          "O",
          "O",
          "O",
          "O",
          "O",
          "O",
          "O",
          "O",
          "O",
          "O",
          "O",
          "O",
          "O",
          "O",
          "O",
          "O",
          "O",
          "O",
          "O",
          "O",
          "O",
          "O",
          "Mo"
        ],
        "Energy": -325.58911479,
        "Forces": [
          [
            0.004384,
            -0.00254,
            0.884521
          ],
          [
            0.011244,
            0.040795,
            0.849381
          ],
          [
            -0.126032,
            -0.010542,
            0.937553
          ],
          [
            -0.13447,
            -0.001493,
            0.953734
          ],
          [
            0.013559,
            -0.038718,
            0.842803
          ],
          [
            -0.135308,
            0.011871,
            0.955857
          ],
          [
            0.099012,
            0.012334,
            -0.838944
          ],
          [
            0.058079,
            0.024789,
            -0.83379
          ],
          [
            -0.070185,
            -0.068388,
            -0.893294
          ],
          [
            -0.029872,
            0.02328,
            -0.825977
          ],
          [
            0.10295,
            0.016515,
            -0.844548
          ],
          [
            -0.116378,
            -0.008603,
            -0.872727
          ],
          [
            0.002172,
            -0.001077,
            0.003232
          ],
          [
            0.002634,
            -0.005491,
            -0.004103
          ],
          [
            0.00554,
            -0.004162,
            0.002981
          ],
          [
            0.006616,
            0.002761,
            0.002308
          ],
          [
            0.001314,
            -0.000814,
            0.00466
          ],
          [
            0.003189,
            0.008724,
            -0.002811
          ],
          [
            0.002702,
            -0.008895,
            -0.005116
          ],
          [
            0.018285,
            0.011361,
            -0.010809
          ],
          [
            -0.005217,
            -0.006702,
            -0.003241
          ],
          [
            -0.005664,
            0.005303,
            0.00207
          ],
          [
            0.005529,
            -0.002812,
            -0.0007
          ],
          [
            -0.002452,
            -0.000752,
            -0.000894
          ],
          [
            0.010111,
            -0.007937,
            0.022504
          ],
          [
            0.004346,
            0.007806,
            0.016275
          ],
          [
            0.005667,
            0.011266,
            -0.008266
          ],
          [
            0.004618,
            -0.00069,
            -0.022049
          ],
          [
            -0.003214,
            0.003551,
            0.004051
          ],
          [
            -0.003401,
            0.000638,
            0.463659
          ],
          [
            0.01311,
            -0.01945,
            0.485388
          ],
          [
            0.043536,
            0.005861,
            0.563484
          ],
          [
            0.027555,
            -0.014215,
            0.66864
          ],
          [
            0.009348,
            0.011943,
            0.475681
          ],
          [
            0.033194,
            0.019634,
            0.659269
          ],
          [
            -0.114805,
            -0.062695,
            -0.713615
          ],
          [
            -0.082483,
            -0.009745,
            -0.896893
          ],
          [
            0.133257,
            0.104616,
            -0.438029
          ],
          [
            0.143061,
            -0.047749,
            -0.359265
          ],
          [
            -0.12447,
            0.115529,
            -0.752036
          ],
          [
            0.133722,
            -0.082273,
            -0.471153
          ],
          [
            0.002664,
            -0.002016,
            -0.000252
          ],
          [
            -0.001615,
            0.002635,
            0.001106
          ],
          [
            0.003689,
            -0.003827,
            -0.00235
          ],
          [
            -0.002189,
            -0.001114,
            -0.001322
          ],
          [
            0.000452,
            -0.001576,
            0.00019
          ],
          [
            -0.003505,
            -0.00127,
            -0.001471
          ],
          [
            0.002753,
            -0.001992,
            -0.008752
          ],
          [
            0.010628,
            -0.002337,
            -0.000597
          ],
          [
            -0.000577,
            -0.003536,
            0.004807
          ],
          [
            -0.001391,
            0.000764,
            -0.00181
          ],
          [
            0.003698,
            -0.000576,
            -0.010392
          ],
          [
            0.007676,
            -0.00034,
            0.002968
          ],
          [
            0.004993,
            0.003464,
            0.002807
          ],
          [
            0.024691,
            -0.001725,
            0.008523
          ],
          [
            -0.009688,
            -0.00499,
            0.005865
          ],
          [
            0.005206,
            0.000896,
            0.005464
          ],
          [
            0.016948,
            -0.00055,
            0.000406
          ],
          [
            -0.006764,
            -0.010315,
            -0.000666
          ],
          [
            0.009084,
            0.022159,
            0.00197
          ],
          [
            -0.009369,
            -0.014418,
            0.004968
          ],
          [
            -0.002165,
            -0.012167,
            -0.011252
          ]
        ],
        "Lattice": [
          [
            8.33,
            0.0,
            0.0
          ],
          [
            0.0,
            8.839539657,
            0.0
          ],
          [
            0.0,
            0.0,
            21.359563785
          ]
        ],
        "NumAtoms": 62,
        "Positions": [
          [
            0.0,
            0.0,
            0.0
          ],
          [
            0.0,
            2.94648,
            0.0
          ],
          [
            4.165,
            0.0,
            0.0
          ],
          [
            4.165,
            2.94648,
            0.0
          ],
          [
            0.0,
            5.89306,
            0.0
          ],
          [
            4.165,
            5.89306,
            0.0
          ],
          [
            2.0825,
            1.47329,
            1.47381
          ],
          [
            2.0825,
            4.41977,
            1.47381
          ],
          [
            6.2475,
            1.47329,
            1.47381
          ],
          [
            6.2475,
            4.41977,
            1.47381
          ],
          [
            2.0825,
            7.36625,
            1.47381
          ],
          [
            6.2475,
            7.36625,
            1.47381
          ],
          [
            0.03351,
            2.91275,
            2.92006
          ],
          [
            0.01497,
            5.94683,
            2.9148
          ],
          [
            4.14255,
            2.94842,
            2.99483
          ],
          [
            4.15219,
            5.88517,
            2.99171
          ],
          [
            4.13852,
            -8e-05,
            2.97124
          ],
          [
            -0.00613,
            0.01052,
            2.96389
          ],
          [
            1.96983,
            4.44083,
            4.50676
          ],
          [
            2.05759,
            7.38034,
            4.46218
          ],
          [
            3.85969,
            2.94307,
            6.02616
          ],
          [
            6.24326,
            7.37001,
            4.47905
          ],
          [
            2.02941,
            1.47549,
            4.48565
          ],
          [
            6.2369,
            1.39023,
            4.47955
          ],
          [
            0.13163,
            6.18314,
            6.08584
          ],
          [
            0.03075,
            8.75184,
            5.93423
          ],
          [
            3.9329,
            5.92906,
            6.01384
          ],
          [
            4.15654,
            -0.00579,
            5.89649
          ],
          [
            0.02156,
            2.80724,
            6.01646
          ],
          [
            2.0825,
            0.0,
            0.0
          ],
          [
            2.0825,
            2.94648,
            0.0
          ],
          [
            6.2475,
            0.0,
            0.0
          ],
          [
            6.2475,
            2.94648,
            0.0
          ],
          [
            2.0825,
            5.89306,
            0.0
          ],
          [
            6.2475,
            5.89306,
            0.0
          ],
          [
            0.0,
            1.47329,
            1.47381
          ],
          [
            0.0,
            4.41977,
            1.47381
          ],
          [
            4.165,
            1.47329,
            1.47381
          ],
          [
            4.165,
            4.41977,
            1.47381
          ],
          [
            0.0,
            7.36625,
            1.47381
          ],
          [
            4.165,
            7.36625,
            1.47381
          ],
          [
            2.09169,
            0.00748,
            2.94876
          ],
          [
            2.10819,
            2.9708,
            2.97499
          ],
          [
            6.20207,
            8.83085,
            2.94732
          ],
          [
            6.21242,
            2.99652,
            3.05812
          ],
          [
            2.11033,
            5.87871,
            2.96721
          ],
          [
            6.19794,
            5.80015,
            3.0629
          ],
          [
            8.27184,
            1.47306,
            4.39346
          ],
          [
            8.24731,
            4.4491,
            4.17607
          ],
          [
            4.16316,
            1.52476,
            4.4984
          ],
          [
            4.33961,
            4.42627,
            4.61155
          ],
          [
            8.29081,
            7.38838,
            4.36705
          ],
          [
            4.17232,
            7.31518,
            4.48699
          ],
          [
            1.94991,
            2.95969,
            5.80945
          ],
          [
            2.00418,
            5.92194,
            5.81115
          ],
          [
            6.30194,
            2.93322,
            5.95237
          ],
          [
            6.44949,
            5.81463,
            5.88072
          ],
          [
            2.1054,
            0.00695,
            5.84812
          ],
          [
            6.21172,
            -0.03156,
            5.85926
          ],
          [
            4.15834,
            5.11494,
            7.71641
          ],
          [
            4.13989,
            3.76603,
            7.72216
          ],
          [
            6.41034,
            4.31446,
            4.77438
          ]
        ],
        "Stress": [
          [
            -71.7109,
            0.92438,
            0.71039
          ],
          [
            0.92438,
            -13.99831,
            -0.05569
          ],
          [
            0.71039,
            -0.05569,
            -36.64352
          ]
        ],
        "computation_code": "VASP",
        "pseudopotential_information": [
          [
            "PAW_PBE",
            "Ni",
            "02Aug2007"
          ],
          [
            "PAW_PBE",
            "O",
            "08Apr2002"
          ],
          [
            "PAW_PBE",
            "Mo_sv",
            "02Feb2006"
          ]
        ]
      }
    ],
    "EnergyStyle": "electronvolt",
    "ForcesStyle": "electronvoltperangstrom",
    "LatticeStyle": "angstrom",
    "PositionsStyle": "angstrom",
    "StressStyle": "kB"
  }
}