{
  "Dataset": {
    "AtomTypeStyle": "chemicalsymbol",
    "Data": [
      {
        "AtomTypes": [
          "Ni",
          "Ni",
          "Ni",
          "Ni",
          "Ni",
          "Ni",
          "Ni",
          "Ni",
          "Ni",
          "Ni",
          "Ni",
          "Ni",
          "Ni",
          "Ni",
          "Ni",
          "Ni",
          "Ni",
          "Ni",
          "Ni",
          "Ni",
          "Ni",
          "Ni",
          "Ni",
          "Ni",
          "Ni",
          "Ni",
          "Ni",
          "Ni",
          "Ni",
          "O",
          "O",
          "O",
          "O",
          "O",
          "O",
          "O",
          "O",
          "O",
          "O",
          "O",
          "O",
          "O",
          "O",
          "O",
          "O",
          "O",
          "O",
          "O",
          "O",
          "O",
          "O",
          "O",
          "O",
          "O",
          "O",
          "O",
          "O",
          "O",
          "O",
          "O",
          "O",
          "Mo"
        ],
        "Energy": -325.48399437,
        "Forces": [
          [
            0.007723,
            -0.000366,
            0.81454
          ],
          [
            0.020531,
            0.040096,
            0.770436
          ],
          [
            -0.124474,
            -0.0005,
            0.885972
          ],
          [
            -0.140659,
            -0.007609,
            0.911599
          ],
          [
            0.021153,
            -0.03959,
            0.770703
          ],
          [
            -0.140914,
            0.008311,
            0.912234
          ],
          [
            0.151562,
            -0.026226,
            -0.83809
          ],
          [
            0.105138,
            0.003159,
            -0.86009
          ],
          [
            -0.083344,
            -0.055035,
            -0.913398
          ],
          [
            -0.004381,
            -0.000126,
            -0.831903
          ],
          [
            0.150459,
            0.027713,
            -0.836876
          ],
          [
            -0.086266,
            0.048818,
            -0.914805
          ],
          [
            0.076466,
            -0.073493,
            0.02933
          ],
          [
            0.08031,
            0.072232,
            0.036232
          ],
          [
            -7e-05,
            -0.01087,
            0.037769
          ],
          [
            -0.003394,
            0.008961,
            0.037636
          ],
          [
            -0.010038,
            -0.001056,
            0.060243
          ],
          [
            -0.00955,
            -0.008698,
            0.034079
          ],
          [
            -0.008938,
            0.008458,
            0.140246
          ],
          [
            -0.022274,
            -0.014831,
            0.029759
          ],
          [
            -0.048816,
            -0.000997,
            0.031662
          ],
          [
            -0.042223,
            0.04803,
            0.008067
          ],
          [
            -0.018908,
            0.010945,
            0.027131
          ],
          [
            -0.04947,
            -0.049285,
            0.01118
          ],
          [
            0.137775,
            0.257523,
            -0.066007
          ],
          [
            0.02105,
            -0.007177,
            0.10926
          ],
          [
            -0.055751,
            -0.003526,
            0.028435
          ],
          [
            -0.023594,
            -0.003704,
            -0.150309
          ],
          [
            0.139653,
            -0.251121,
            -0.032365
          ],
          [
            -0.014411,
            0.000289,
            0.496689
          ],
          [
            0.001028,
            -0.014012,
            0.507678
          ],
          [
            0.048248,
            0.000518,
            0.584726
          ],
          [
            0.032334,
            -0.009681,
            0.711118
          ],
          [
            0.001037,
            0.013373,
            0.5067
          ],
          [
            0.032459,
            0.010749,
            0.71128
          ],
          [
            -0.11486,
            -0.14199,
            -0.684557
          ],
          [
            -0.086963,
            0.000522,
            -0.99839
          ],
          [
            0.159581,
            0.088215,
            -0.387519
          ],
          [
            0.192822,
            -0.002222,
            -0.322768
          ],
          [
            -0.116657,
            0.146961,
            -0.689326
          ],
          [
            0.159743,
            -0.087383,
            -0.3891
          ],
          [
            0.006448,
            0.001224,
            -0.013309
          ],
          [
            -0.014147,
            -0.009288,
            -0.079682
          ],
          [
            -0.012826,
            0.007466,
            0.077736
          ],
          [
            -0.025767,
            0.040831,
            -0.016953
          ],
          [
            -0.013107,
            0.006713,
            -0.076104
          ],
          [
            -0.022184,
            -0.039421,
            -0.012757
          ],
          [
            -0.014971,
            0.011182,
            -0.023955
          ],
          [
            0.057372,
            0.002262,
            0.045877
          ],
          [
            0.062166,
            -0.053129,
            -0.007098
          ],
          [
            0.172637,
            0.003073,
            0.080669
          ],
          [
            -0.01373,
            -0.025814,
            -0.011156
          ],
          [
            0.061687,
            0.045853,
            -0.006239
          ],
          [
            -0.206961,
            -0.012166,
            -0.053131
          ],
          [
            -0.200069,
            0.0113,
            -0.059378
          ],
          [
            0.049175,
            -0.023096,
            -0.090422
          ],
          [
            0.060911,
            0.04968,
            -0.068599
          ],
          [
            0.074965,
            0.003579,
            0.008307
          ],
          [
            -0.129592,
            -1.2e-05,
            0.044711
          ],
          [
            -0.013324,
            0.403927,
            -0.028594
          ],
          [
            -0.017368,
            -0.399681,
            -0.027395
          ],
          [
            -0.194433,
            -0.009861,
            0.02827
          ]
        ],
        "Lattice": [
          [
            8.33,
            0.0,
            0.0
          ],
          [
            0.0,
            8.839539657,
            0.0
          ],
          [
            0.0,
            0.0,
            21.359563785
          ]
        ],
        "NumAtoms": 62,
        "Positions": [
          [
            0.0,
            0.0,
            0.0
          ],
          [
            0.0,
            2.94648,
            0.0
          ],
          [
            4.165,
            0.0,
            0.0
          ],
          [
            4.165,
            2.94648,
            0.0
          ],
          [
            0.0,
            5.89306,
            0.0
          ],
          [
            4.165,
            5.89306,
            0.0
          ],
          [
            2.0825,
            1.47329,
            1.47381
          ],
          [
            2.0825,
            4.41977,
            1.47381
          ],
          [
            6.2475,
            1.47329,
            1.47381
          ],
          [
            6.2475,
            4.41977,
            1.47381
          ],
          [
            2.0825,
            7.36625,
            1.47381
          ],
          [
            6.2475,
            7.36625,
            1.47381
          ],
          [
            0.03331,
            2.89631,
            2.89984
          ],
          [
            0.03149,
            5.94514,
            2.89984
          ],
          [
            4.15981,
            2.9518,
            2.99359
          ],
          [
            4.16013,
            5.88788,
            2.99387
          ],
          [
            4.14391,
            8.83951,
            2.9693
          ],
          [
            0.0029,
            0.00118,
            2.96385
          ],
          [
            2.02088,
            4.42098,
            4.47943
          ],
          [
            2.05604,
            7.35973,
            4.48864
          ],
          [
            3.92997,
            2.94022,
            6.02851
          ],
          [
            6.25013,
            7.39471,
            4.48541
          ],
          [
            2.05589,
            1.48001,
            4.48869
          ],
          [
            6.25009,
            1.44022,
            4.48412
          ],
          [
            0.05811,
            5.90106,
            6.02888
          ],
          [
            0.04099,
            8.83732,
            5.86558
          ],
          [
            3.93366,
            5.90179,
            6.02901
          ],
          [
            4.17027,
            0.00043,
            5.88672
          ],
          [
            0.05371,
            2.94762,
            6.01741
          ],
          [
            2.0825,
            0.0,
            0.0
          ],
          [
            2.0825,
            2.94648,
            0.0
          ],
          [
            6.2475,
            0.0,
            0.0
          ],
          [
            6.2475,
            2.94648,
            0.0
          ],
          [
            2.0825,
            5.89306,
            0.0
          ],
          [
            6.2475,
            5.89306,
            0.0
          ],
          [
            0.0,
            1.47329,
            1.47381
          ],
          [
            0.0,
            4.41977,
            1.47381
          ],
          [
            4.165,
            1.47329,
            1.47381
          ],
          [
            4.165,
            4.41977,
            1.47381
          ],
          [
            0.0,
            7.36625,
            1.47381
          ],
          [
            4.165,
            7.36625,
            1.47381
          ],
          [
            2.09136,
            0.00037,
            2.9589
          ],
          [
            2.1199,
            2.96206,
            2.97361
          ],
          [
            6.21716,
            8.83796,
            2.94522
          ],
          [
            6.22227,
            3.01522,
            3.07627
          ],
          [
            2.11977,
            5.87852,
            2.97307
          ],
          [
            6.22019,
            5.8199,
            3.07702
          ],
          [
            8.2931,
            1.47357,
            4.41665
          ],
          [
            8.27134,
            4.4214,
            4.11055
          ],
          [
            4.17478,
            1.52123,
            4.50363
          ],
          [
            4.35178,
            4.41946,
            4.58139
          ],
          [
            8.29343,
            7.36794,
            4.4136
          ],
          [
            4.17472,
            7.3192,
            4.50374
          ],
          [
            2.00638,
            2.95964,
            5.81225
          ],
          [
            2.00742,
            5.88134,
            5.81407
          ],
          [
            6.33719,
            2.99319,
            5.95187
          ],
          [
            6.34281,
            5.84093,
            5.94714
          ],
          [
            2.09982,
            0.00012,
            5.85484
          ],
          [
            6.24536,
            -0.00119,
            5.84899
          ],
          [
            4.18088,
            5.09076,
            7.73492
          ],
          [
            4.18177,
            3.74975,
            7.73458
          ],
          [
            6.46196,
            4.41359,
            4.78101
          ]
        ],
        "Stress": [
          [
            -74.53891,
            0.02433,
            -0.56849
          ],
          [
            0.02433,
            -15.02051,
            0.03945
          ],
          [
            -0.56849,
            0.03945,
            -37.09555
          ]
        ],
        "computation_code": "VASP",
        "pseudopotential_information": [
          [
            "PAW_PBE",
            "Ni",
            "02Aug2007"
          ],
          [
            "PAW_PBE",
            "O",
            "08Apr2002"
          ],
          [
            "PAW_PBE",
            "Mo_sv",
            "02Feb2006"
          ]
        ]
      }
    ],
    "EnergyStyle": "electronvolt",
    "ForcesStyle": "electronvoltperangstrom",
    "LatticeStyle": "angstrom",
    "PositionsStyle": "angstrom",
    "StressStyle": "kB"
  }
}