{
  "Dataset": {
    "AtomTypeStyle": "chemicalsymbol",
    "Data": [
      {
        "AtomTypes": [
          "Ni",
          "Ni",
          "Ni",
          "Ni",
          "Ni",
          "Ni",
          "Ni",
          "Ni",
          "Ni",
          "Ni",
          "Ni",
          "Ni",
          "Ni",
          "Ni",
          "Ni",
          "Ni",
          "Ni",
          "Ni",
          "Ni",
          "Ni",
          "Ni",
          "Ni",
          "Ni",
          "Ni",
          "Ni",
          "Ni",
          "Ni",
          "Ni",
          "Ni",
          "O",
          "O",
          "O",
          "O",
          "O",
          "O",
          "O",
          "O",
          "O",
          "O",
          "O",
          "O",
          "O",
          "O",
          "O",
          "O",
          "O",
          "O",
          "O",
          "O",
          "O",
          "O",
          "O",
          "O",
          "O",
          "O",
          "O",
          "O",
          "O",
          "O",
          "Mo"
        ],
        "Energy": -313.75603094,
        "Forces": [
          [
            -0.015921,
            -0.0,
            0.951241
          ],
          [
            -0.009602,
            0.001965,
            0.946039
          ],
          [
            -0.115389,
            -0.0,
            0.917916
          ],
          [
            -0.109046,
            0.030696,
            0.911066
          ],
          [
            -0.009602,
            -0.001965,
            0.946039
          ],
          [
            -0.109046,
            -0.030696,
            0.911066
          ],
          [
            -0.031406,
            0.045351,
            -0.806469
          ],
          [
            0.000528,
            -0.0,
            -0.641833
          ],
          [
            0.053573,
            -0.011211,
            -0.906718
          ],
          [
            0.006969,
            -0.0,
            -0.816567
          ],
          [
            -0.031406,
            -0.045351,
            -0.806469
          ],
          [
            0.053573,
            0.011211,
            -0.906718
          ],
          [
            -0.010942,
            -0.004389,
            -0.000303
          ],
          [
            -0.010942,
            0.004389,
            -0.000303
          ],
          [
            0.025448,
            0.007725,
            0.012492
          ],
          [
            0.025448,
            -0.007725,
            0.012492
          ],
          [
            0.000135,
            -0.0,
            -0.001118
          ],
          [
            0.000852,
            -0.0,
            -0.008433
          ],
          [
            0.000383,
            -0.0,
            -0.003829
          ],
          [
            0.00729,
            0.001139,
            0.017765
          ],
          [
            -0.011386,
            0.012346,
            -0.010358
          ],
          [
            0.005339,
            0.002058,
            0.002791
          ],
          [
            0.00729,
            -0.001139,
            0.017765
          ],
          [
            0.005339,
            -0.002058,
            0.002791
          ],
          [
            -0.009374,
            0.006486,
            0.003392
          ],
          [
            0.002818,
            -0.0,
            0.001054
          ],
          [
            -0.011386,
            -0.012346,
            -0.010358
          ],
          [
            0.001738,
            -0.0,
            -0.001696
          ],
          [
            -0.009374,
            -0.006486,
            0.003392
          ],
          [
            0.025274,
            -0.0,
            0.436807
          ],
          [
            0.013527,
            -0.009674,
            0.51626
          ],
          [
            0.013363,
            -0.0,
            0.517997
          ],
          [
            0.023647,
            -0.011494,
            0.62751
          ],
          [
            0.013527,
            0.009674,
            0.51626
          ],
          [
            0.023647,
            0.011494,
            0.62751
          ],
          [
            -0.030061,
            0.0902,
            -0.621349
          ],
          [
            -0.052217,
            -0.0,
            -0.500852
          ],
          [
            0.080363,
            0.014176,
            -0.735545
          ],
          [
            0.087862,
            -0.0,
            -0.780735
          ],
          [
            -0.030061,
            -0.0902,
            -0.621349
          ],
          [
            0.080363,
            -0.014176,
            -0.735545
          ],
          [
            -0.002638,
            -0.0,
            0.00097
          ],
          [
            0.00484,
            0.010349,
            0.000781
          ],
          [
            0.004778,
            -0.0,
            -0.007583
          ],
          [
            0.00055,
            -0.014838,
            0.00902
          ],
          [
            0.00484,
            -0.010349,
            0.000781
          ],
          [
            0.00055,
            0.014838,
            0.00902
          ],
          [
            0.00613,
            -0.003511,
            0.002587
          ],
          [
            0.00039,
            -0.0,
            -0.010678
          ],
          [
            -0.005871,
            -0.005657,
            -0.000643
          ],
          [
            0.024446,
            -0.0,
            0.017828
          ],
          [
            0.00613,
            0.003511,
            0.002587
          ],
          [
            -0.005871,
            0.005657,
            -0.000643
          ],
          [
            0.001559,
            0.001376,
            -0.00101
          ],
          [
            0.001559,
            -0.001376,
            -0.00101
          ],
          [
            0.003815,
            -0.007007,
            0.02121
          ],
          [
            0.003815,
            0.007007,
            0.02121
          ],
          [
            0.009658,
            -0.0,
            -0.010717
          ],
          [
            -0.000644,
            -0.0,
            -0.010121
          ],
          [
            -0.009172,
            -0.0,
            -0.026684
          ]
        ],
        "Lattice": [
          [
            8.33,
            0.0,
            0.0
          ],
          [
            0.0,
            8.839539657,
            0.0
          ],
          [
            0.0,
            0.0,
            21.359563785
          ]
        ],
        "NumAtoms": 60,
        "Positions": [
          [
            0.0,
            0.0,
            0.0
          ],
          [
            0.0,
            2.94648,
            0.0
          ],
          [
            4.165,
            0.0,
            0.0
          ],
          [
            4.165,
            2.94648,
            0.0
          ],
          [
            0.0,
            5.89306,
            0.0
          ],
          [
            4.165,
            5.89306,
            0.0
          ],
          [
            2.0825,
            1.47329,
            1.47381
          ],
          [
            2.0825,
            4.41977,
            1.47381
          ],
          [
            6.2475,
            1.47329,
            1.47381
          ],
          [
            6.2475,
            4.41977,
            1.47381
          ],
          [
            2.0825,
            7.36625,
            1.47381
          ],
          [
            6.2475,
            7.36625,
            1.47381
          ],
          [
            0.01477,
            2.93528,
            2.96764
          ],
          [
            0.01477,
            5.90426,
            2.96764
          ],
          [
            4.14777,
            2.91674,
            2.94047
          ],
          [
            4.14777,
            5.9228,
            2.94047
          ],
          [
            4.15757,
            0.0,
            2.9538
          ],
          [
            0.01111,
            0.0,
            2.96403
          ],
          [
            2.20584,
            4.41977,
            4.61177
          ],
          [
            2.10706,
            7.36715,
            4.463
          ],
          [
            4.04274,
            2.54853,
            6.12144
          ],
          [
            6.24083,
            7.42831,
            4.46367
          ],
          [
            2.10706,
            1.47239,
            4.463
          ],
          [
            6.24083,
            1.41123,
            4.46367
          ],
          [
            0.32282,
            6.25347,
            6.03219
          ],
          [
            0.05894,
            0.0,
            5.85098
          ],
          [
            4.04274,
            6.29101,
            6.12144
          ],
          [
            4.13971,
            0.0,
            5.85261
          ],
          [
            0.32282,
            2.58607,
            6.03219
          ],
          [
            2.0825,
            0.0,
            0.0
          ],
          [
            2.0825,
            2.94648,
            0.0
          ],
          [
            6.2475,
            0.0,
            0.0
          ],
          [
            6.2475,
            2.94648,
            0.0
          ],
          [
            2.0825,
            5.89306,
            0.0
          ],
          [
            6.2475,
            5.89306,
            0.0
          ],
          [
            0.0,
            1.47329,
            1.47381
          ],
          [
            0.0,
            4.41977,
            1.47381
          ],
          [
            4.165,
            1.47329,
            1.47381
          ],
          [
            4.165,
            4.41977,
            1.47381
          ],
          [
            0.0,
            7.36625,
            1.47381
          ],
          [
            4.165,
            7.36625,
            1.47381
          ],
          [
            2.07359,
            0.0,
            2.9318
          ],
          [
            2.06969,
            2.98362,
            3.01024
          ],
          [
            6.26176,
            0.0,
            2.92783
          ],
          [
            6.25369,
            3.00175,
            3.04207
          ],
          [
            2.06969,
            5.85592,
            3.01024
          ],
          [
            6.25369,
            5.83779,
            3.04207
          ],
          [
            8.28431,
            1.48285,
            4.41247
          ],
          [
            8.04966,
            4.41977,
            4.42719
          ],
          [
            4.20224,
            1.4581,
            4.37873
          ],
          [
            4.34323,
            4.41977,
            4.26303
          ],
          [
            8.28431,
            7.35669,
            4.41247
          ],
          [
            4.20224,
            7.38144,
            4.37873
          ],
          [
            2.17975,
            2.93141,
            5.90697
          ],
          [
            2.17975,
            5.90813,
            5.90697
          ],
          [
            6.07583,
            3.00562,
            5.90716
          ],
          [
            6.07583,
            5.83392,
            5.90716
          ],
          [
            2.09257,
            0.0,
            5.78482
          ],
          [
            6.26496,
            0.0,
            5.83864
          ],
          [
            6.20066,
            4.41977,
            4.78215
          ]
        ],
        "Stress": [
          [
            -71.40169,
            0.0,
            0.50682
          ],
          [
            0.0,
            -14.76768,
            0.0
          ],
          [
            0.50682,
            0.0,
            -35.23046
          ]
        ],
        "computation_code": "VASP",
        "pseudopotential_information": [
          [
            "PAW_PBE",
            "Ni",
            "02Aug2007"
          ],
          [
            "PAW_PBE",
            "O",
            "08Apr2002"
          ],
          [
            "PAW_PBE",
            "Mo_sv",
            "02Feb2006"
          ]
        ]
      }
    ],
    "EnergyStyle": "electronvolt",
    "ForcesStyle": "electronvoltperangstrom",
    "LatticeStyle": "angstrom",
    "PositionsStyle": "angstrom",
    "StressStyle": "kB"
  }
}