{
  "Dataset": {
    "AtomTypeStyle": "chemicalsymbol",
    "Data": [
      {
        "AtomTypes": [
          "Ni",
          "Ni",
          "Ni",
          "Ni",
          "Ni",
          "Ni",
          "Ni",
          "Ni",
          "Ni",
          "Ni",
          "Ni",
          "Ni",
          "Ni",
          "Ni",
          "Ni",
          "Ni",
          "Ni",
          "Ni",
          "Ni",
          "Ni",
          "Ni",
          "Ni",
          "Ni",
          "Ni",
          "Ni",
          "Ni",
          "Ni",
          "Ni",
          "Ni",
          "O",
          "O",
          "O",
          "O",
          "O",
          "O",
          "O",
          "O",
          "O",
          "O",
          "O",
          "O",
          "O",
          "O",
          "O",
          "O",
          "O",
          "O",
          "O",
          "O",
          "O",
          "O",
          "O",
          "O",
          "O",
          "O",
          "O",
          "O",
          "O",
          "Mo"
        ],
        "Energy": -304.71938123,
        "Forces": [
          [
            -0.006142,
            -0.01455,
            0.948371
          ],
          [
            0.006275,
            0.011836,
            0.896372
          ],
          [
            -0.12335,
            -0.00984,
            0.903469
          ],
          [
            -0.123645,
            0.016734,
            0.890534
          ],
          [
            0.008231,
            0.003886,
            0.923529
          ],
          [
            -0.122288,
            -0.006238,
            0.914429
          ],
          [
            -0.013998,
            -0.022044,
            -0.797787
          ],
          [
            -0.00968,
            -0.023103,
            -0.798243
          ],
          [
            0.026408,
            -0.022523,
            -0.766594
          ],
          [
            0.006131,
            -0.10473,
            -0.855568
          ],
          [
            -0.021526,
            0.020391,
            -0.829022
          ],
          [
            0.038659,
            0.082298,
            -0.949154
          ],
          [
            -0.011136,
            0.035612,
            0.031506
          ],
          [
            -0.027121,
            -0.172913,
            0.088302
          ],
          [
            0.025242,
            -0.028325,
            -0.125925
          ],
          [
            0.077653,
            0.187386,
            -0.154647
          ],
          [
            0.001229,
            0.03178,
            -0.178271
          ],
          [
            -0.000944,
            -0.053745,
            0.020702
          ],
          [
            -0.097789,
            0.029654,
            -0.1039
          ],
          [
            -0.364279,
            -0.074201,
            -0.138948
          ],
          [
            0.334059,
            -0.132511,
            -0.078817
          ],
          [
            -0.151481,
            -0.014516,
            -0.085526
          ],
          [
            0.325708,
            -0.012488,
            -0.004306
          ],
          [
            -0.02288,
            0.210168,
            -0.016245
          ],
          [
            0.08161,
            0.530295,
            -0.278796
          ],
          [
            -0.032285,
            -0.074188,
            -0.572531
          ],
          [
            -0.056977,
            -0.275061,
            0.095454
          ],
          [
            -0.026956,
            0.169088,
            1.560876
          ],
          [
            -0.057597,
            -0.198216,
            0.320887
          ],
          [
            0.024386,
            0.004769,
            0.462149
          ],
          [
            0.021597,
            -0.006932,
            0.488356
          ],
          [
            0.013879,
            0.000277,
            0.545264
          ],
          [
            0.016933,
            0.003429,
            0.641762
          ],
          [
            0.019643,
            0.003943,
            0.510567
          ],
          [
            0.016162,
            0.031697,
            0.668112
          ],
          [
            -0.063026,
            0.007863,
            -0.6815
          ],
          [
            -0.073712,
            0.040747,
            -0.582931
          ],
          [
            0.105136,
            -0.016633,
            -0.673861
          ],
          [
            0.107148,
            0.003069,
            -0.612343
          ],
          [
            -0.103717,
            -0.039481,
            -0.602456
          ],
          [
            0.151891,
            -0.074556,
            -0.581925
          ],
          [
            0.029761,
            -0.00252,
            0.031824
          ],
          [
            0.028892,
            0.02055,
            0.03924
          ],
          [
            -0.069484,
            -0.002822,
            -0.023605
          ],
          [
            -0.04281,
            -0.033606,
            -0.005493
          ],
          [
            0.032476,
            -0.025708,
            0.039286
          ],
          [
            -0.045357,
            -0.024393,
            0.121275
          ],
          [
            -0.01969,
            -0.158268,
            0.169957
          ],
          [
            0.177372,
            0.273024,
            -0.386364
          ],
          [
            -0.064405,
            0.468326,
            -0.308436
          ],
          [
            -0.468946,
            -0.215595,
            0.005233
          ],
          [
            0.037416,
            0.131147,
            0.207357
          ],
          [
            -0.007019,
            -0.524931,
            -0.476725
          ],
          [
            0.048716,
            0.013248,
            0.043238
          ],
          [
            -0.060434,
            0.176636,
            0.19459
          ],
          [
            -0.757457,
            -0.038877,
            -0.013174
          ],
          [
            0.195469,
            0.029116,
            0.01165
          ],
          [
            0.798666,
            -0.057042,
            -0.049033
          ],
          [
            0.289383,
            -0.07641,
            -0.042163
          ]
        ],
        "Lattice": [
          [
            8.33,
            0.0,
            0.0
          ],
          [
            0.0,
            8.839539657,
            0.0
          ],
          [
            0.0,
            0.0,
            21.359563785
          ]
        ],
        "NumAtoms": 59,
        "Positions": [
          [
            0.0,
            0.0,
            0.0
          ],
          [
            0.0,
            2.94648,
            0.0
          ],
          [
            4.165,
            0.0,
            0.0
          ],
          [
            4.165,
            2.94648,
            0.0
          ],
          [
            0.0,
            5.89306,
            0.0
          ],
          [
            4.165,
            5.89306,
            0.0
          ],
          [
            2.0825,
            1.47329,
            1.47381
          ],
          [
            2.0825,
            4.41977,
            1.47381
          ],
          [
            6.2475,
            1.47329,
            1.47381
          ],
          [
            6.2475,
            4.41977,
            1.47381
          ],
          [
            2.0825,
            7.36625,
            1.47381
          ],
          [
            6.2475,
            7.36625,
            1.47381
          ],
          [
            0.0006,
            2.92171,
            2.93667
          ],
          [
            0.01896,
            5.90277,
            2.96379
          ],
          [
            4.14711,
            2.9084,
            2.94324
          ],
          [
            4.13443,
            5.88949,
            2.9666
          ],
          [
            4.16264,
            8.83303,
            2.95713
          ],
          [
            0.00447,
            0.01032,
            2.97663
          ],
          [
            2.10601,
            4.45048,
            4.52829
          ],
          [
            2.10803,
            7.36509,
            4.48046
          ],
          [
            6.24448,
            7.46287,
            4.45152
          ],
          [
            2.07089,
            1.47257,
            4.47951
          ],
          [
            6.22548,
            1.53221,
            4.53694
          ],
          [
            0.2287,
            6.18713,
            6.07219
          ],
          [
            4.04824,
            2.9369,
            5.83683
          ],
          [
            0.0589,
            8.73318,
            5.93683
          ],
          [
            4.05161,
            6.03484,
            6.05056
          ],
          [
            4.13668,
            -0.04887,
            5.90235
          ],
          [
            0.09103,
            3.03653,
            5.82838
          ],
          [
            2.0825,
            0.0,
            0.0
          ],
          [
            2.0825,
            2.94648,
            0.0
          ],
          [
            6.2475,
            0.0,
            0.0
          ],
          [
            6.2475,
            2.94648,
            0.0
          ],
          [
            2.0825,
            5.89306,
            0.0
          ],
          [
            6.2475,
            5.89306,
            0.0
          ],
          [
            0.0,
            1.47329,
            1.47381
          ],
          [
            0.0,
            4.41977,
            1.47381
          ],
          [
            4.165,
            1.47329,
            1.47381
          ],
          [
            4.165,
            4.41977,
            1.47381
          ],
          [
            0.0,
            7.36625,
            1.47381
          ],
          [
            4.165,
            7.36625,
            1.47381
          ],
          [
            2.07945,
            8.83047,
            2.95117
          ],
          [
            2.07397,
            2.96858,
            2.97584
          ],
          [
            6.25612,
            0.00151,
            2.94394
          ],
          [
            6.24578,
            2.99755,
            3.05905
          ],
          [
            2.07607,
            5.8802,
            2.98806
          ],
          [
            6.25278,
            5.80169,
            3.05556
          ],
          [
            8.29817,
            1.46476,
            4.42882
          ],
          [
            8.17924,
            4.36972,
            4.4122
          ],
          [
            4.18449,
            1.44605,
            4.40464
          ],
          [
            4.27528,
            4.39894,
            4.33
          ],
          [
            8.2711,
            7.34004,
            4.40631
          ],
          [
            4.22748,
            7.34895,
            4.43445
          ],
          [
            2.10962,
            5.90655,
            5.87375
          ],
          [
            6.34246,
            5.62688,
            6.15556
          ],
          [
            2.10561,
            0.00538,
            5.83578
          ],
          [
            2.0383,
            2.96373,
            5.85653
          ],
          [
            6.23978,
            0.02817,
            5.87063
          ],
          [
            6.17905,
            4.48661,
            4.79607
          ]
        ],
        "Stress": [
          [
            -68.08965,
            0.46455,
            1.01157
          ],
          [
            0.46455,
            -14.44536,
            1.08355
          ],
          [
            1.01157,
            1.08355,
            -32.72472
          ]
        ],
        "computation_code": "VASP",
        "pseudopotential_information": [
          [
            "PAW_PBE",
            "Ni",
            "02Aug2007"
          ],
          [
            "PAW_PBE",
            "O",
            "08Apr2002"
          ],
          [
            "PAW_PBE",
            "Mo_sv",
            "02Feb2006"
          ]
        ]
      }
    ],
    "EnergyStyle": "electronvolt",
    "ForcesStyle": "electronvoltperangstrom",
    "LatticeStyle": "angstrom",
    "PositionsStyle": "angstrom",
    "StressStyle": "kB"
  }
}