{
  "Dataset": {
    "AtomTypeStyle": "chemicalsymbol",
    "Data": [
      {
        "AtomTypes": [
          "Ni",
          "Ni",
          "Ni",
          "Ni",
          "Ni",
          "Ni",
          "Ni",
          "Ni",
          "Ni",
          "Ni",
          "Ni",
          "Ni",
          "Ni",
          "Ni",
          "Ni",
          "Ni",
          "Ni",
          "Ni",
          "Ni",
          "Ni",
          "Ni",
          "Ni",
          "Ni",
          "Ni",
          "Ni",
          "Ni",
          "Ni",
          "Ni",
          "Ni",
          "O",
          "O",
          "O",
          "O",
          "O",
          "O",
          "O",
          "O",
          "O",
          "O",
          "O",
          "O",
          "O",
          "O",
          "O",
          "O",
          "O",
          "O",
          "O",
          "O",
          "O",
          "O",
          "O",
          "O",
          "O",
          "O",
          "O",
          "O",
          "O",
          "O",
          "O",
          "O",
          "Mo"
        ],
        "Energy": -325.54759865,
        "Forces": [
          [
            0.010358,
            8.7e-05,
            0.833558
          ],
          [
            0.018498,
            0.045682,
            0.797035
          ],
          [
            -0.126614,
            -0.000356,
            0.901291
          ],
          [
            -0.14022,
            -0.007879,
            0.927527
          ],
          [
            0.0192,
            -0.045737,
            0.796195
          ],
          [
            -0.140768,
            0.008281,
            0.92773
          ],
          [
            0.144552,
            -0.014138,
            -0.864545
          ],
          [
            0.094249,
            0.000605,
            -0.86414
          ],
          [
            -0.093907,
            -0.040164,
            -0.897859
          ],
          [
            0.002471,
            -0.001287,
            -0.80541
          ],
          [
            0.145351,
            0.016148,
            -0.864845
          ],
          [
            -0.097643,
            0.037569,
            -0.898768
          ],
          [
            0.009308,
            -0.003679,
            0.00939
          ],
          [
            0.00993,
            -0.0015,
            0.010023
          ],
          [
            -0.004214,
            -0.004613,
            0.002895
          ],
          [
            -0.007212,
            0.004933,
            0.002148
          ],
          [
            -0.000378,
            0.000915,
            -0.010281
          ],
          [
            -0.003169,
            0.002933,
            -0.015885
          ],
          [
            -0.019877,
            0.002092,
            0.012086
          ],
          [
            -0.006132,
            -0.018553,
            -0.013249
          ],
          [
            0.001472,
            0.008128,
            -0.006172
          ],
          [
            0.004748,
            -0.015379,
            -0.011655
          ],
          [
            -0.013247,
            0.016768,
            -0.01347
          ],
          [
            0.011419,
            0.022966,
            -0.010599
          ],
          [
            0.0059,
            0.006807,
            0.003599
          ],
          [
            -0.002574,
            -0.002177,
            0.060425
          ],
          [
            0.00119,
            -0.009742,
            -0.004319
          ],
          [
            -0.004444,
            0.000972,
            0.089523
          ],
          [
            -0.010437,
            0.004041,
            0.007508
          ],
          [
            -0.014426,
            -0.000159,
            0.487729
          ],
          [
            0.003543,
            -0.016819,
            0.497471
          ],
          [
            0.050746,
            -0.000539,
            0.588777
          ],
          [
            0.032163,
            -0.016293,
            0.697142
          ],
          [
            0.003283,
            0.016628,
            0.496652
          ],
          [
            0.032444,
            0.017983,
            0.698933
          ],
          [
            -0.122878,
            -0.135655,
            -0.694807
          ],
          [
            -0.079472,
            9e-06,
            -0.969654
          ],
          [
            0.155949,
            0.094252,
            -0.397532
          ],
          [
            0.182678,
            -0.002871,
            -0.308694
          ],
          [
            -0.125566,
            0.137646,
            -0.698278
          ],
          [
            0.157716,
            -0.094254,
            -0.399222
          ],
          [
            0.004743,
            -0.001509,
            0.010601
          ],
          [
            -0.005484,
            0.004194,
            -7.7e-05
          ],
          [
            -0.006347,
            -0.00386,
            0.005955
          ],
          [
            -0.025012,
            0.005444,
            -0.010204
          ],
          [
            -0.005928,
            -0.000814,
            0.000862
          ],
          [
            -0.024383,
            -0.00487,
            -0.00798
          ],
          [
            -7.1e-05,
            0.019224,
            -0.020492
          ],
          [
            0.004215,
            0.008678,
            0.00126
          ],
          [
            -0.003093,
            0.028819,
            -0.032817
          ],
          [
            0.005515,
            0.001862,
            -0.00928
          ],
          [
            -0.002338,
            -0.024009,
            -0.015854
          ],
          [
            0.000676,
            -0.030053,
            -0.031621
          ],
          [
            0.010613,
            0.000545,
            -0.003635
          ],
          [
            0.005592,
            0.002823,
            -0.001195
          ],
          [
            -0.007493,
            0.033667,
            -0.033034
          ],
          [
            -0.000269,
            -0.006895,
            -0.01138
          ],
          [
            -0.015096,
            -0.000387,
            -0.006718
          ],
          [
            0.009497,
            -0.007499,
            -0.002187
          ],
          [
            -0.004446,
            0.002278,
            -0.003402
          ],
          [
            -0.004654,
            0.001901,
            0.000631
          ],
          [
            -0.020225,
            -0.04319,
            0.072314
          ]
        ],
        "Lattice": [
          [
            8.33,
            0.0,
            0.0
          ],
          [
            0.0,
            8.839539657,
            0.0
          ],
          [
            0.0,
            0.0,
            21.359563785
          ]
        ],
        "NumAtoms": 62,
        "Positions": [
          [
            0.0,
            0.0,
            0.0
          ],
          [
            0.0,
            2.94648,
            0.0
          ],
          [
            4.165,
            0.0,
            0.0
          ],
          [
            4.165,
            2.94648,
            0.0
          ],
          [
            0.0,
            5.89306,
            0.0
          ],
          [
            4.165,
            5.89306,
            0.0
          ],
          [
            2.0825,
            1.47329,
            1.47381
          ],
          [
            2.0825,
            4.41977,
            1.47381
          ],
          [
            6.2475,
            1.47329,
            1.47381
          ],
          [
            6.2475,
            4.41977,
            1.47381
          ],
          [
            2.0825,
            7.36625,
            1.47381
          ],
          [
            6.2475,
            7.36625,
            1.47381
          ],
          [
            0.03344,
            2.89388,
            2.90687
          ],
          [
            0.03261,
            5.94712,
            2.9067
          ],
          [
            4.15906,
            2.95254,
            2.99747
          ],
          [
            4.15956,
            5.88664,
            2.99751
          ],
          [
            4.14061,
            8.83939,
            2.97104
          ],
          [
            -0.00336,
            0.0005,
            2.96463
          ],
          [
            1.98716,
            4.4212,
            4.4914
          ],
          [
            2.05156,
            7.36828,
            4.47726
          ],
          [
            3.89521,
            2.93612,
            6.03219
          ],
          [
            6.24166,
            7.40303,
            4.48427
          ],
          [
            2.05091,
            1.47215,
            4.47843
          ],
          [
            6.24059,
            1.4315,
            4.48325
          ],
          [
            0.07375,
            6.03514,
            6.04668
          ],
          [
            0.03644,
            8.83454,
            5.90176
          ],
          [
            3.9001,
            5.90687,
            6.0318
          ],
          [
            4.16442,
            -0.00034,
            5.89337
          ],
          [
            0.06701,
            2.81594,
            6.03995
          ],
          [
            2.0825,
            0.0,
            0.0
          ],
          [
            2.0825,
            2.94648,
            0.0
          ],
          [
            6.2475,
            0.0,
            0.0
          ],
          [
            6.2475,
            2.94648,
            0.0
          ],
          [
            2.0825,
            5.89306,
            0.0
          ],
          [
            6.2475,
            5.89306,
            0.0
          ],
          [
            0.0,
            1.47329,
            1.47381
          ],
          [
            0.0,
            4.41977,
            1.47381
          ],
          [
            4.165,
            1.47329,
            1.47381
          ],
          [
            4.165,
            4.41977,
            1.47381
          ],
          [
            0.0,
            7.36625,
            1.47381
          ],
          [
            4.165,
            7.36625,
            1.47381
          ],
          [
            2.09045,
            0.00059,
            2.95292
          ],
          [
            2.11834,
            2.96304,
            2.9697
          ],
          [
            6.20906,
            8.83892,
            2.95057
          ],
          [
            6.21799,
            3.018,
            3.07383
          ],
          [
            2.11858,
            5.87677,
            2.96884
          ],
          [
            6.21653,
            5.81699,
            3.07525
          ],
          [
            8.2851,
            1.45982,
            4.40445
          ],
          [
            8.26233,
            4.4211,
            4.12256
          ],
          [
            4.17279,
            1.52261,
            4.49944
          ],
          [
            4.37445,
            4.42036,
            4.60594
          ],
          [
            8.28637,
            7.38051,
            4.40107
          ],
          [
            4.17314,
            7.31751,
            4.49847
          ],
          [
            1.97909,
            2.94895,
            5.80207
          ],
          [
            1.98276,
            5.89286,
            5.80179
          ],
          [
            6.36908,
            2.98212,
            5.93853
          ],
          [
            6.37858,
            5.85243,
            5.9339
          ],
          [
            2.10265,
            0.00059,
            5.85289
          ],
          [
            6.2236,
            -0.00087,
            5.8601
          ],
          [
            4.17383,
            5.09951,
            7.72217
          ],
          [
            4.17342,
            3.74267,
            7.72193
          ],
          [
            6.45373,
            4.4136,
            4.78776
          ]
        ],
        "Stress": [
          [
            -71.98141,
            0.07186,
            0.078
          ],
          [
            0.07186,
            -14.58275,
            0.05013
          ],
          [
            0.078,
            0.05013,
            -36.46977
          ]
        ],
        "computation_code": "VASP",
        "pseudopotential_information": [
          [
            "PAW_PBE",
            "Ni",
            "02Aug2007"
          ],
          [
            "PAW_PBE",
            "O",
            "08Apr2002"
          ],
          [
            "PAW_PBE",
            "Mo_sv",
            "02Feb2006"
          ]
        ]
      }
    ],
    "EnergyStyle": "electronvolt",
    "ForcesStyle": "electronvoltperangstrom",
    "LatticeStyle": "angstrom",
    "PositionsStyle": "angstrom",
    "StressStyle": "kB"
  }
}