{
  "Dataset": {
    "AtomTypeStyle": "chemicalsymbol",
    "Data": [
      {
        "AtomTypes": [
          "Ni",
          "Ni",
          "Ni",
          "Ni",
          "Ni",
          "Ni",
          "Ni",
          "Ni",
          "Ni",
          "Ni",
          "Ni",
          "Ni",
          "Ni",
          "Ni",
          "Ni",
          "Ni",
          "Ni",
          "Ni",
          "Ni",
          "Ni",
          "Ni",
          "Ni",
          "Ni",
          "Ni",
          "Ni",
          "Ni",
          "Ni",
          "Ni",
          "Ni",
          "O",
          "O",
          "O",
          "O",
          "O",
          "O",
          "O",
          "O",
          "O",
          "O",
          "O",
          "O",
          "O",
          "O",
          "O",
          "O",
          "O",
          "O",
          "O",
          "O",
          "O",
          "O",
          "O",
          "O",
          "O",
          "O",
          "O",
          "O",
          "O",
          "O",
          "O",
          "Mo"
        ],
        "Energy": -321.56626431,
        "Forces": [
          [
            -0.062816,
            0.004656,
            0.891422
          ],
          [
            -0.061301,
            0.000218,
            0.873967
          ],
          [
            -0.063017,
            0.017179,
            0.9067
          ],
          [
            -0.064082,
            0.000287,
            0.886788
          ],
          [
            -0.06283,
            -0.004844,
            0.892084
          ],
          [
            -0.062997,
            -0.017375,
            0.906971
          ],
          [
            0.030362,
            -0.017623,
            -0.92139
          ],
          [
            0.030326,
            0.017129,
            -0.9214
          ],
          [
            -0.007637,
            -0.022059,
            -0.927358
          ],
          [
            -0.007561,
            0.021569,
            -0.927353
          ],
          [
            0.015195,
            0.000559,
            -0.857675
          ],
          [
            0.006065,
            0.000544,
            -0.879016
          ],
          [
            0.027805,
            0.000326,
            0.164692
          ],
          [
            0.00443,
            -0.008175,
            -0.161746
          ],
          [
            -0.002768,
            0.000932,
            -0.018772
          ],
          [
            -0.000704,
            -0.036687,
            -0.008731
          ],
          [
            -0.000413,
            0.036792,
            0.034857
          ],
          [
            0.005137,
            0.008523,
            0.006249
          ],
          [
            0.034832,
            -0.302276,
            0.030513
          ],
          [
            0.170322,
            0.115456,
            -0.055749
          ],
          [
            -0.117202,
            -0.092223,
            -0.217117
          ],
          [
            -0.160151,
            0.109811,
            -0.055922
          ],
          [
            -0.056213,
            0.189357,
            0.143554
          ],
          [
            -0.032057,
            -0.019135,
            -0.106295
          ],
          [
            0.046966,
            -0.216198,
            1.147708
          ],
          [
            0.035963,
            0.375067,
            0.085938
          ],
          [
            -0.029759,
            -0.053992,
            -0.097722
          ],
          [
            -0.029522,
            0.1336,
            -0.390293
          ],
          [
            0.209093,
            -0.157637,
            -0.261427
          ],
          [
            0.017923,
            -0.009236,
            0.485937
          ],
          [
            0.012267,
            0.000332,
            0.479939
          ],
          [
            0.023586,
            -0.00633,
            0.483059
          ],
          [
            0.027691,
            0.000321,
            0.485667
          ],
          [
            0.017921,
            0.009006,
            0.485981
          ],
          [
            0.023587,
            0.006089,
            0.48309
          ],
          [
            0.022052,
            -0.040524,
            -0.585665
          ],
          [
            0.022119,
            0.040733,
            -0.583559
          ],
          [
            0.028156,
            -0.063337,
            -0.521661
          ],
          [
            0.028181,
            0.063303,
            -0.520383
          ],
          [
            0.026093,
            -0.000212,
            -0.58078
          ],
          [
            0.016678,
            -1.9e-05,
            -0.514778
          ],
          [
            0.021649,
            -0.039917,
            -0.0218
          ],
          [
            -0.00649,
            0.002918,
            0.101314
          ],
          [
            -0.007201,
            0.009056,
            0.042103
          ],
          [
            0.016032,
            0.002915,
            0.151782
          ],
          [
            0.022513,
            0.03741,
            -0.022741
          ],
          [
            -0.007905,
            -0.011602,
            0.041193
          ],
          [
            -0.025779,
            0.034273,
            0.019302
          ],
          [
            -0.028502,
            -0.326077,
            -0.266993
          ],
          [
            0.034424,
            -0.187933,
            -0.093094
          ],
          [
            0.033133,
            0.106447,
            -0.180289
          ],
          [
            -0.011328,
            0.291865,
            -0.315051
          ],
          [
            0.023255,
            0.087741,
            0.212328
          ],
          [
            0.702487,
            0.001079,
            0.14715
          ],
          [
            0.503896,
            -0.010986,
            -0.025516
          ],
          [
            -0.358678,
            0.000905,
            0.317663
          ],
          [
            -0.496263,
            -0.040192,
            -0.003732
          ],
          [
            0.243258,
            0.008938,
            -0.017074
          ],
          [
            -0.2184,
            0.037982,
            0.005654
          ],
          [
            0.001269,
            0.001098,
            1.164384
          ],
          [
            -0.503088,
            -0.089829,
            -1.016902
          ]
        ],
        "Lattice": [
          [
            8.33,
            0.0,
            0.0
          ],
          [
            0.0,
            8.839539657,
            0.0
          ],
          [
            0.0,
            0.0,
            21.359563785
          ]
        ],
        "NumAtoms": 61,
        "Positions": [
          [
            0.0,
            0.0,
            0.0
          ],
          [
            0.0,
            2.94648,
            0.0
          ],
          [
            4.165,
            0.0,
            0.0
          ],
          [
            4.165,
            2.94648,
            0.0
          ],
          [
            0.0,
            5.89306,
            0.0
          ],
          [
            4.165,
            5.89306,
            0.0
          ],
          [
            2.0825,
            1.47329,
            1.47381
          ],
          [
            2.0825,
            4.41977,
            1.47381
          ],
          [
            6.2475,
            1.47329,
            1.47381
          ],
          [
            6.2475,
            4.41977,
            1.47381
          ],
          [
            2.0825,
            7.36625,
            1.47381
          ],
          [
            6.2475,
            7.36625,
            1.47381
          ],
          [
            0.00022,
            2.94651,
            2.93212
          ],
          [
            -0.001,
            5.90161,
            2.94981
          ],
          [
            4.16585,
            2.94651,
            2.94201
          ],
          [
            4.16524,
            5.90885,
            2.96123
          ],
          [
            4.16524,
            8.8237,
            2.96081
          ],
          [
            -0.00101,
            8.83096,
            2.94906
          ],
          [
            2.08595,
            4.45119,
            4.43758
          ],
          [
            2.09215,
            7.36569,
            4.50568
          ],
          [
            6.25275,
            4.44612,
            4.44516
          ],
          [
            6.23531,
            7.36569,
            4.50218
          ],
          [
            2.08616,
            1.44242,
            4.43695
          ],
          [
            6.25261,
            1.44747,
            4.44453
          ],
          [
            0.01064,
            5.8875,
            5.87989
          ],
          [
            0.01067,
            0.00487,
            5.8845
          ],
          [
            4.17736,
            5.81959,
            5.93618
          ],
          [
            4.17733,
            0.07288,
            5.93913
          ],
          [
            -0.00128,
            2.94713,
            5.82676
          ],
          [
            2.0825,
            0.0,
            0.0
          ],
          [
            2.0825,
            2.94648,
            0.0
          ],
          [
            6.2475,
            0.0,
            0.0
          ],
          [
            6.2475,
            2.94648,
            0.0
          ],
          [
            2.0825,
            5.89306,
            0.0
          ],
          [
            6.2475,
            5.89306,
            0.0
          ],
          [
            0.0,
            1.47329,
            1.47381
          ],
          [
            0.0,
            4.41977,
            1.47381
          ],
          [
            4.165,
            1.47329,
            1.47381
          ],
          [
            4.165,
            4.41977,
            1.47381
          ],
          [
            0.0,
            7.36625,
            1.47381
          ],
          [
            4.165,
            7.36625,
            1.47381
          ],
          [
            2.08437,
            0.00125,
            2.96033
          ],
          [
            2.08433,
            2.94651,
            2.95864
          ],
          [
            6.24303,
            -0.00076,
            2.95663
          ],
          [
            6.24614,
            2.94651,
            2.95963
          ],
          [
            2.08437,
            5.89178,
            2.96037
          ],
          [
            6.24303,
            5.89379,
            2.95667
          ],
          [
            8.32795,
            1.48686,
            4.43625
          ],
          [
            8.32796,
            4.4075,
            4.43756
          ],
          [
            4.16292,
            1.52797,
            4.46912
          ],
          [
            4.16294,
            4.36581,
            4.47008
          ],
          [
            8.3288,
            7.36498,
            4.43686
          ],
          [
            4.16239,
            7.36537,
            4.46687
          ],
          [
            2.17332,
            2.94648,
            5.85624
          ],
          [
            2.05368,
            5.8699,
            5.85559
          ],
          [
            6.12772,
            2.94649,
            5.84631
          ],
          [
            6.28012,
            5.86847,
            5.85216
          ],
          [
            2.05414,
            0.02314,
            5.85552
          ],
          [
            6.27958,
            0.02456,
            5.85208
          ],
          [
            4.16234,
            2.94654,
            7.84101
          ],
          [
            4.18586,
            2.94726,
            6.17104
          ]
        ],
        "Stress": [
          [
            -81.72792,
            0.0088,
            0.41643
          ],
          [
            0.0088,
            -11.8894,
            -0.01172
          ],
          [
            0.41643,
            -0.01172,
            -30.6883
          ]
        ],
        "computation_code": "VASP",
        "pseudopotential_information": [
          [
            "PAW_PBE",
            "Ni",
            "02Aug2007"
          ],
          [
            "PAW_PBE",
            "O",
            "08Apr2002"
          ],
          [
            "PAW_PBE",
            "Mo_sv",
            "02Feb2006"
          ]
        ]
      }
    ],
    "EnergyStyle": "electronvolt",
    "ForcesStyle": "electronvoltperangstrom",
    "LatticeStyle": "angstrom",
    "PositionsStyle": "angstrom",
    "StressStyle": "kB"
  }
}