{
  "Dataset": {
    "AtomTypeStyle": "chemicalsymbol",
    "Data": [
      {
        "AtomTypes": [
          "Ni",
          "Ni",
          "Ni",
          "Ni",
          "Ni",
          "Ni",
          "Ni",
          "Ni",
          "Ni",
          "Ni",
          "Ni",
          "Ni",
          "Ni",
          "Ni",
          "Ni",
          "Ni",
          "Ni",
          "Ni",
          "Ni",
          "Ni",
          "Ni",
          "Ni",
          "Ni",
          "Ni",
          "Ni",
          "Ni",
          "Ni",
          "Ni",
          "Ni",
          "O",
          "O",
          "O",
          "O",
          "O",
          "O",
          "O",
          "O",
          "O",
          "O",
          "O",
          "O",
          "O",
          "O",
          "O",
          "O",
          "O",
          "O",
          "O",
          "O",
          "O",
          "O",
          "O",
          "O",
          "O",
          "O",
          "O",
          "O",
          "O",
          "O",
          "O",
          "Mo"
        ],
        "Energy": -321.05539425,
        "Forces": [
          [
            -0.010803,
            0.0,
            0.904464
          ],
          [
            0.013758,
            0.039564,
            0.944896
          ],
          [
            -0.127937,
            0.0,
            0.942959
          ],
          [
            -0.130927,
            0.032554,
            0.937961
          ],
          [
            0.013758,
            -0.039564,
            0.944896
          ],
          [
            -0.130927,
            -0.032554,
            0.937961
          ],
          [
            0.015695,
            0.088395,
            -0.849293
          ],
          [
            -0.0259,
            0.0,
            -0.754606
          ],
          [
            -0.013078,
            0.012145,
            -0.9094
          ],
          [
            -0.006527,
            0.0,
            -0.537805
          ],
          [
            0.015695,
            -0.088395,
            -0.849293
          ],
          [
            -0.013078,
            -0.012145,
            -0.9094
          ],
          [
            -0.000505,
            0.006701,
            0.003453
          ],
          [
            -0.000505,
            -0.006701,
            0.003453
          ],
          [
            0.003985,
            -0.002617,
            -0.008526
          ],
          [
            0.003985,
            0.002617,
            -0.008526
          ],
          [
            -0.000678,
            0.0,
            -0.022292
          ],
          [
            0.00385,
            0.0,
            0.003448
          ],
          [
            0.001147,
            0.0,
            -0.008144
          ],
          [
            -0.011201,
            -0.004429,
            -0.01601
          ],
          [
            0.009752,
            -0.009265,
            0.007544
          ],
          [
            0.018009,
            -0.00733,
            -0.010646
          ],
          [
            -0.011201,
            0.004429,
            -0.01601
          ],
          [
            0.018009,
            0.00733,
            -0.010646
          ],
          [
            0.010504,
            -0.011602,
            0.017541
          ],
          [
            0.006268,
            0.0,
            -0.001855
          ],
          [
            0.009752,
            0.009265,
            0.007544
          ],
          [
            0.011825,
            0.0,
            0.118242
          ],
          [
            0.010504,
            0.011602,
            0.017541
          ],
          [
            0.034994,
            0.0,
            0.44946
          ],
          [
            0.037605,
            -0.024045,
            0.483742
          ],
          [
            0.003772,
            0.0,
            0.534067
          ],
          [
            0.005473,
            -0.023867,
            0.655688
          ],
          [
            0.037605,
            0.024045,
            0.483742
          ],
          [
            0.005473,
            0.023867,
            0.655688
          ],
          [
            -0.084086,
            0.029744,
            -0.735805
          ],
          [
            -0.116637,
            0.0,
            -0.813268
          ],
          [
            0.113376,
            0.028245,
            -0.550943
          ],
          [
            0.121053,
            0.0,
            -0.687357
          ],
          [
            -0.084086,
            -0.029744,
            -0.735805
          ],
          [
            0.113376,
            -0.028245,
            -0.550943
          ],
          [
            0.008153,
            0.0,
            0.012246
          ],
          [
            0.005686,
            -0.003833,
            0.009981
          ],
          [
            0.004022,
            0.0,
            -0.000842
          ],
          [
            0.008192,
            -0.000781,
            -0.001222
          ],
          [
            0.005686,
            0.003833,
            0.009981
          ],
          [
            0.008192,
            0.000781,
            -0.001222
          ],
          [
            0.018869,
            -0.010751,
            -0.008909
          ],
          [
            0.008484,
            0.0,
            -0.00589
          ],
          [
            0.00435,
            0.029507,
            -0.031433
          ],
          [
            -0.013087,
            0.0,
            -0.016195
          ],
          [
            0.018869,
            0.010751,
            -0.008909
          ],
          [
            0.00435,
            -0.029507,
            -0.031433
          ],
          [
            -0.00194,
            -0.004721,
            -2.9e-05
          ],
          [
            -0.00194,
            0.004721,
            -2.9e-05
          ],
          [
            -0.016271,
            0.014868,
            -0.000637
          ],
          [
            -0.016271,
            -0.014868,
            -0.000637
          ],
          [
            -0.034242,
            0.0,
            -0.003094
          ],
          [
            0.057023,
            0.0,
            -0.000467
          ],
          [
            0.029544,
            0.0,
            0.005191
          ],
          [
            0.031187,
            0.0,
            0.005839
          ]
        ],
        "Lattice": [
          [
            8.33,
            0.0,
            0.0
          ],
          [
            0.0,
            8.839539657,
            0.0
          ],
          [
            0.0,
            0.0,
            21.359563785
          ]
        ],
        "NumAtoms": 61,
        "Positions": [
          [
            0.0,
            0.0,
            0.0
          ],
          [
            0.0,
            2.94648,
            0.0
          ],
          [
            4.165,
            0.0,
            0.0
          ],
          [
            4.165,
            2.94648,
            0.0
          ],
          [
            0.0,
            5.89306,
            0.0
          ],
          [
            4.165,
            5.89306,
            0.0
          ],
          [
            2.0825,
            1.47329,
            1.47381
          ],
          [
            2.0825,
            4.41977,
            1.47381
          ],
          [
            6.2475,
            1.47329,
            1.47381
          ],
          [
            6.2475,
            4.41977,
            1.47381
          ],
          [
            2.0825,
            7.36625,
            1.47381
          ],
          [
            6.2475,
            7.36625,
            1.47381
          ],
          [
            8.3103,
            2.92962,
            2.95771
          ],
          [
            8.3103,
            5.90992,
            2.95771
          ],
          [
            4.15699,
            2.93424,
            2.95749
          ],
          [
            4.15699,
            5.9053,
            2.95749
          ],
          [
            4.16098,
            0.0,
            2.96797
          ],
          [
            0.02284,
            0.0,
            2.93471
          ],
          [
            1.87608,
            4.41977,
            4.50419
          ],
          [
            2.08634,
            7.37646,
            4.45099
          ],
          [
            3.8737,
            2.99168,
            6.09262
          ],
          [
            6.28576,
            7.41601,
            4.449
          ],
          [
            2.08634,
            1.46308,
            4.45099
          ],
          [
            6.28576,
            1.42353,
            4.449
          ],
          [
            0.20932,
            6.26679,
            6.1284
          ],
          [
            0.06262,
            0.0,
            5.82997
          ],
          [
            3.8737,
            5.84786,
            6.09262
          ],
          [
            4.19443,
            0.0,
            5.8554
          ],
          [
            0.20932,
            2.57275,
            6.1284
          ],
          [
            2.0825,
            0.0,
            0.0
          ],
          [
            2.0825,
            2.94648,
            0.0
          ],
          [
            6.2475,
            0.0,
            0.0
          ],
          [
            6.2475,
            2.94648,
            0.0
          ],
          [
            2.0825,
            5.89306,
            0.0
          ],
          [
            6.2475,
            5.89306,
            0.0
          ],
          [
            0.0,
            1.47329,
            1.47381
          ],
          [
            0.0,
            4.41977,
            1.47381
          ],
          [
            4.165,
            1.47329,
            1.47381
          ],
          [
            4.165,
            4.41977,
            1.47381
          ],
          [
            0.0,
            7.36625,
            1.47381
          ],
          [
            4.165,
            7.36625,
            1.47381
          ],
          [
            2.12198,
            0.0,
            2.93474
          ],
          [
            2.08608,
            2.97406,
            2.98463
          ],
          [
            6.21414,
            0.0,
            2.93283
          ],
          [
            6.2153,
            3.00632,
            3.07512
          ],
          [
            2.08608,
            5.86548,
            2.98463
          ],
          [
            6.2153,
            5.83322,
            3.07512
          ],
          [
            0.00819,
            1.42882,
            4.35894
          ],
          [
            8.13145,
            4.41977,
            4.26908
          ],
          [
            4.19958,
            1.51435,
            4.4978
          ],
          [
            4.35675,
            4.41977,
            4.34397
          ],
          [
            0.00819,
            7.41072,
            4.35894
          ],
          [
            4.19958,
            7.32519,
            4.4978
          ],
          [
            2.03057,
            2.94644,
            5.83667
          ],
          [
            2.03057,
            5.8931,
            5.83667
          ],
          [
            6.65551,
            2.92178,
            5.85334
          ],
          [
            6.65551,
            5.91776,
            5.85334
          ],
          [
            2.12256,
            0.0,
            5.82432
          ],
          [
            6.28146,
            0.0,
            5.83284
          ],
          [
            4.81309,
            4.41977,
            6.79923
          ],
          [
            6.23275,
            4.41977,
            4.9479
          ]
        ],
        "Stress": [
          [
            -64.97947,
            0.0,
            1.1852
          ],
          [
            0.0,
            -11.36458,
            0.0
          ],
          [
            1.1852,
            0.0,
            -35.7927
          ]
        ],
        "computation_code": "VASP",
        "pseudopotential_information": [
          [
            "PAW_PBE",
            "Ni",
            "02Aug2007"
          ],
          [
            "PAW_PBE",
            "O",
            "08Apr2002"
          ],
          [
            "PAW_PBE",
            "Mo_sv",
            "02Feb2006"
          ]
        ]
      }
    ],
    "EnergyStyle": "electronvolt",
    "ForcesStyle": "electronvoltperangstrom",
    "LatticeStyle": "angstrom",
    "PositionsStyle": "angstrom",
    "StressStyle": "kB"
  }
}