{
  "Dataset": {
    "AtomTypeStyle": "chemicalsymbol",
    "Data": [
      {
        "AtomTypes": [
          "Ni",
          "Ni",
          "Ni",
          "Ni",
          "Ni",
          "Ni",
          "Ni",
          "Ni",
          "Ni",
          "Ni",
          "Ni",
          "Ni",
          "Ni",
          "Ni",
          "Ni",
          "Ni",
          "Ni",
          "Ni",
          "Ni",
          "Ni",
          "Ni",
          "Ni",
          "Ni",
          "Ni",
          "Ni",
          "Ni",
          "Ni",
          "Ni",
          "Ni",
          "O",
          "O",
          "O",
          "O",
          "O",
          "O",
          "O",
          "O",
          "O",
          "O",
          "O",
          "O",
          "O",
          "O",
          "O",
          "O",
          "O",
          "O",
          "O",
          "O",
          "O",
          "O",
          "O",
          "O",
          "O",
          "O",
          "O",
          "O",
          "O",
          "O",
          "W"
        ],
        "Energy": -314.51012399,
        "Forces": [
          [
            -0.060662,
            0.011454,
            0.917603
          ],
          [
            -0.056887,
            0.001717,
            0.958714
          ],
          [
            -0.062512,
            0.023466,
            0.922057
          ],
          [
            -0.06095,
            -0.024602,
            0.858659
          ],
          [
            -0.061616,
            -0.013888,
            0.935401
          ],
          [
            -0.065336,
            0.002697,
            0.905118
          ],
          [
            0.009948,
            -0.003446,
            -0.841839
          ],
          [
            -0.075556,
            0.02598,
            -0.840495
          ],
          [
            0.003995,
            -0.007376,
            -0.809662
          ],
          [
            0.091626,
            0.018147,
            -0.784458
          ],
          [
            -0.012544,
            -0.03738,
            -0.847996
          ],
          [
            0.025355,
            -0.053486,
            -0.819693
          ],
          [
            -0.001157,
            0.001373,
            0.005446
          ],
          [
            0.000254,
            0.000129,
            0.003814
          ],
          [
            0.00164,
            -0.01329,
            -0.00218
          ],
          [
            0.001858,
            -0.004155,
            0.018778
          ],
          [
            0.000421,
            -0.000991,
            0.000847
          ],
          [
            -0.000963,
            -0.00306,
            0.002585
          ],
          [
            0.002975,
            0.016225,
            0.002028
          ],
          [
            0.004461,
            -0.002052,
            0.006515
          ],
          [
            -0.001607,
            0.005328,
            0.014763
          ],
          [
            -0.003394,
            -0.007355,
            0.006486
          ],
          [
            -0.005269,
            -0.004778,
            -0.011031
          ],
          [
            0.001932,
            0.002419,
            -0.001293
          ],
          [
            -0.000678,
            0.007226,
            0.003924
          ],
          [
            -0.001245,
            -0.004626,
            -0.000326
          ],
          [
            0.003651,
            0.006497,
            -0.035224
          ],
          [
            0.009463,
            -0.006049,
            -0.002521
          ],
          [
            0.022038,
            0.003969,
            0.005084
          ],
          [
            0.025054,
            0.007894,
            0.497641
          ],
          [
            0.030993,
            0.004775,
            0.573041
          ],
          [
            0.018184,
            0.007159,
            0.49933
          ],
          [
            0.008541,
            0.007633,
            0.578603
          ],
          [
            0.038651,
            -0.010863,
            0.485382
          ],
          [
            0.004978,
            -0.008967,
            0.490574
          ],
          [
            0.019726,
            -0.020239,
            -0.582295
          ],
          [
            0.016685,
            -0.043873,
            -0.568509
          ],
          [
            0.021268,
            -0.038151,
            -0.592778
          ],
          [
            0.027199,
            0.154221,
            -0.793831
          ],
          [
            0.014531,
            -0.007024,
            -0.60166
          ],
          [
            0.032685,
            0.03478,
            -0.603579
          ],
          [
            -0.007434,
            0.000395,
            -0.002432
          ],
          [
            -0.005087,
            0.005125,
            0.003053
          ],
          [
            0.006772,
            0.002518,
            -0.001159
          ],
          [
            0.004952,
            0.003366,
            0.000423
          ],
          [
            0.006125,
            -0.004211,
            0.000645
          ],
          [
            -0.004414,
            -0.005382,
            -0.000485
          ],
          [
            0.000541,
            0.004067,
            -0.001279
          ],
          [
            0.001579,
            -0.00731,
            -0.003461
          ],
          [
            -0.003665,
            0.026534,
            0.052689
          ],
          [
            -0.002478,
            0.005487,
            0.007452
          ],
          [
            0.001549,
            0.001668,
            -0.003681
          ],
          [
            0.00056,
            -0.019909,
            0.0067
          ],
          [
            0.023146,
            -0.003741,
            0.027807
          ],
          [
            0.016305,
            -0.000441,
            -0.004937
          ],
          [
            -0.053342,
            -0.017949,
            -0.000451
          ],
          [
            -0.013582,
            -5.5e-05,
            -0.004151
          ],
          [
            -0.001174,
            0.002903,
            0.004611
          ],
          [
            0.000867,
            -0.002777,
            0.004145
          ],
          [
            0.061041,
            -0.017726,
            -0.038509
          ]
        ],
        "Lattice": [
          [
            8.33,
            0.0,
            0.0
          ],
          [
            0.0,
            8.839539657,
            0.0
          ],
          [
            0.0,
            0.0,
            21.359563785
          ]
        ],
        "NumAtoms": 60,
        "Positions": [
          [
            0.0,
            0.0,
            0.0
          ],
          [
            0.0,
            2.94648,
            0.0
          ],
          [
            4.165,
            0.0,
            0.0
          ],
          [
            4.165,
            2.94648,
            0.0
          ],
          [
            0.0,
            5.89306,
            0.0
          ],
          [
            4.165,
            5.89306,
            0.0
          ],
          [
            2.0825,
            1.47329,
            1.47381
          ],
          [
            2.0825,
            4.41977,
            1.47381
          ],
          [
            6.2475,
            1.47329,
            1.47381
          ],
          [
            6.2475,
            4.41977,
            1.47381
          ],
          [
            2.0825,
            7.36625,
            1.47381
          ],
          [
            6.2475,
            7.36625,
            1.47381
          ],
          [
            -0.00682,
            2.93688,
            2.97654
          ],
          [
            -0.00224,
            5.89288,
            2.95895
          ],
          [
            4.16664,
            2.99708,
            2.90675
          ],
          [
            4.16869,
            5.91884,
            2.95912
          ],
          [
            4.16469,
            -0.03319,
            2.96802
          ],
          [
            -0.00541,
            -0.0235,
            2.95164
          ],
          [
            2.11183,
            4.45744,
            4.44051
          ],
          [
            2.08515,
            7.36985,
            4.52961
          ],
          [
            6.22963,
            4.42563,
            4.47927
          ],
          [
            6.2498,
            7.358,
            4.52137
          ],
          [
            2.00967,
            1.39773,
            4.43917
          ],
          [
            6.30194,
            1.40676,
            4.46037
          ],
          [
            0.01974,
            5.81623,
            5.82264
          ],
          [
            0.0035,
            0.00061,
            5.82041
          ],
          [
            4.1914,
            5.87235,
            5.86026
          ],
          [
            4.21682,
            -0.09927,
            6.16845
          ],
          [
            0.3398,
            3.12568,
            5.95465
          ],
          [
            2.0825,
            0.0,
            0.0
          ],
          [
            2.0825,
            2.94648,
            0.0
          ],
          [
            6.2475,
            0.0,
            0.0
          ],
          [
            6.2475,
            2.94648,
            0.0
          ],
          [
            2.0825,
            5.89306,
            0.0
          ],
          [
            6.2475,
            5.89306,
            0.0
          ],
          [
            0.0,
            1.47329,
            1.47381
          ],
          [
            0.0,
            4.41977,
            1.47381
          ],
          [
            4.165,
            1.47329,
            1.47381
          ],
          [
            4.165,
            4.41977,
            1.47381
          ],
          [
            0.0,
            7.36625,
            1.47381
          ],
          [
            4.165,
            7.36625,
            1.47381
          ],
          [
            2.08732,
            -0.00273,
            2.95933
          ],
          [
            2.06564,
            2.93888,
            3.02278
          ],
          [
            6.23594,
            0.0009,
            2.96451
          ],
          [
            6.25459,
            2.93199,
            3.0306
          ],
          [
            2.07086,
            5.89247,
            2.95563
          ],
          [
            6.25916,
            5.88357,
            2.96184
          ],
          [
            -0.01454,
            1.44366,
            4.41931
          ],
          [
            -0.01499,
            4.38632,
            4.44474
          ],
          [
            4.1413,
            1.58691,
            4.29934
          ],
          [
            4.15892,
            4.46083,
            4.38785
          ],
          [
            -0.00127,
            7.33633,
            4.46223
          ],
          [
            4.16401,
            7.40222,
            4.47663
          ],
          [
            2.33182,
            2.9266,
            6.14165
          ],
          [
            2.06725,
            5.8487,
            5.84957
          ],
          [
            5.8818,
            2.94136,
            6.11463
          ],
          [
            6.27682,
            5.84614,
            5.85802
          ],
          [
            1.99667,
            0.02337,
            5.86201
          ],
          [
            6.3255,
            0.00568,
            5.86188
          ],
          [
            4.12892,
            2.4274,
            6.02927
          ]
        ],
        "Stress": [
          [
            -75.54892,
            0.20171,
            0.80648
          ],
          [
            0.20171,
            -14.01065,
            -0.16427
          ],
          [
            0.80648,
            -0.16427,
            -34.69092
          ]
        ],
        "computation_code": "VASP",
        "pseudopotential_information": [
          [
            "PAW_PBE",
            "Ni",
            "02Aug2007"
          ],
          [
            "PAW_PBE",
            "O",
            "08Apr2002"
          ],
          [
            "PAW_PBE",
            "W_sv",
            "04Sep2015"
          ]
        ]
      }
    ],
    "EnergyStyle": "electronvolt",
    "ForcesStyle": "electronvoltperangstrom",
    "LatticeStyle": "angstrom",
    "PositionsStyle": "angstrom",
    "StressStyle": "kB"
  }
}