{
  "Dataset": {
    "AtomTypeStyle": "chemicalsymbol",
    "Data": [
      {
        "AtomTypes": [
          "Ni",
          "Ni",
          "Ni",
          "Ni",
          "Ni",
          "Ni",
          "Ni",
          "Ni",
          "Ni",
          "Ni",
          "Ni",
          "Ni",
          "Ni",
          "Ni",
          "Ni",
          "Ni",
          "Ni",
          "Ni",
          "Ni",
          "Ni",
          "Ni",
          "Ni",
          "Ni",
          "Ni",
          "Ni",
          "Ni",
          "Ni",
          "Ni",
          "Ni",
          "O",
          "O",
          "O",
          "O",
          "O",
          "O",
          "O",
          "O",
          "O",
          "O",
          "O",
          "O",
          "O",
          "O",
          "O",
          "O",
          "O",
          "O",
          "O",
          "O",
          "O",
          "O",
          "O",
          "O",
          "O",
          "O",
          "O",
          "O",
          "O",
          "W"
        ],
        "Energy": -306.45986134,
        "Forces": [
          [
            0.00338,
            -0.013077,
            0.919895
          ],
          [
            0.033625,
            0.013962,
            0.857437
          ],
          [
            -0.128005,
            -0.011059,
            0.918763
          ],
          [
            -0.148444,
            0.003207,
            0.871363
          ],
          [
            0.010934,
            0.001452,
            0.878977
          ],
          [
            -0.12714,
            0.007908,
            0.896505
          ],
          [
            0.012676,
            -0.076432,
            -0.740136
          ],
          [
            0.018755,
            -0.009022,
            -0.76445
          ],
          [
            0.019238,
            -0.144389,
            -0.766065
          ],
          [
            0.017693,
            -0.016899,
            -0.975126
          ],
          [
            0.020218,
            0.059812,
            -0.779575
          ],
          [
            0.017676,
            0.123225,
            -0.874902
          ],
          [
            -0.024602,
            0.002602,
            -0.013876
          ],
          [
            -0.003042,
            0.029094,
            -0.004649
          ],
          [
            0.024953,
            -0.004217,
            -0.016626
          ],
          [
            0.005544,
            0.033997,
            -0.011275
          ],
          [
            0.008575,
            -0.009149,
            0.051806
          ],
          [
            -0.01187,
            -0.009622,
            -0.02509
          ],
          [
            0.02001,
            0.066793,
            0.000338
          ],
          [
            0.069417,
            -0.021931,
            0.008538
          ],
          [
            -0.066612,
            0.013274,
            -0.01482
          ],
          [
            0.0667,
            -0.031404,
            -0.014337
          ],
          [
            -0.025612,
            0.015299,
            0.011769
          ],
          [
            0.029466,
            -0.049294,
            0.047057
          ],
          [
            0.031909,
            -0.138424,
            0.266548
          ],
          [
            -0.000996,
            0.17241,
            0.313168
          ],
          [
            -0.011827,
            0.111432,
            0.042355
          ],
          [
            0.011562,
            0.049459,
            -0.200692
          ],
          [
            -0.030895,
            -0.105516,
            0.229543
          ],
          [
            0.008628,
            0.007659,
            0.445342
          ],
          [
            0.007093,
            -0.008791,
            0.477583
          ],
          [
            0.028569,
            0.037618,
            0.530697
          ],
          [
            0.02651,
            -0.001168,
            0.727874
          ],
          [
            0.005998,
            0.002782,
            0.497328
          ],
          [
            0.028399,
            -0.003688,
            0.634814
          ],
          [
            -0.114159,
            0.018145,
            -0.685604
          ],
          [
            -0.109083,
            -0.038555,
            -0.570712
          ],
          [
            0.156291,
            0.02524,
            -0.674561
          ],
          [
            0.165869,
            -0.033236,
            -0.557576
          ],
          [
            -0.076412,
            -0.002189,
            -0.65757
          ],
          [
            0.12735,
            -0.029958,
            -0.640995
          ],
          [
            -0.006358,
            0.004342,
            -0.019639
          ],
          [
            -0.00103,
            0.025227,
            0.020991
          ],
          [
            0.001696,
            -0.011571,
            -0.038858
          ],
          [
            0.00941,
            -0.073901,
            -0.122955
          ],
          [
            -0.004032,
            -0.037167,
            0.02399
          ],
          [
            0.010038,
            0.080631,
            -0.135472
          ],
          [
            -0.017787,
            0.034027,
            -0.198129
          ],
          [
            -0.126087,
            0.112928,
            -0.061865
          ],
          [
            0.024281,
            -0.142666,
            -0.089904
          ],
          [
            0.105179,
            0.110482,
            -0.104835
          ],
          [
            -0.008733,
            -0.079998,
            -0.1002
          ],
          [
            0.000968,
            0.057636,
            0.060684
          ],
          [
            -0.005402,
            -0.011062,
            -0.01726
          ],
          [
            0.022562,
            0.037254,
            0.183488
          ],
          [
            0.181876,
            0.013577,
            -0.01859
          ],
          [
            -0.06122,
            -0.015702,
            0.0719
          ],
          [
            -0.195854,
            0.00877,
            -0.010069
          ],
          [
            -0.027846,
            -0.150163,
            -0.082336
          ]
        ],
        "Lattice": [
          [
            8.33,
            0.0,
            0.0
          ],
          [
            0.0,
            8.839539657,
            0.0
          ],
          [
            0.0,
            0.0,
            21.359563785
          ]
        ],
        "NumAtoms": 59,
        "Positions": [
          [
            0.0,
            0.0,
            0.0
          ],
          [
            0.0,
            2.94648,
            0.0
          ],
          [
            4.165,
            0.0,
            0.0
          ],
          [
            4.165,
            2.94648,
            0.0
          ],
          [
            0.0,
            5.89306,
            0.0
          ],
          [
            4.165,
            5.89306,
            0.0
          ],
          [
            2.0825,
            1.47329,
            1.47381
          ],
          [
            2.0825,
            4.41977,
            1.47381
          ],
          [
            6.2475,
            1.47329,
            1.47381
          ],
          [
            6.2475,
            4.41977,
            1.47381
          ],
          [
            2.0825,
            7.36625,
            1.47381
          ],
          [
            6.2475,
            7.36625,
            1.47381
          ],
          [
            0.03437,
            2.89616,
            2.9425
          ],
          [
            0.02596,
            5.91358,
            2.94383
          ],
          [
            4.13534,
            2.89783,
            2.94526
          ],
          [
            4.1437,
            5.90979,
            2.94994
          ],
          [
            4.15901,
            0.00275,
            2.97778
          ],
          [
            0.0034,
            0.00302,
            2.97879
          ],
          [
            2.08464,
            4.44304,
            4.54604
          ],
          [
            2.07864,
            7.37039,
            4.47149
          ],
          [
            6.2455,
            7.43908,
            4.45422
          ],
          [
            2.08357,
            1.48309,
            4.5201
          ],
          [
            6.24102,
            1.49879,
            4.58756
          ],
          [
            0.20064,
            6.18075,
            6.08389
          ],
          [
            4.09857,
            3.00728,
            5.8304
          ],
          [
            0.04969,
            8.77259,
            5.93144
          ],
          [
            3.97596,
            6.17224,
            6.08828
          ],
          [
            4.12103,
            8.7602,
            5.93768
          ],
          [
            0.07242,
            3.02186,
            5.82694
          ],
          [
            2.0825,
            0.0,
            0.0
          ],
          [
            2.0825,
            2.94648,
            0.0
          ],
          [
            6.2475,
            0.0,
            0.0
          ],
          [
            6.2475,
            2.94648,
            0.0
          ],
          [
            2.0825,
            5.89306,
            0.0
          ],
          [
            6.2475,
            5.89306,
            0.0
          ],
          [
            0.0,
            1.47329,
            1.47381
          ],
          [
            0.0,
            4.41977,
            1.47381
          ],
          [
            4.165,
            1.47329,
            1.47381
          ],
          [
            4.165,
            4.41977,
            1.47381
          ],
          [
            0.0,
            7.36625,
            1.47381
          ],
          [
            4.165,
            7.36625,
            1.47381
          ],
          [
            2.0811,
            8.8326,
            2.94997
          ],
          [
            2.08327,
            2.9716,
            2.97348
          ],
          [
            6.24786,
            0.00799,
            2.94503
          ],
          [
            6.24922,
            3.01837,
            3.1045
          ],
          [
            2.08407,
            5.87271,
            2.98772
          ],
          [
            6.25081,
            5.81341,
            3.03524
          ],
          [
            8.30312,
            1.45455,
            4.42422
          ],
          [
            8.16346,
            4.40773,
            4.3505
          ],
          [
            4.19344,
            1.45456,
            4.42299
          ],
          [
            4.34774,
            4.39529,
            4.35524
          ],
          [
            8.27384,
            7.33077,
            4.41099
          ],
          [
            4.2162,
            7.33058,
            4.40565
          ],
          [
            2.08626,
            5.91714,
            5.88123
          ],
          [
            6.20952,
            5.66631,
            6.03746
          ],
          [
            2.08456,
            8.8286,
            5.83872
          ],
          [
            2.08733,
            2.98602,
            5.84313
          ],
          [
            6.249,
            8.82064,
            5.87612
          ],
          [
            6.25705,
            4.39486,
            4.75254
          ]
        ],
        "Stress": [
          [
            -74.45308,
            -0.06745,
            0.34741
          ],
          [
            -0.06745,
            -18.2642,
            -0.19682
          ],
          [
            0.34741,
            -0.19682,
            -35.3096
          ]
        ],
        "computation_code": "VASP",
        "pseudopotential_information": [
          [
            "PAW_PBE",
            "Ni",
            "02Aug2007"
          ],
          [
            "PAW_PBE",
            "O",
            "08Apr2002"
          ],
          [
            "PAW_PBE",
            "W_sv",
            "04Sep2015"
          ]
        ]
      }
    ],
    "EnergyStyle": "electronvolt",
    "ForcesStyle": "electronvoltperangstrom",
    "LatticeStyle": "angstrom",
    "PositionsStyle": "angstrom",
    "StressStyle": "kB"
  }
}