{
  "Dataset": {
    "AtomTypeStyle": "chemicalsymbol",
    "Data": [
      {
        "AtomTypes": [
          "Ni",
          "Ni",
          "Ni",
          "Ni",
          "Ni",
          "Ni",
          "Ni",
          "Ni",
          "Ni",
          "Ni",
          "Ni",
          "Ni",
          "Ni",
          "Ni",
          "Ni",
          "Ni",
          "Ni",
          "Ni",
          "Ni",
          "Ni",
          "Ni",
          "Ni",
          "Ni",
          "Ni",
          "Ni",
          "Ni",
          "Ni",
          "Ni",
          "Ni",
          "O",
          "O",
          "O",
          "O",
          "O",
          "O",
          "O",
          "O",
          "O",
          "O",
          "O",
          "O",
          "O",
          "O",
          "O",
          "O",
          "O",
          "O",
          "O",
          "O",
          "O",
          "O",
          "O",
          "O",
          "O",
          "O",
          "O",
          "O",
          "O",
          "W"
        ],
        "Energy": -306.07711946,
        "Forces": [
          [
            -0.061801,
            0.014742,
            0.936532
          ],
          [
            -0.058112,
            -0.002368,
            0.930426
          ],
          [
            -0.062744,
            -0.030391,
            0.876815
          ],
          [
            -0.063877,
            0.044094,
            0.831194
          ],
          [
            -0.062049,
            -0.009889,
            0.936973
          ],
          [
            -0.064157,
            -0.007228,
            0.893708
          ],
          [
            -0.065448,
            -0.026856,
            -0.883098
          ],
          [
            0.033619,
            0.027275,
            -0.826863
          ],
          [
            0.102874,
            -0.017186,
            -0.947252
          ],
          [
            0.004523,
            0.05772,
            -0.860492
          ],
          [
            -0.003926,
            -0.004981,
            -0.772296
          ],
          [
            0.018344,
            0.007239,
            -0.774629
          ],
          [
            0.001047,
            -0.012335,
            0.010742
          ],
          [
            -0.000169,
            0.001054,
            -0.002691
          ],
          [
            -0.003021,
            -0.006616,
            -0.009225
          ],
          [
            -0.002495,
            0.006063,
            -0.004777
          ],
          [
            0.001127,
            0.001795,
            -0.004441
          ],
          [
            2.9e-05,
            -0.001883,
            0.000235
          ],
          [
            -0.012389,
            0.010227,
            -0.009135
          ],
          [
            0.00429,
            -0.007421,
            -0.010132
          ],
          [
            0.003319,
            0.003743,
            -0.00764
          ],
          [
            -0.004092,
            -0.00687,
            -0.004946
          ],
          [
            0.010767,
            -0.00738,
            0.003406
          ],
          [
            0.006204,
            -0.002325,
            0.010475
          ],
          [
            -0.001308,
            -0.006014,
            0.008872
          ],
          [
            0.009826,
            -0.014529,
            0.000628
          ],
          [
            -0.002748,
            0.026128,
            0.00969
          ],
          [
            0.002846,
            -0.027261,
            0.008908
          ],
          [
            0.043952,
            0.028326,
            0.005368
          ],
          [
            0.050936,
            0.003112,
            0.482833
          ],
          [
            0.040998,
            -0.003245,
            0.55658
          ],
          [
            -0.009854,
            0.003774,
            0.481169
          ],
          [
            -0.003906,
            -0.005857,
            0.566776
          ],
          [
            0.033667,
            0.002384,
            0.480394
          ],
          [
            0.008565,
            -0.002598,
            0.483608
          ],
          [
            0.020078,
            0.043519,
            -0.591832
          ],
          [
            0.025059,
            -0.029766,
            -0.613426
          ],
          [
            0.030425,
            -0.065618,
            -0.394154
          ],
          [
            0.021176,
            -0.066695,
            -0.462019
          ],
          [
            0.01691,
            0.043884,
            -0.602763
          ],
          [
            0.012303,
            0.077615,
            -0.766161
          ],
          [
            0.010654,
            -0.002618,
            0.000944
          ],
          [
            -0.005964,
            -0.009529,
            0.015933
          ],
          [
            -0.005935,
            -0.000399,
            0.00145
          ],
          [
            0.001505,
            -0.011948,
            0.020153
          ],
          [
            0.003536,
            0.004987,
            0.002453
          ],
          [
            -0.003777,
            0.00241,
            0.001758
          ],
          [
            0.002008,
            -0.004914,
            0.012728
          ],
          [
            -0.004171,
            -0.005221,
            -0.000467
          ],
          [
            -0.003823,
            0.043082,
            -0.041291
          ],
          [
            -0.000677,
            0.001041,
            0.005959
          ],
          [
            5.8e-05,
            -0.006935,
            -0.002348
          ],
          [
            -0.020759,
            0.008984,
            0.004198
          ],
          [
            -0.001554,
            -0.017758,
            -0.000518
          ],
          [
            0.019035,
            0.007487,
            0.007434
          ],
          [
            -0.005056,
            -0.016204,
            -0.004608
          ],
          [
            -0.010223,
            -0.003025,
            0.001431
          ],
          [
            0.011896,
            0.004317,
            -0.004112
          ],
          [
            -0.007545,
            -0.031137,
            0.011542
          ]
        ],
        "Lattice": [
          [
            8.33,
            0.0,
            0.0
          ],
          [
            0.0,
            8.839539657,
            0.0
          ],
          [
            0.0,
            0.0,
            21.359563785
          ]
        ],
        "NumAtoms": 59,
        "Positions": [
          [
            0.0,
            0.0,
            0.0
          ],
          [
            0.0,
            2.94648,
            0.0
          ],
          [
            4.165,
            0.0,
            0.0
          ],
          [
            4.165,
            2.94648,
            0.0
          ],
          [
            0.0,
            5.89306,
            0.0
          ],
          [
            4.165,
            5.89306,
            0.0
          ],
          [
            2.0825,
            1.47329,
            1.47381
          ],
          [
            2.0825,
            4.41977,
            1.47381
          ],
          [
            6.2475,
            1.47329,
            1.47381
          ],
          [
            6.2475,
            4.41977,
            1.47381
          ],
          [
            2.0825,
            7.36625,
            1.47381
          ],
          [
            6.2475,
            7.36625,
            1.47381
          ],
          [
            0.00725,
            2.96022,
            2.9578
          ],
          [
            -0.00432,
            5.9183,
            2.96148
          ],
          [
            4.17129,
            2.90012,
            2.92683
          ],
          [
            4.16388,
            5.93683,
            2.94912
          ],
          [
            4.16487,
            -0.03156,
            2.9668
          ],
          [
            -0.00072,
            -0.00996,
            2.96168
          ],
          [
            2.0151,
            4.4621,
            4.45576
          ],
          [
            2.10868,
            7.35822,
            4.55762
          ],
          [
            6.31159,
            4.46919,
            4.45835
          ],
          [
            6.19806,
            7.36979,
            4.55951
          ],
          [
            2.12664,
            1.42054,
            4.44673
          ],
          [
            6.23425,
            1.45904,
            4.42543
          ],
          [
            0.00403,
            5.86706,
            5.80636
          ],
          [
            0.00026,
            0.10625,
            5.7923
          ],
          [
            4.1587,
            5.76738,
            5.95911
          ],
          [
            4.14891,
            0.33933,
            5.71469
          ],
          [
            0.18043,
            2.74261,
            5.98227
          ],
          [
            2.0825,
            0.0,
            0.0
          ],
          [
            2.0825,
            2.94648,
            0.0
          ],
          [
            6.2475,
            0.0,
            0.0
          ],
          [
            6.2475,
            2.94648,
            0.0
          ],
          [
            2.0825,
            5.89306,
            0.0
          ],
          [
            6.2475,
            5.89306,
            0.0
          ],
          [
            0.0,
            1.47329,
            1.47381
          ],
          [
            0.0,
            4.41977,
            1.47381
          ],
          [
            4.165,
            1.47329,
            1.47381
          ],
          [
            4.165,
            4.41977,
            1.47381
          ],
          [
            0.0,
            7.36625,
            1.47381
          ],
          [
            4.165,
            7.36625,
            1.47381
          ],
          [
            2.08997,
            0.01766,
            2.95442
          ],
          [
            2.11755,
            2.94258,
            3.01456
          ],
          [
            6.2319,
            0.02477,
            2.95017
          ],
          [
            6.21709,
            2.9528,
            3.01517
          ],
          [
            2.08825,
            5.88095,
            2.95706
          ],
          [
            6.23546,
            5.88168,
            2.95592
          ],
          [
            -0.01541,
            1.51592,
            4.37547
          ],
          [
            -0.00495,
            4.43049,
            4.39284
          ],
          [
            4.15943,
            4.33517,
            4.46432
          ],
          [
            -0.01087,
            7.38588,
            4.46281
          ],
          [
            4.15682,
            7.36756,
            4.36769
          ],
          [
            2.28365,
            2.89031,
            6.02072
          ],
          [
            2.01586,
            5.83161,
            5.8539
          ],
          [
            5.9922,
            2.90792,
            6.06307
          ],
          [
            6.30856,
            5.83937,
            5.84944
          ],
          [
            2.02637,
            0.05118,
            5.82635
          ],
          [
            6.26122,
            0.08709,
            5.80118
          ],
          [
            4.1647,
            2.94624,
            5.81169
          ]
        ],
        "Stress": [
          [
            -80.48318,
            0.0912,
            0.56079
          ],
          [
            0.0912,
            -17.1349,
            -0.16669
          ],
          [
            0.56079,
            -0.16669,
            -33.99834
          ]
        ],
        "computation_code": "VASP",
        "pseudopotential_information": [
          [
            "PAW_PBE",
            "Ni",
            "02Aug2007"
          ],
          [
            "PAW_PBE",
            "O",
            "08Apr2002"
          ],
          [
            "PAW_PBE",
            "W_sv",
            "04Sep2015"
          ]
        ]
      }
    ],
    "EnergyStyle": "electronvolt",
    "ForcesStyle": "electronvoltperangstrom",
    "LatticeStyle": "angstrom",
    "PositionsStyle": "angstrom",
    "StressStyle": "kB"
  }
}