{
  "Dataset": {
    "AtomTypeStyle": "chemicalsymbol",
    "Data": [
      {
        "AtomTypes": [
          "Ni",
          "Ni",
          "Ni",
          "Ni",
          "Ni",
          "Ni",
          "Ni",
          "Ni",
          "Ni",
          "Ni",
          "Ni",
          "Ni",
          "Ni",
          "Ni",
          "Ni",
          "Ni",
          "Ni",
          "Ni",
          "Ni",
          "Ni",
          "Ni",
          "Ni",
          "Ni",
          "Ni",
          "Ni",
          "Ni",
          "Ni",
          "Ni",
          "Ni",
          "O",
          "O",
          "O",
          "O",
          "O",
          "O",
          "O",
          "O",
          "O",
          "O",
          "O",
          "O",
          "O",
          "O",
          "O",
          "O",
          "O",
          "O",
          "O",
          "O",
          "O",
          "O",
          "O",
          "O",
          "O",
          "O",
          "O",
          "O",
          "O",
          "O",
          "W"
        ],
        "Energy": -314.51044334,
        "Forces": [
          [
            -0.060956,
            0.010964,
            0.916349
          ],
          [
            -0.057227,
            0.001596,
            0.957732
          ],
          [
            -0.062217,
            0.023494,
            0.92039
          ],
          [
            -0.060631,
            -0.024507,
            0.857452
          ],
          [
            -0.061906,
            -0.013697,
            0.93436
          ],
          [
            -0.065144,
            0.002277,
            0.903639
          ],
          [
            0.010157,
            -0.001762,
            -0.841654
          ],
          [
            -0.075037,
            0.026151,
            -0.84072
          ],
          [
            0.003784,
            -0.006113,
            -0.808921
          ],
          [
            0.091462,
            0.01758,
            -0.783479
          ],
          [
            -0.013123,
            -0.036741,
            -0.847231
          ],
          [
            0.026333,
            -0.053525,
            -0.818888
          ],
          [
            -0.001797,
            0.001727,
            0.002751
          ],
          [
            -7e-06,
            -0.000396,
            0.000998
          ],
          [
            0.001389,
            -0.011408,
            0.008011
          ],
          [
            0.001898,
            -0.004584,
            0.002263
          ],
          [
            0.000262,
            0.000106,
            0.003202
          ],
          [
            -0.001644,
            -0.00275,
            -0.000469
          ],
          [
            -0.000617,
            0.005418,
            -0.005038
          ],
          [
            -0.004522,
            0.005348,
            5.1e-05
          ],
          [
            0.00384,
            -0.006634,
            0.006226
          ],
          [
            0.006309,
            -0.000696,
            -0.001832
          ],
          [
            -0.002825,
            -0.001129,
            -0.005226
          ],
          [
            -0.000266,
            0.003325,
            0.00087
          ],
          [
            -0.000839,
            0.007159,
            0.002845
          ],
          [
            -0.00132,
            -0.003849,
            0.000109
          ],
          [
            0.00271,
            -0.006393,
            0.043365
          ],
          [
            0.010145,
            0.004831,
            0.002698
          ],
          [
            0.021996,
            0.003344,
            0.004884
          ],
          [
            0.02502,
            0.007637,
            0.499402
          ],
          [
            0.030771,
            0.004357,
            0.575297
          ],
          [
            0.018028,
            0.006963,
            0.500423
          ],
          [
            0.008607,
            0.007375,
            0.579954
          ],
          [
            0.038493,
            -0.010878,
            0.48666
          ],
          [
            0.004936,
            -0.008973,
            0.491547
          ],
          [
            0.020262,
            -0.018229,
            -0.580961
          ],
          [
            0.017232,
            -0.045496,
            -0.564883
          ],
          [
            0.020548,
            -0.036606,
            -0.590171
          ],
          [
            0.026901,
            0.155522,
            -0.792963
          ],
          [
            0.015084,
            -0.007066,
            -0.599405
          ],
          [
            0.032117,
            0.035367,
            -0.602109
          ],
          [
            -0.006142,
            -0.003762,
            -0.006445
          ],
          [
            -0.007449,
            0.002836,
            0.000944
          ],
          [
            0.004954,
            -0.000591,
            -0.004263
          ],
          [
            0.006042,
            0.001261,
            -0.003526
          ],
          [
            0.004776,
            -0.00124,
            -0.002538
          ],
          [
            -0.003533,
            -0.00319,
            -0.002764
          ],
          [
            0.002407,
            0.004622,
            0.001399
          ],
          [
            0.004103,
            -0.008326,
            -0.001995
          ],
          [
            -0.005715,
            0.008239,
            -0.000837
          ],
          [
            -0.004773,
            -0.013063,
            -0.00926
          ],
          [
            0.001879,
            0.002339,
            -0.002995
          ],
          [
            0.000432,
            0.000547,
            -0.012853
          ],
          [
            -0.008234,
            0.004703,
            0.030616
          ],
          [
            -0.009868,
            -0.001786,
            -0.002662
          ],
          [
            -0.023864,
            -0.00913,
            -0.000554
          ],
          [
            0.011806,
            0.002488,
            -0.003242
          ],
          [
            -0.003758,
            0.003361,
            0.003345
          ],
          [
            0.002236,
            -0.004033,
            0.004409
          ],
          [
            0.06649,
            -0.014386,
            -0.004309
          ]
        ],
        "Lattice": [
          [
            8.33,
            0.0,
            0.0
          ],
          [
            0.0,
            8.839539657,
            0.0
          ],
          [
            0.0,
            0.0,
            21.359563785
          ]
        ],
        "NumAtoms": 60,
        "Positions": [
          [
            0.0,
            0.0,
            0.0
          ],
          [
            0.0,
            2.94648,
            0.0
          ],
          [
            4.165,
            0.0,
            0.0
          ],
          [
            4.165,
            2.94648,
            0.0
          ],
          [
            0.0,
            5.89306,
            0.0
          ],
          [
            4.165,
            5.89306,
            0.0
          ],
          [
            2.0825,
            1.47329,
            1.47381
          ],
          [
            2.0825,
            4.41977,
            1.47381
          ],
          [
            6.2475,
            1.47329,
            1.47381
          ],
          [
            6.2475,
            4.41977,
            1.47381
          ],
          [
            2.0825,
            7.36625,
            1.47381
          ],
          [
            6.2475,
            7.36625,
            1.47381
          ],
          [
            -0.00682,
            2.93678,
            2.97691
          ],
          [
            -0.00213,
            5.89262,
            2.95915
          ],
          [
            4.16665,
            2.99749,
            2.90688
          ],
          [
            4.16891,
            5.91919,
            2.95919
          ],
          [
            4.16464,
            -0.03287,
            2.96781
          ],
          [
            -0.00542,
            -0.0232,
            2.95162
          ],
          [
            2.11242,
            4.45803,
            4.44049
          ],
          [
            2.0852,
            7.37028,
            4.52949
          ],
          [
            6.22992,
            4.42521,
            4.48015
          ],
          [
            6.24988,
            7.35767,
            4.52083
          ],
          [
            2.0094,
            1.3979,
            4.43941
          ],
          [
            6.30192,
            1.40693,
            4.46068
          ],
          [
            0.0198,
            5.81633,
            5.82261
          ],
          [
            0.00341,
            0.00087,
            5.81967
          ],
          [
            4.19151,
            5.87175,
            5.86054
          ],
          [
            4.21905,
            -0.1023,
            6.16869
          ],
          [
            0.34661,
            3.12684,
            5.955
          ],
          [
            2.0825,
            0.0,
            0.0
          ],
          [
            2.0825,
            2.94648,
            0.0
          ],
          [
            6.2475,
            0.0,
            0.0
          ],
          [
            6.2475,
            2.94648,
            0.0
          ],
          [
            2.0825,
            5.89306,
            0.0
          ],
          [
            6.2475,
            5.89306,
            0.0
          ],
          [
            0.0,
            1.47329,
            1.47381
          ],
          [
            0.0,
            4.41977,
            1.47381
          ],
          [
            4.165,
            1.47329,
            1.47381
          ],
          [
            4.165,
            4.41977,
            1.47381
          ],
          [
            0.0,
            7.36625,
            1.47381
          ],
          [
            4.165,
            7.36625,
            1.47381
          ],
          [
            2.08727,
            -0.00194,
            2.9598
          ],
          [
            2.06621,
            2.93932,
            3.02404
          ],
          [
            6.23591,
            0.00139,
            2.96486
          ],
          [
            6.25414,
            2.93214,
            3.03151
          ],
          [
            2.07097,
            5.89228,
            2.95586
          ],
          [
            6.25937,
            5.88318,
            2.96215
          ],
          [
            -0.0148,
            1.44379,
            4.41851
          ],
          [
            -0.01494,
            4.38559,
            4.44576
          ],
          [
            4.14066,
            1.58644,
            4.30084
          ],
          [
            4.15917,
            4.4613,
            4.38856
          ],
          [
            -0.00121,
            7.33604,
            4.4618
          ],
          [
            4.16396,
            7.40217,
            4.4771
          ],
          [
            2.33565,
            2.9272,
            6.1484
          ],
          [
            2.06754,
            5.84909,
            5.84916
          ],
          [
            5.88023,
            2.94083,
            6.11615
          ],
          [
            6.2769,
            5.846,
            5.85808
          ],
          [
            1.99612,
            0.02406,
            5.86198
          ],
          [
            6.32575,
            0.00534,
            5.8615
          ],
          [
            4.12941,
            2.42427,
            6.02924
          ]
        ],
        "Stress": [
          [
            -75.20506,
            0.21112,
            0.80429
          ],
          [
            0.21112,
            -13.86418,
            -0.11297
          ],
          [
            0.80429,
            -0.11297,
            -34.5436
          ]
        ],
        "computation_code": "VASP",
        "pseudopotential_information": [
          [
            "PAW_PBE",
            "Ni",
            "02Aug2007"
          ],
          [
            "PAW_PBE",
            "O",
            "08Apr2002"
          ],
          [
            "PAW_PBE",
            "W_sv",
            "04Sep2015"
          ]
        ]
      }
    ],
    "EnergyStyle": "electronvolt",
    "ForcesStyle": "electronvoltperangstrom",
    "LatticeStyle": "angstrom",
    "PositionsStyle": "angstrom",
    "StressStyle": "kB"
  }
}