{
  "Dataset": {
    "AtomTypeStyle": "chemicalsymbol",
    "Data": [
      {
        "AtomTypes": [
          "Ni",
          "Ni",
          "Ni",
          "Ni",
          "Ni",
          "Ni",
          "Ni",
          "Ni",
          "Ni",
          "Ni",
          "Ni",
          "Ni",
          "Ni",
          "Ni",
          "Ni",
          "Ni",
          "Ni",
          "Ni",
          "Ni",
          "Ni",
          "Ni",
          "Ni",
          "Ni",
          "Ni",
          "Ni",
          "Ni",
          "Ni",
          "Ni",
          "Ni",
          "O",
          "O",
          "O",
          "O",
          "O",
          "O",
          "O",
          "O",
          "O",
          "O",
          "O",
          "O",
          "O",
          "O",
          "O",
          "O",
          "O",
          "O",
          "O",
          "O",
          "O",
          "O",
          "O",
          "O",
          "O",
          "O",
          "O",
          "O",
          "O",
          "O",
          "W"
        ],
        "Energy": -314.32534235,
        "Forces": [
          [
            -0.063702,
            0.00947,
            0.91338
          ],
          [
            -0.05969,
            0.000279,
            0.969496
          ],
          [
            -0.061716,
            0.011774,
            0.897315
          ],
          [
            -0.060404,
            -0.018563,
            0.858684
          ],
          [
            -0.064013,
            -0.008557,
            0.933766
          ],
          [
            -0.062678,
            0.008427,
            0.915449
          ],
          [
            -0.002408,
            0.058543,
            -0.818081
          ],
          [
            -0.062237,
            0.035458,
            -0.769142
          ],
          [
            0.035159,
            0.060051,
            -0.828085
          ],
          [
            0.091873,
            0.034797,
            -0.772442
          ],
          [
            -0.007024,
            -0.054389,
            -0.816496
          ],
          [
            0.02526,
            -0.057717,
            -0.824776
          ],
          [
            -0.003829,
            -0.012176,
            -0.024815
          ],
          [
            -0.006085,
            0.026665,
            0.008966
          ],
          [
            -0.00244,
            0.004435,
            -0.085646
          ],
          [
            0.008072,
            -0.04639,
            -0.128169
          ],
          [
            0.003071,
            -0.042872,
            0.059847
          ],
          [
            -0.006907,
            -0.00991,
            0.021556
          ],
          [
            -0.050951,
            -0.074238,
            -0.102041
          ],
          [
            -0.053103,
            0.029476,
            -0.027082
          ],
          [
            0.066281,
            -0.089308,
            -0.109164
          ],
          [
            0.060493,
            0.038153,
            -0.041035
          ],
          [
            -0.045465,
            0.019769,
            0.003112
          ],
          [
            0.030509,
            0.025197,
            0.002423
          ],
          [
            0.009013,
            -0.041448,
            0.004857
          ],
          [
            0.002737,
            0.017912,
            -0.014358
          ],
          [
            0.002374,
            -0.111541,
            0.596188
          ],
          [
            0.001724,
            0.208746,
            0.096711
          ],
          [
            0.066544,
            0.03572,
            -0.020515
          ],
          [
            0.026074,
            0.005866,
            0.495948
          ],
          [
            0.032454,
            1.4e-05,
            0.578408
          ],
          [
            0.01363,
            0.007003,
            0.492434
          ],
          [
            0.004278,
            0.000565,
            0.579869
          ],
          [
            0.036663,
            -0.009734,
            0.491717
          ],
          [
            0.004292,
            -0.010175,
            0.489499
          ],
          [
            0.027029,
            0.039122,
            -0.557523
          ],
          [
            0.025856,
            -0.038697,
            -0.549123
          ],
          [
            0.024989,
            0.015333,
            -0.580134
          ],
          [
            0.02309,
            0.153724,
            -0.728584
          ],
          [
            0.025954,
            -0.004472,
            -0.597469
          ],
          [
            0.018569,
            0.028341,
            -0.633796
          ],
          [
            -0.004918,
            0.004523,
            0.004158
          ],
          [
            0.002985,
            -0.023822,
            -0.010853
          ],
          [
            0.010285,
            0.011658,
            0.012575
          ],
          [
            -0.005273,
            -0.024058,
            -0.005081
          ],
          [
            -0.032462,
            0.010609,
            -0.020348
          ],
          [
            0.033824,
            0.005455,
            -0.009712
          ],
          [
            0.002772,
            0.009982,
            -0.046209
          ],
          [
            -0.009029,
            -0.018445,
            -0.013386
          ],
          [
            -0.003391,
            0.022285,
            -0.234666
          ],
          [
            -0.010513,
            -0.186356,
            -0.207984
          ],
          [
            0.001153,
            -0.014907,
            0.060039
          ],
          [
            0.000593,
            0.209035,
            -0.114297
          ],
          [
            0.234672,
            -0.071193,
            -0.09888
          ],
          [
            -0.280582,
            -0.035668,
            -0.001571
          ],
          [
            -0.27765,
            -0.072713,
            -0.103375
          ],
          [
            0.276088,
            -0.034306,
            0.003745
          ],
          [
            -0.031502,
            -0.02184,
            0.04694
          ],
          [
            0.037412,
            -0.028067,
            0.051703
          ],
          [
            0.002197,
            0.013172,
            0.306052
          ]
        ],
        "Lattice": [
          [
            8.33,
            0.0,
            0.0
          ],
          [
            0.0,
            8.839539657,
            0.0
          ],
          [
            0.0,
            0.0,
            21.359563785
          ]
        ],
        "NumAtoms": 60,
        "Positions": [
          [
            0.0,
            0.0,
            0.0
          ],
          [
            0.0,
            2.94648,
            0.0
          ],
          [
            4.165,
            0.0,
            0.0
          ],
          [
            4.165,
            2.94648,
            0.0
          ],
          [
            0.0,
            5.89306,
            0.0
          ],
          [
            4.165,
            5.89306,
            0.0
          ],
          [
            2.0825,
            1.47329,
            1.47381
          ],
          [
            2.0825,
            4.41977,
            1.47381
          ],
          [
            6.2475,
            1.47329,
            1.47381
          ],
          [
            6.2475,
            4.41977,
            1.47381
          ],
          [
            2.0825,
            7.36625,
            1.47381
          ],
          [
            6.2475,
            7.36625,
            1.47381
          ],
          [
            0.00149,
            2.95109,
            2.98891
          ],
          [
            0.00043,
            5.89125,
            2.9591
          ],
          [
            4.16856,
            3.00222,
            2.91365
          ],
          [
            4.16317,
            5.91449,
            2.96939
          ],
          [
            4.16477,
            -0.02503,
            2.95057
          ],
          [
            7e-05,
            -0.01007,
            2.94702
          ],
          [
            2.09456,
            4.45621,
            4.49042
          ],
          [
            2.08145,
            7.382,
            4.51312
          ],
          [
            6.23643,
            4.45364,
            4.49073
          ],
          [
            6.24895,
            7.378,
            4.50769
          ],
          [
            2.02491,
            1.42107,
            4.45613
          ],
          [
            6.30536,
            1.41956,
            4.45509
          ],
          [
            0.01157,
            5.85445,
            5.82082
          ],
          [
            0.00945,
            0.0108,
            5.8157
          ],
          [
            4.18111,
            5.94308,
            5.8693
          ],
          [
            4.18636,
            -0.05054,
            6.13117
          ],
          [
            0.03963,
            3.0753,
            6.00367
          ],
          [
            2.0825,
            0.0,
            0.0
          ],
          [
            2.0825,
            2.94648,
            0.0
          ],
          [
            6.2475,
            0.0,
            0.0
          ],
          [
            6.2475,
            2.94648,
            0.0
          ],
          [
            2.0825,
            5.89306,
            0.0
          ],
          [
            6.2475,
            5.89306,
            0.0
          ],
          [
            0.0,
            1.47329,
            1.47381
          ],
          [
            0.0,
            4.41977,
            1.47381
          ],
          [
            4.165,
            1.47329,
            1.47381
          ],
          [
            4.165,
            4.41977,
            1.47381
          ],
          [
            0.0,
            7.36625,
            1.47381
          ],
          [
            4.165,
            7.36625,
            1.47381
          ],
          [
            2.08972,
            0.0104,
            2.95721
          ],
          [
            2.07222,
            2.95146,
            3.03582
          ],
          [
            6.23781,
            0.01049,
            2.95524
          ],
          [
            6.26003,
            2.95062,
            3.03568
          ],
          [
            2.0786,
            5.88559,
            2.96568
          ],
          [
            6.24973,
            5.88569,
            2.96327
          ],
          [
            -0.00199,
            1.46145,
            4.42966
          ],
          [
            -0.00276,
            4.40987,
            4.46012
          ],
          [
            4.16287,
            1.59724,
            4.30991
          ],
          [
            4.16419,
            4.44424,
            4.44393
          ],
          [
            -0.00184,
            7.35419,
            4.44269
          ],
          [
            4.1629,
            7.3989,
            4.44378
          ],
          [
            2.33955,
            2.94338,
            6.12913
          ],
          [
            2.0683,
            5.88157,
            5.86092
          ],
          [
            5.97047,
            2.9484,
            6.13249
          ],
          [
            6.26791,
            5.88087,
            5.85928
          ],
          [
            2.00939,
            0.03019,
            5.8479
          ],
          [
            6.3212,
            0.0237,
            5.84269
          ],
          [
            4.15992,
            2.52246,
            5.98633
          ]
        ],
        "Stress": [
          [
            -78.57507,
            0.02039,
            0.54342
          ],
          [
            0.02039,
            -13.93462,
            -0.84549
          ],
          [
            0.54342,
            -0.84549,
            -33.81083
          ]
        ],
        "computation_code": "VASP",
        "pseudopotential_information": [
          [
            "PAW_PBE",
            "Ni",
            "02Aug2007"
          ],
          [
            "PAW_PBE",
            "O",
            "08Apr2002"
          ],
          [
            "PAW_PBE",
            "W_sv",
            "04Sep2015"
          ]
        ]
      }
    ],
    "EnergyStyle": "electronvolt",
    "ForcesStyle": "electronvoltperangstrom",
    "LatticeStyle": "angstrom",
    "PositionsStyle": "angstrom",
    "StressStyle": "kB"
  }
}