{
  "Dataset": {
    "AtomTypeStyle": "chemicalsymbol",
    "Data": [
      {
        "AtomTypes": [
          "Ni",
          "Ni",
          "Ni",
          "Ni",
          "Ni",
          "Ni",
          "Ni",
          "Ni",
          "Ni",
          "Ni",
          "Ni",
          "Ni",
          "Ni",
          "Ni",
          "Ni",
          "Ni",
          "Ni",
          "Ni",
          "Ni",
          "Ni",
          "Ni",
          "Ni",
          "Ni",
          "Ni",
          "Ni",
          "Ni",
          "Ni",
          "Ni",
          "Ni",
          "O",
          "O",
          "O",
          "O",
          "O",
          "O",
          "O",
          "O",
          "O",
          "O",
          "O",
          "O",
          "O",
          "O",
          "O",
          "O",
          "O",
          "O",
          "O",
          "O",
          "O",
          "O",
          "O",
          "O",
          "O",
          "O",
          "O",
          "O",
          "O",
          "O",
          "W"
        ],
        "Energy": -314.3948249,
        "Forces": [
          [
            -0.061541,
            0.01015,
            0.922735
          ],
          [
            -0.057404,
            0.003502,
            0.953492
          ],
          [
            -0.062409,
            0.021491,
            0.909705
          ],
          [
            -0.061894,
            -0.022416,
            0.842328
          ],
          [
            -0.062622,
            -0.014439,
            0.934824
          ],
          [
            -0.06459,
            0.001817,
            0.905276
          ],
          [
            0.000182,
            -0.016719,
            -0.837951
          ],
          [
            -0.076374,
            0.026754,
            -0.837061
          ],
          [
            0.02035,
            -0.018108,
            -0.812122
          ],
          [
            0.095928,
            0.023785,
            -0.80019
          ],
          [
            -0.018489,
            -0.043778,
            -0.833786
          ],
          [
            0.03275,
            -0.050665,
            -0.815483
          ],
          [
            -0.007587,
            0.003397,
            0.010253
          ],
          [
            -0.003691,
            -0.001932,
            -0.007712
          ],
          [
            0.001683,
            0.011299,
            0.006159
          ],
          [
            0.004942,
            -0.009666,
            -0.026692
          ],
          [
            0.001136,
            0.001509,
            0.006869
          ],
          [
            -0.005807,
            0.002868,
            -0.015915
          ],
          [
            0.000405,
            0.00649,
            -0.016995
          ],
          [
            -0.000327,
            0.003872,
            -0.014675
          ],
          [
            0.003438,
            -0.020407,
            0.018852
          ],
          [
            0.001091,
            -0.000306,
            -0.016811
          ],
          [
            -0.01353,
            -0.008875,
            -0.02522
          ],
          [
            0.000144,
            0.003808,
            -0.001196
          ],
          [
            0.003139,
            0.025916,
            0.002283
          ],
          [
            -0.005205,
            0.002915,
            -0.017012
          ],
          [
            0.004868,
            -0.028279,
            0.095204
          ],
          [
            0.009806,
            0.019704,
            -0.00023
          ],
          [
            0.019052,
            0.030936,
            -0.027009
          ],
          [
            0.026406,
            0.006688,
            0.503014
          ],
          [
            0.03322,
            0.004357,
            0.566184
          ],
          [
            0.015188,
            0.006825,
            0.503138
          ],
          [
            0.00494,
            0.006337,
            0.573982
          ],
          [
            0.039985,
            -0.007672,
            0.48744
          ],
          [
            0.002243,
            -0.007498,
            0.489077
          ],
          [
            0.02164,
            -0.032334,
            -0.574589
          ],
          [
            0.018089,
            -0.038877,
            -0.572905
          ],
          [
            0.023386,
            -0.06255,
            -0.616521
          ],
          [
            0.026636,
            0.167508,
            -0.780953
          ],
          [
            0.019051,
            -0.003952,
            -0.58306
          ],
          [
            0.028019,
            0.02884,
            -0.601144
          ],
          [
            0.014428,
            0.000647,
            -0.008254
          ],
          [
            -0.014932,
            0.009593,
            0.012533
          ],
          [
            -0.018922,
            0.006655,
            -0.000111
          ],
          [
            0.003327,
            0.006154,
            0.016441
          ],
          [
            -0.006548,
            0.009122,
            -0.003469
          ],
          [
            0.005965,
            -0.000949,
            0.005362
          ],
          [
            -0.003467,
            -0.014583,
            -0.021616
          ],
          [
            -0.003032,
            0.010322,
            0.033172
          ],
          [
            -0.010035,
            -0.033892,
            -0.125939
          ],
          [
            -0.002075,
            -0.014219,
            -0.047497
          ],
          [
            -0.000635,
            0.000654,
            -0.012451
          ],
          [
            -0.002047,
            0.018115,
            -0.00269
          ],
          [
            -0.052465,
            0.017597,
            0.09221
          ],
          [
            -0.031642,
            -0.009111,
            0.004803
          ],
          [
            0.062033,
            0.007809,
            0.043735
          ],
          [
            0.03121,
            -0.001986,
            0.014734
          ],
          [
            -0.009848,
            0.004655,
            -0.02895
          ],
          [
            -0.00106,
            -0.00776,
            -0.022662
          ],
          [
            0.083498,
            -0.041117,
            0.155068
          ]
        ],
        "Lattice": [
          [
            8.33,
            0.0,
            0.0
          ],
          [
            0.0,
            8.839539657,
            0.0
          ],
          [
            0.0,
            0.0,
            21.359563785
          ]
        ],
        "NumAtoms": 60,
        "Positions": [
          [
            0.0,
            0.0,
            0.0
          ],
          [
            0.0,
            2.94648,
            0.0
          ],
          [
            4.165,
            0.0,
            0.0
          ],
          [
            4.165,
            2.94648,
            0.0
          ],
          [
            0.0,
            5.89306,
            0.0
          ],
          [
            4.165,
            5.89306,
            0.0
          ],
          [
            2.0825,
            1.47329,
            1.47381
          ],
          [
            2.0825,
            4.41977,
            1.47381
          ],
          [
            6.2475,
            1.47329,
            1.47381
          ],
          [
            6.2475,
            4.41977,
            1.47381
          ],
          [
            2.0825,
            7.36625,
            1.47381
          ],
          [
            6.2475,
            7.36625,
            1.47381
          ],
          [
            -0.00381,
            2.93435,
            2.97261
          ],
          [
            -0.00126,
            5.894,
            2.95991
          ],
          [
            4.16687,
            2.99231,
            2.89892
          ],
          [
            4.16628,
            5.91702,
            2.96417
          ],
          [
            4.16541,
            -0.03696,
            2.96376
          ],
          [
            -0.00355,
            -0.02279,
            2.95726
          ],
          [
            2.10539,
            4.45077,
            4.4445
          ],
          [
            2.08389,
            7.37112,
            4.53354
          ],
          [
            6.2311,
            4.42892,
            4.46877
          ],
          [
            6.25139,
            7.36434,
            4.5262
          ],
          [
            2.01349,
            1.39849,
            4.448
          ],
          [
            6.30234,
            1.40833,
            4.46637
          ],
          [
            0.0174,
            5.80787,
            5.81905
          ],
          [
            0.00612,
            0.0011,
            5.82965
          ],
          [
            4.18923,
            5.88705,
            5.85782
          ],
          [
            4.20313,
            -0.07429,
            6.16954
          ],
          [
            0.28913,
            3.10885,
            5.9635
          ],
          [
            2.0825,
            0.0,
            0.0
          ],
          [
            2.0825,
            2.94648,
            0.0
          ],
          [
            6.2475,
            0.0,
            0.0
          ],
          [
            6.2475,
            2.94648,
            0.0
          ],
          [
            2.0825,
            5.89306,
            0.0
          ],
          [
            6.2475,
            5.89306,
            0.0
          ],
          [
            0.0,
            1.47329,
            1.47381
          ],
          [
            0.0,
            4.41977,
            1.47381
          ],
          [
            4.165,
            1.47329,
            1.47381
          ],
          [
            4.165,
            4.41977,
            1.47381
          ],
          [
            0.0,
            7.36625,
            1.47381
          ],
          [
            4.165,
            7.36625,
            1.47381
          ],
          [
            2.08373,
            -0.00285,
            2.96413
          ],
          [
            2.06862,
            2.93518,
            3.01794
          ],
          [
            6.24183,
            0.00147,
            2.96743
          ],
          [
            6.25554,
            2.93064,
            3.02573
          ],
          [
            2.07389,
            5.89003,
            2.95819
          ],
          [
            6.25554,
            5.88495,
            2.96057
          ],
          [
            -0.01132,
            1.4485,
            4.43078
          ],
          [
            -0.01313,
            4.38481,
            4.43484
          ],
          [
            4.14732,
            1.58292,
            4.28833
          ],
          [
            4.15771,
            4.44553,
            4.4021
          ],
          [
            -0.00031,
            7.33738,
            4.46885
          ],
          [
            4.16483,
            7.4003,
            4.47077
          ],
          [
            2.31317,
            2.92599,
            6.0894
          ],
          [
            2.06819,
            5.84813,
            5.85017
          ],
          [
            5.8821,
            2.94704,
            6.09472
          ],
          [
            6.27476,
            5.84571,
            5.85173
          ],
          [
            2.00282,
            0.02134,
            5.87259
          ],
          [
            6.32537,
            0.01072,
            5.87034
          ],
          [
            4.12226,
            2.46076,
            5.98719
          ]
        ],
        "Stress": [
          [
            -75.53919,
            0.19086,
            0.85558
          ],
          [
            0.19086,
            -14.09191,
            -0.01057
          ],
          [
            0.85558,
            -0.01057,
            -34.0723
          ]
        ],
        "computation_code": "VASP",
        "pseudopotential_information": [
          [
            "PAW_PBE",
            "Ni",
            "02Aug2007"
          ],
          [
            "PAW_PBE",
            "O",
            "08Apr2002"
          ],
          [
            "PAW_PBE",
            "W_sv",
            "04Sep2015"
          ]
        ]
      }
    ],
    "EnergyStyle": "electronvolt",
    "ForcesStyle": "electronvoltperangstrom",
    "LatticeStyle": "angstrom",
    "PositionsStyle": "angstrom",
    "StressStyle": "kB"
  }
}