{
  "Dataset": {
    "AtomTypeStyle": "chemicalsymbol",
    "Data": [
      {
        "AtomTypes": [
          "Ni",
          "Ni",
          "Ni",
          "Ni",
          "Ni",
          "Ni",
          "Ni",
          "Ni",
          "Ni",
          "Ni",
          "Ni",
          "Ni",
          "Ni",
          "Ni",
          "Ni",
          "Ni",
          "Ni",
          "Ni",
          "Ni",
          "Ni",
          "Ni",
          "Ni",
          "Ni",
          "Ni",
          "Ni",
          "Ni",
          "Ni",
          "Ni",
          "Ni",
          "O",
          "O",
          "O",
          "O",
          "O",
          "O",
          "O",
          "O",
          "O",
          "O",
          "O",
          "O",
          "O",
          "O",
          "O",
          "O",
          "O",
          "O",
          "O",
          "O",
          "O",
          "O",
          "O",
          "O",
          "O",
          "O",
          "O",
          "O",
          "O",
          "O",
          "W"
        ],
        "Energy": -316.41257756,
        "Forces": [
          [
            -0.003302,
            0.0,
            0.94404
          ],
          [
            0.007665,
            0.013609,
            0.926882
          ],
          [
            -0.126844,
            0.0,
            0.945596
          ],
          [
            -0.127055,
            0.014626,
            0.935421
          ],
          [
            0.007665,
            -0.013609,
            0.926882
          ],
          [
            -0.127055,
            -0.014626,
            0.935421
          ],
          [
            0.01055,
            0.022919,
            -0.775772
          ],
          [
            0.016031,
            0.0,
            -0.632239
          ],
          [
            0.017523,
            -0.056898,
            -0.916088
          ],
          [
            0.016473,
            0.0,
            -0.90719
          ],
          [
            0.01055,
            -0.022919,
            -0.775772
          ],
          [
            0.017523,
            0.056898,
            -0.916088
          ],
          [
            -0.001839,
            0.000458,
            0.005092
          ],
          [
            -0.001839,
            -0.000458,
            0.005092
          ],
          [
            0.002354,
            -0.00451,
            0.003072
          ],
          [
            0.002354,
            0.00451,
            0.003072
          ],
          [
            0.005264,
            0.0,
            -7e-06
          ],
          [
            -0.004632,
            0.0,
            -0.003262
          ],
          [
            -0.002857,
            0.0,
            -0.003821
          ],
          [
            -0.001039,
            0.00607,
            -0.002725
          ],
          [
            0.001948,
            0.005142,
            -0.003969
          ],
          [
            0.000607,
            3.2e-05,
            0.003482
          ],
          [
            -0.001039,
            -0.00607,
            -0.002725
          ],
          [
            0.000607,
            -3.2e-05,
            0.003482
          ],
          [
            0.003988,
            0.000489,
            -0.001536
          ],
          [
            0.003812,
            0.0,
            -0.005137
          ],
          [
            0.001948,
            -0.005142,
            -0.003969
          ],
          [
            0.003493,
            0.0,
            -0.005191
          ],
          [
            0.003988,
            -0.000489,
            -0.001536
          ],
          [
            0.019439,
            0.0,
            0.428255
          ],
          [
            0.016829,
            -0.008357,
            0.508031
          ],
          [
            0.018132,
            0.0,
            0.523407
          ],
          [
            0.019445,
            -0.004959,
            0.66608
          ],
          [
            0.016829,
            0.008357,
            0.508031
          ],
          [
            0.019445,
            0.004959,
            0.66608
          ],
          [
            -0.064244,
            0.063313,
            -0.68311
          ],
          [
            -0.075765,
            0.0,
            -0.625276
          ],
          [
            0.110808,
            0.066367,
            -0.674193
          ],
          [
            0.131677,
            0.0,
            -0.6152
          ],
          [
            -0.064244,
            -0.063313,
            -0.68311
          ],
          [
            0.110808,
            -0.066367,
            -0.674193
          ],
          [
            0.000848,
            0.0,
            -0.005065
          ],
          [
            -0.001348,
            -0.00225,
            0.000427
          ],
          [
            -0.001181,
            0.0,
            -0.003105
          ],
          [
            0.001705,
            -0.002737,
            -3.4e-05
          ],
          [
            -0.001348,
            0.00225,
            0.000427
          ],
          [
            0.001705,
            0.002737,
            -3.4e-05
          ],
          [
            0.000189,
            -0.001592,
            0.003223
          ],
          [
            -0.000643,
            0.0,
            0.008377
          ],
          [
            0.001078,
            -0.001181,
            0.000987
          ],
          [
            0.001884,
            0.0,
            -0.000342
          ],
          [
            0.000189,
            0.001592,
            0.003223
          ],
          [
            0.001078,
            0.001181,
            0.000987
          ],
          [
            0.003194,
            -0.001949,
            -0.006035
          ],
          [
            0.003194,
            0.001949,
            -0.006035
          ],
          [
            -0.003325,
            -0.005509,
            -0.014605
          ],
          [
            -0.003325,
            0.005509,
            -0.014605
          ],
          [
            0.001068,
            0.0,
            0.005452
          ],
          [
            0.000226,
            0.0,
            -0.005632
          ],
          [
            -0.001196,
            0.0,
            0.007079
          ]
        ],
        "Lattice": [
          [
            8.33,
            0.0,
            0.0
          ],
          [
            0.0,
            8.839539657,
            0.0
          ],
          [
            0.0,
            0.0,
            21.359563785
          ]
        ],
        "NumAtoms": 60,
        "Positions": [
          [
            0.0,
            0.0,
            0.0
          ],
          [
            0.0,
            2.94648,
            0.0
          ],
          [
            4.165,
            0.0,
            0.0
          ],
          [
            4.165,
            2.94648,
            0.0
          ],
          [
            0.0,
            5.89306,
            0.0
          ],
          [
            4.165,
            5.89306,
            0.0
          ],
          [
            2.0825,
            1.47329,
            1.47381
          ],
          [
            2.0825,
            4.41977,
            1.47381
          ],
          [
            6.2475,
            1.47329,
            1.47381
          ],
          [
            6.2475,
            4.41977,
            1.47381
          ],
          [
            2.0825,
            7.36625,
            1.47381
          ],
          [
            6.2475,
            7.36625,
            1.47381
          ],
          [
            0.02828,
            2.92171,
            2.9534
          ],
          [
            0.02828,
            5.91783,
            2.9534
          ],
          [
            4.13947,
            2.92152,
            2.95713
          ],
          [
            4.13947,
            5.91802,
            2.95713
          ],
          [
            4.1506,
            -0.0,
            2.96572
          ],
          [
            0.01027,
            -0.0,
            2.96473
          ],
          [
            2.08836,
            4.41977,
            4.62598
          ],
          [
            2.07811,
            7.36394,
            4.47655
          ],
          [
            3.96403,
            2.56613,
            6.09666
          ],
          [
            6.24596,
            7.43568,
            4.47347
          ],
          [
            2.07811,
            1.4756,
            4.47655
          ],
          [
            6.24596,
            1.40386,
            4.47347
          ],
          [
            0.20282,
            6.27684,
            6.08938
          ],
          [
            0.04756,
            -0.0,
            5.86139
          ],
          [
            3.96403,
            6.27341,
            6.09666
          ],
          [
            4.12138,
            -0.0,
            5.86034
          ],
          [
            0.20282,
            2.5627,
            6.08938
          ],
          [
            2.0825,
            0.0,
            0.0
          ],
          [
            2.0825,
            2.94648,
            0.0
          ],
          [
            6.2475,
            0.0,
            0.0
          ],
          [
            6.2475,
            2.94648,
            0.0
          ],
          [
            2.0825,
            5.89306,
            0.0
          ],
          [
            6.2475,
            5.89306,
            0.0
          ],
          [
            0.0,
            1.47329,
            1.47381
          ],
          [
            0.0,
            4.41977,
            1.47381
          ],
          [
            4.165,
            1.47329,
            1.47381
          ],
          [
            4.165,
            4.41977,
            1.47381
          ],
          [
            0.0,
            7.36625,
            1.47381
          ],
          [
            4.165,
            7.36625,
            1.47381
          ],
          [
            2.08142,
            -0.0,
            2.93289
          ],
          [
            2.08341,
            2.98451,
            3.00848
          ],
          [
            6.24607,
            -0.0,
            2.92538
          ],
          [
            6.24736,
            3.01742,
            3.0612
          ],
          [
            2.08341,
            5.85503,
            3.00848
          ],
          [
            6.24736,
            5.82212,
            3.0612
          ],
          [
            8.28817,
            1.47096,
            4.39395
          ],
          [
            8.11697,
            4.41977,
            4.33587
          ],
          [
            4.2058,
            1.4714,
            4.39676
          ],
          [
            4.37974,
            4.41977,
            4.34118
          ],
          [
            8.28817,
            7.36858,
            4.39395
          ],
          [
            4.2058,
            7.36814,
            4.39676
          ],
          [
            2.08126,
            2.92521,
            5.91175
          ],
          [
            2.08126,
            5.91433,
            5.91175
          ],
          [
            6.24917,
            3.00367,
            5.91925
          ],
          [
            6.24917,
            5.83587,
            5.91925
          ],
          [
            2.08646,
            -0.0,
            5.78969
          ],
          [
            6.25231,
            -0.0,
            5.84648
          ],
          [
            6.24985,
            4.41977,
            4.75453
          ]
        ],
        "Stress": [
          [
            -73.58766,
            0.0,
            0.49098
          ],
          [
            0.0,
            -14.74433,
            0.0
          ],
          [
            0.49098,
            0.0,
            -35.54229
          ]
        ],
        "computation_code": "VASP",
        "pseudopotential_information": [
          [
            "PAW_PBE",
            "Ni",
            "02Aug2007"
          ],
          [
            "PAW_PBE",
            "O",
            "08Apr2002"
          ],
          [
            "PAW_PBE",
            "W_sv",
            "04Sep2015"
          ]
        ]
      }
    ],
    "EnergyStyle": "electronvolt",
    "ForcesStyle": "electronvoltperangstrom",
    "LatticeStyle": "angstrom",
    "PositionsStyle": "angstrom",
    "StressStyle": "kB"
  }
}