{
  "Dataset": {
    "AtomTypeStyle": "chemicalsymbol",
    "Data": [
      {
        "AtomTypes": [
          "Ni",
          "Ni",
          "Ni",
          "Ni",
          "Ni",
          "Ni",
          "Ni",
          "Ni",
          "Ni",
          "Ni",
          "Ni",
          "Ni",
          "Ni",
          "Ni",
          "Ni",
          "Ni",
          "Ni",
          "Ni",
          "Ni",
          "Ni",
          "Ni",
          "Ni",
          "Ni",
          "Ni",
          "Ni",
          "Ni",
          "Ni",
          "Ni",
          "Ni",
          "O",
          "O",
          "O",
          "O",
          "O",
          "O",
          "O",
          "O",
          "O",
          "O",
          "O",
          "O",
          "O",
          "O",
          "O",
          "O",
          "O",
          "O",
          "O",
          "O",
          "O",
          "O",
          "O",
          "O",
          "O",
          "O",
          "O",
          "O",
          "O",
          "W"
        ],
        "Energy": -305.88939331,
        "Forces": [
          [
            -0.055523,
            0.002987,
            0.950306
          ],
          [
            -0.044184,
            0.00056,
            0.946726
          ],
          [
            -0.068225,
            -0.025269,
            0.908186
          ],
          [
            -0.08146,
            -0.001353,
            0.79145
          ],
          [
            -0.055348,
            -0.003338,
            0.949761
          ],
          [
            -0.068243,
            0.02683,
            0.906563
          ],
          [
            -0.025362,
            -0.094812,
            -1.007535
          ],
          [
            -0.029608,
            0.089822,
            -1.008949
          ],
          [
            0.112481,
            -0.072794,
            -0.916862
          ],
          [
            0.116079,
            0.068087,
            -0.918303
          ],
          [
            0.001659,
            0.000805,
            -0.842085
          ],
          [
            0.044148,
            -0.000538,
            -0.767485
          ],
          [
            -0.032719,
            0.002649,
            -0.013357
          ],
          [
            0.01035,
            0.022331,
            -0.045202
          ],
          [
            -0.036311,
            -0.015831,
            -0.010785
          ],
          [
            0.013395,
            0.019213,
            0.019882
          ],
          [
            0.013057,
            -0.003211,
            0.017506
          ],
          [
            0.008495,
            -0.021532,
            -0.049324
          ],
          [
            0.005157,
            0.04376,
            -0.076419
          ],
          [
            0.003272,
            0.007365,
            0.040262
          ],
          [
            0.018852,
            -0.02519,
            -0.053411
          ],
          [
            -0.11195,
            0.005057,
            0.048375
          ],
          [
            0.024067,
            -0.045605,
            -0.072019
          ],
          [
            -0.000642,
            0.024633,
            -0.041459
          ],
          [
            0.008208,
            -0.009021,
            0.008096
          ],
          [
            0.010382,
            0.00212,
            0.005368
          ],
          [
            -0.001008,
            -0.081158,
            0.024583
          ],
          [
            -0.002623,
            0.09118,
            0.028468
          ],
          [
            -0.030913,
            -0.000519,
            -0.024902
          ],
          [
            0.029539,
            0.007867,
            0.489685
          ],
          [
            0.037674,
            0.001003,
            0.53179
          ],
          [
            0.007513,
            0.011111,
            0.490903
          ],
          [
            -0.007888,
            0.000692,
            0.598592
          ],
          [
            0.030231,
            -0.008203,
            0.489548
          ],
          [
            0.006794,
            -0.01106,
            0.491185
          ],
          [
            0.027195,
            0.024796,
            -0.519828
          ],
          [
            0.027918,
            -0.027297,
            -0.522958
          ],
          [
            0.066639,
            -0.081102,
            -0.610786
          ],
          [
            0.064857,
            0.082792,
            -0.608844
          ],
          [
            -0.00066,
            0.000688,
            -0.546222
          ],
          [
            0.059144,
            -0.003793,
            -0.81111
          ],
          [
            0.004694,
            -0.036948,
            -0.008578
          ],
          [
            -0.107489,
            0.00964,
            -0.040056
          ],
          [
            -0.021282,
            -0.034768,
            0.070213
          ],
          [
            -0.022066,
            0.006186,
            0.088429
          ],
          [
            0.013825,
            0.036874,
            -0.005503
          ],
          [
            -0.027359,
            0.039652,
            0.072832
          ],
          [
            0.040091,
            -0.079202,
            0.041554
          ],
          [
            0.035105,
            0.082818,
            0.050016
          ],
          [
            -0.024463,
            0.093085,
            0.06444
          ],
          [
            -0.008232,
            -0.040963,
            0.027603
          ],
          [
            0.026774,
            -0.007862,
            -0.031799
          ],
          [
            -0.051876,
            -0.006822,
            0.018169
          ],
          [
            -0.04904,
            -0.044197,
            0.029058
          ],
          [
            -0.114656,
            0.009655,
            -0.396282
          ],
          [
            0.022547,
            0.030853,
            0.096644
          ],
          [
            -0.061398,
            0.041094,
            0.026262
          ],
          [
            0.03252,
            -0.039886,
            0.094943
          ],
          [
            0.217867,
            -0.063929,
            0.532663
          ]
        ],
        "Lattice": [
          [
            8.33,
            0.0,
            0.0
          ],
          [
            0.0,
            8.839539657,
            0.0
          ],
          [
            0.0,
            0.0,
            21.359563785
          ]
        ],
        "NumAtoms": 59,
        "Positions": [
          [
            0.0,
            0.0,
            0.0
          ],
          [
            0.0,
            2.94648,
            0.0
          ],
          [
            4.165,
            0.0,
            0.0
          ],
          [
            4.165,
            2.94648,
            0.0
          ],
          [
            0.0,
            5.89306,
            0.0
          ],
          [
            4.165,
            5.89306,
            0.0
          ],
          [
            2.0825,
            1.47329,
            1.47381
          ],
          [
            2.0825,
            4.41977,
            1.47381
          ],
          [
            6.2475,
            1.47329,
            1.47381
          ],
          [
            6.2475,
            4.41977,
            1.47381
          ],
          [
            2.0825,
            7.36625,
            1.47381
          ],
          [
            6.2475,
            7.36625,
            1.47381
          ],
          [
            0.00627,
            2.94632,
            2.97036
          ],
          [
            -0.00425,
            5.90862,
            2.97348
          ],
          [
            4.18922,
            2.94704,
            2.87857
          ],
          [
            4.17281,
            5.92914,
            2.96735
          ],
          [
            4.17267,
            8.80169,
            2.96787
          ],
          [
            -0.00375,
            8.82403,
            2.97408
          ],
          [
            2.06453,
            4.4928,
            4.3817
          ],
          [
            2.1391,
            7.36596,
            4.56908
          ],
          [
            6.27863,
            4.46054,
            4.43665
          ],
          [
            6.1934,
            7.36631,
            4.5878
          ],
          [
            2.06409,
            1.40016,
            4.38196
          ],
          [
            6.27943,
            1.4323,
            4.4349
          ],
          [
            8.323,
            5.83111,
            5.81963
          ],
          [
            8.3228,
            0.06371,
            5.82109
          ],
          [
            4.13701,
            5.70598,
            6.01966
          ],
          [
            4.13788,
            0.18781,
            6.01813
          ],
          [
            0.98741,
            2.94709,
            5.77335
          ],
          [
            2.0825,
            0.0,
            0.0
          ],
          [
            2.0825,
            2.94648,
            0.0
          ],
          [
            6.2475,
            0.0,
            0.0
          ],
          [
            6.2475,
            2.94648,
            0.0
          ],
          [
            2.0825,
            5.89306,
            0.0
          ],
          [
            6.2475,
            5.89306,
            0.0
          ],
          [
            0.0,
            1.47329,
            1.47381
          ],
          [
            0.0,
            4.41977,
            1.47381
          ],
          [
            4.165,
            1.47329,
            1.47381
          ],
          [
            4.165,
            4.41977,
            1.47381
          ],
          [
            0.0,
            7.36625,
            1.47381
          ],
          [
            4.165,
            7.36625,
            1.47381
          ],
          [
            2.0734,
            -0.00604,
            2.9514
          ],
          [
            2.11455,
            2.94555,
            2.97417
          ],
          [
            6.26381,
            0.01821,
            2.95158
          ],
          [
            6.25531,
            2.94623,
            3.02967
          ],
          [
            2.07249,
            5.8985,
            2.95094
          ],
          [
            6.26393,
            5.8732,
            2.95174
          ],
          [
            8.32676,
            1.53345,
            4.45689
          ],
          [
            8.32697,
            4.36047,
            4.455
          ],
          [
            4.20046,
            1.55454,
            4.4299
          ],
          [
            4.19948,
            4.33669,
            4.43211
          ],
          [
            -0.01066,
            7.36778,
            4.49009
          ],
          [
            4.17725,
            7.36533,
            4.34493
          ],
          [
            2.02092,
            5.81035,
            5.84835
          ],
          [
            3.89469,
            2.94459,
            7.60068
          ],
          [
            6.30562,
            5.76919,
            5.84997
          ],
          [
            2.02229,
            0.0827,
            5.84855
          ],
          [
            6.30455,
            0.12535,
            5.84985
          ],
          [
            3.79998,
            2.94851,
            5.8679
          ]
        ],
        "Stress": [
          [
            -75.37057,
            0.01787,
            -0.05101
          ],
          [
            0.01787,
            -19.98338,
            -0.06764
          ],
          [
            -0.05101,
            -0.06764,
            -32.77112
          ]
        ],
        "computation_code": "VASP",
        "pseudopotential_information": [
          [
            "PAW_PBE",
            "Ni",
            "02Aug2007"
          ],
          [
            "PAW_PBE",
            "O",
            "08Apr2002"
          ],
          [
            "PAW_PBE",
            "W_sv",
            "04Sep2015"
          ]
        ]
      }
    ],
    "EnergyStyle": "electronvolt",
    "ForcesStyle": "electronvoltperangstrom",
    "LatticeStyle": "angstrom",
    "PositionsStyle": "angstrom",
    "StressStyle": "kB"
  }
}