{
  "Dataset": {
    "AtomTypeStyle": "chemicalsymbol",
    "Data": [
      {
        "AtomTypes": [
          "Ni",
          "Ni",
          "Ni",
          "Ni",
          "Ni",
          "Ni",
          "Ni",
          "Ni",
          "Ni",
          "Ni",
          "Ni",
          "Ni",
          "Ni",
          "Ni",
          "Ni",
          "Ni",
          "Ni",
          "Ni",
          "Ni",
          "Ni",
          "Ni",
          "Ni",
          "Ni",
          "Ni",
          "Ni",
          "Ni",
          "Ni",
          "Ni",
          "Ni",
          "O",
          "O",
          "O",
          "O",
          "O",
          "O",
          "O",
          "O",
          "O",
          "O",
          "O",
          "O",
          "O",
          "O",
          "O",
          "O",
          "O",
          "O",
          "O",
          "O",
          "O",
          "O",
          "O",
          "O",
          "O",
          "O",
          "O",
          "O",
          "O",
          "O",
          "W"
        ],
        "Energy": -314.40534875,
        "Forces": [
          [
            -0.060891,
            0.010981,
            0.920337
          ],
          [
            -0.057357,
            0.003124,
            0.959945
          ],
          [
            -0.063662,
            0.022962,
            0.916614
          ],
          [
            -0.062119,
            -0.026767,
            0.845347
          ],
          [
            -0.062193,
            -0.014633,
            0.936378
          ],
          [
            -0.066014,
            0.004995,
            0.903501
          ],
          [
            0.002226,
            -0.012753,
            -0.840531
          ],
          [
            -0.086173,
            0.028464,
            -0.840855
          ],
          [
            0.011419,
            -0.01092,
            -0.805457
          ],
          [
            0.100806,
            0.019905,
            -0.78735
          ],
          [
            -0.016198,
            -0.04242,
            -0.840924
          ],
          [
            0.027149,
            -0.053175,
            -0.812317
          ],
          [
            -0.005347,
            0.013886,
            0.006668
          ],
          [
            0.000943,
            0.00301,
            0.009005
          ],
          [
            0.006896,
            0.028992,
            -0.20525
          ],
          [
            0.002166,
            0.016267,
            0.053863
          ],
          [
            -0.004901,
            0.000576,
            -0.00627
          ],
          [
            0.002702,
            -0.007143,
            0.002398
          ],
          [
            -0.076474,
            0.161046,
            -0.062661
          ],
          [
            0.021868,
            -0.027402,
            0.009851
          ],
          [
            0.064428,
            0.125069,
            -0.008548
          ],
          [
            -0.028927,
            -0.040469,
            0.02694
          ],
          [
            -0.243281,
            -0.121766,
            -0.1991
          ],
          [
            0.240765,
            -0.098525,
            -0.169062
          ],
          [
            -0.006929,
            0.018723,
            0.012299
          ],
          [
            -0.010562,
            -0.006279,
            -0.017819
          ],
          [
            0.014249,
            0.103217,
            -0.299138
          ],
          [
            0.023219,
            -0.204179,
            -0.005626
          ],
          [
            0.003645,
            0.016487,
            0.005564
          ],
          [
            0.025506,
            0.007938,
            0.498341
          ],
          [
            0.033353,
            0.004837,
            0.570061
          ],
          [
            0.016298,
            0.006935,
            0.501579
          ],
          [
            0.004855,
            0.007184,
            0.577611
          ],
          [
            0.040577,
            -0.0101,
            0.485793
          ],
          [
            0.001662,
            -0.008473,
            0.49033
          ],
          [
            0.018287,
            -0.026001,
            -0.582045
          ],
          [
            0.015371,
            -0.042308,
            -0.573593
          ],
          [
            0.021886,
            -0.050519,
            -0.619324
          ],
          [
            0.026286,
            0.164643,
            -0.798073
          ],
          [
            0.012556,
            -0.006348,
            -0.598561
          ],
          [
            0.033249,
            0.021622,
            -0.603718
          ],
          [
            -0.001698,
            0.004609,
            -0.007065
          ],
          [
            -0.000621,
            3.2e-05,
            -0.000441
          ],
          [
            -0.000769,
            -0.007758,
            -0.016458
          ],
          [
            -0.001947,
            -0.002756,
            -0.018446
          ],
          [
            0.006281,
            -0.004359,
            -0.003336
          ],
          [
            -0.006254,
            -0.000131,
            -0.006666
          ],
          [
            0.007889,
            0.009126,
            -0.01681
          ],
          [
            0.01088,
            -0.019437,
            -0.014112
          ],
          [
            -0.012653,
            0.036718,
            0.092557
          ],
          [
            0.003153,
            0.359416,
            -0.134373
          ],
          [
            -0.000563,
            0.006135,
            -0.007443
          ],
          [
            0.001808,
            -0.087245,
            0.07893
          ],
          [
            -0.028152,
            0.012909,
            0.070324
          ],
          [
            0.128689,
            -0.003428,
            -0.004815
          ],
          [
            -0.248052,
            -0.088057,
            -0.01812
          ],
          [
            -0.124037,
            0.00929,
            -0.003886
          ],
          [
            -0.016956,
            -0.011477,
            -0.000996
          ],
          [
            0.002899,
            -0.023018,
            -0.002876
          ],
          [
            0.358767,
            -0.171252,
            0.957832
          ]
        ],
        "Lattice": [
          [
            8.33,
            0.0,
            0.0
          ],
          [
            0.0,
            8.839539657,
            0.0
          ],
          [
            0.0,
            0.0,
            21.359563785
          ]
        ],
        "NumAtoms": 60,
        "Positions": [
          [
            0.0,
            0.0,
            0.0
          ],
          [
            0.0,
            2.94648,
            0.0
          ],
          [
            4.165,
            0.0,
            0.0
          ],
          [
            4.165,
            2.94648,
            0.0
          ],
          [
            0.0,
            5.89306,
            0.0
          ],
          [
            4.165,
            5.89306,
            0.0
          ],
          [
            2.0825,
            1.47329,
            1.47381
          ],
          [
            2.0825,
            4.41977,
            1.47381
          ],
          [
            6.2475,
            1.47329,
            1.47381
          ],
          [
            6.2475,
            4.41977,
            1.47381
          ],
          [
            2.0825,
            7.36625,
            1.47381
          ],
          [
            6.2475,
            7.36625,
            1.47381
          ],
          [
            -0.00639,
            2.93504,
            2.97627
          ],
          [
            -0.00252,
            5.89315,
            2.95878
          ],
          [
            4.16673,
            2.99509,
            2.89952
          ],
          [
            4.16812,
            5.91487,
            2.96088
          ],
          [
            4.16551,
            -0.0372,
            2.96593
          ],
          [
            -0.00566,
            -0.02317,
            2.95327
          ],
          [
            2.10868,
            4.45411,
            4.44092
          ],
          [
            2.08635,
            7.36931,
            4.53169
          ],
          [
            6.22995,
            4.4251,
            4.47615
          ],
          [
            6.24899,
            7.36019,
            4.52358
          ],
          [
            2.01088,
            1.39646,
            4.44072
          ],
          [
            6.30161,
            1.4072,
            4.46367
          ],
          [
            0.01939,
            5.8142,
            5.82089
          ],
          [
            0.00441,
            0.00038,
            5.82443
          ],
          [
            4.19085,
            5.87751,
            5.86127
          ],
          [
            4.2084,
            -0.07859,
            6.16835
          ],
          [
            0.31564,
            3.12017,
            5.95472
          ],
          [
            2.0825,
            0.0,
            0.0
          ],
          [
            2.0825,
            2.94648,
            0.0
          ],
          [
            6.2475,
            0.0,
            0.0
          ],
          [
            6.2475,
            2.94648,
            0.0
          ],
          [
            2.0825,
            5.89306,
            0.0
          ],
          [
            6.2475,
            5.89306,
            0.0
          ],
          [
            0.0,
            1.47329,
            1.47381
          ],
          [
            0.0,
            4.41977,
            1.47381
          ],
          [
            4.165,
            1.47329,
            1.47381
          ],
          [
            4.165,
            4.41977,
            1.47381
          ],
          [
            0.0,
            7.36625,
            1.47381
          ],
          [
            4.165,
            7.36625,
            1.47381
          ],
          [
            2.08589,
            -0.00413,
            2.96043
          ],
          [
            2.06405,
            2.93812,
            3.02038
          ],
          [
            6.238,
            0.00192,
            2.96656
          ],
          [
            6.25652,
            2.93218,
            3.02995
          ],
          [
            2.07214,
            5.89173,
            2.95683
          ],
          [
            6.25727,
            5.88347,
            2.96208
          ],
          [
            -0.01369,
            1.44348,
            4.42454
          ],
          [
            -0.01554,
            4.38903,
            4.44142
          ],
          [
            4.14398,
            1.58452,
            4.28622
          ],
          [
            4.1575,
            4.44892,
            4.39361
          ],
          [
            -0.00078,
            7.33677,
            4.46461
          ],
          [
            4.16438,
            7.39894,
            4.47501
          ],
          [
            2.3212,
            2.92344,
            6.11531
          ],
          [
            2.06751,
            5.84702,
            5.85068
          ],
          [
            5.88881,
            2.9455,
            6.10712
          ],
          [
            6.276,
            5.84547,
            5.85637
          ],
          [
            1.99983,
            0.02185,
            5.86484
          ],
          [
            6.3248,
            0.00769,
            5.86513
          ],
          [
            4.12263,
            2.44469,
            6.00778
          ]
        ],
        "Stress": [
          [
            -75.09464,
            0.0411,
            0.79605
          ],
          [
            0.0411,
            -12.69594,
            -0.68861
          ],
          [
            0.79605,
            -0.68861,
            -33.06551
          ]
        ],
        "computation_code": "VASP",
        "pseudopotential_information": [
          [
            "PAW_PBE",
            "Ni",
            "02Aug2007"
          ],
          [
            "PAW_PBE",
            "O",
            "08Apr2002"
          ],
          [
            "PAW_PBE",
            "W_sv",
            "04Sep2015"
          ]
        ]
      }
    ],
    "EnergyStyle": "electronvolt",
    "ForcesStyle": "electronvoltperangstrom",
    "LatticeStyle": "angstrom",
    "PositionsStyle": "angstrom",
    "StressStyle": "kB"
  }
}