{
  "Dataset": {
    "AtomTypeStyle": "chemicalsymbol",
    "Data": [
      {
        "AtomTypes": [
          "Ni",
          "Ni",
          "Ni",
          "Ni",
          "Ni",
          "Ni",
          "Ni",
          "Ni",
          "Ni",
          "Ni",
          "Ni",
          "Ni",
          "Ni",
          "Ni",
          "Ni",
          "Ni",
          "Ni",
          "Ni",
          "Ni",
          "Ni",
          "Ni",
          "Ni",
          "Ni",
          "Ni",
          "Ni",
          "Ni",
          "Ni",
          "Ni",
          "Ni",
          "O",
          "O",
          "O",
          "O",
          "O",
          "O",
          "O",
          "O",
          "O",
          "O",
          "O",
          "O",
          "O",
          "O",
          "O",
          "O",
          "O",
          "O",
          "O",
          "O",
          "O",
          "O",
          "O",
          "O",
          "O",
          "O",
          "O",
          "O",
          "O",
          "W"
        ],
        "Energy": -305.92596286,
        "Forces": [
          [
            -0.046893,
            0.006632,
            0.952876
          ],
          [
            -0.031059,
            0.000246,
            0.950303
          ],
          [
            -0.078353,
            -0.023912,
            0.936472
          ],
          [
            -0.09295,
            0.000455,
            0.821526
          ],
          [
            -0.046962,
            -0.006871,
            0.952796
          ],
          [
            -0.078308,
            0.023472,
            0.936674
          ],
          [
            -0.028639,
            -0.115171,
            -1.009963
          ],
          [
            -0.02805,
            0.115169,
            -1.008923
          ],
          [
            0.078733,
            -0.092567,
            -0.843641
          ],
          [
            0.078355,
            0.092972,
            -0.843293
          ],
          [
            0.020035,
            6e-05,
            -0.815672
          ],
          [
            0.020399,
            0.0002,
            -0.698451
          ],
          [
            0.010927,
            0.000942,
            0.015754
          ],
          [
            -0.001276,
            0.017481,
            0.009483
          ],
          [
            -0.018415,
            0.000849,
            -0.00878
          ],
          [
            -0.002784,
            -0.025319,
            -0.009513
          ],
          [
            -0.002388,
            0.02218,
            -0.009019
          ],
          [
            -0.000839,
            -0.017386,
            0.009097
          ],
          [
            -0.030003,
            -0.007191,
            0.010421
          ],
          [
            0.000486,
            -0.001461,
            0.008548
          ],
          [
            0.009027,
            -0.000316,
            0.000252
          ],
          [
            0.017473,
            -0.001326,
            0.015381
          ],
          [
            -0.031766,
            0.007599,
            0.010437
          ],
          [
            0.010918,
            -1.8e-05,
            -0.000224
          ],
          [
            -0.005441,
            0.007732,
            0.009506
          ],
          [
            -0.006912,
            -0.007341,
            0.011031
          ],
          [
            0.01155,
            0.017008,
            0.006617
          ],
          [
            0.012602,
            -0.017275,
            0.005539
          ],
          [
            -0.044183,
            -0.000319,
            0.018775
          ],
          [
            0.025356,
            0.007504,
            0.483979
          ],
          [
            0.032452,
            0.000321,
            0.513832
          ],
          [
            0.013402,
            0.013523,
            0.506292
          ],
          [
            0.000956,
            0.000186,
            0.617603
          ],
          [
            0.025273,
            -0.007817,
            0.484276
          ],
          [
            0.013465,
            -0.013768,
            0.506273
          ],
          [
            -0.014624,
            0.012453,
            -0.510539
          ],
          [
            -0.014213,
            -0.012634,
            -0.510059
          ],
          [
            0.081655,
            -0.074165,
            -0.559482
          ],
          [
            0.081455,
            0.074327,
            -0.559585
          ],
          [
            -0.025912,
            5.8e-05,
            -0.541514
          ],
          [
            0.074958,
            0.000808,
            -0.77067
          ],
          [
            0.010723,
            -0.019099,
            -0.007204
          ],
          [
            -0.024292,
            0.000864,
            -0.019948
          ],
          [
            0.000298,
            -0.012206,
            0.000312
          ],
          [
            0.026507,
            -0.00126,
            -0.015498
          ],
          [
            0.009856,
            0.019297,
            -0.009109
          ],
          [
            0.001164,
            0.013067,
            -0.00121
          ],
          [
            0.006794,
            0.014955,
            -0.008653
          ],
          [
            0.005405,
            -0.015287,
            -0.009479
          ],
          [
            0.010553,
            -0.006575,
            -0.002118
          ],
          [
            0.0086,
            0.003559,
            0.001131
          ],
          [
            0.0124,
            0.000858,
            -0.000375
          ],
          [
            -0.009955,
            0.000194,
            -0.011609
          ],
          [
            0.001223,
            -0.001686,
            0.007949
          ],
          [
            -0.017289,
            -0.000573,
            0.074875
          ],
          [
            -0.000491,
            -0.014619,
            -0.010679
          ],
          [
            0.001078,
            0.000922,
            0.009786
          ],
          [
            -0.001061,
            0.014801,
            -0.011177
          ],
          [
            -0.031019,
            0.00547,
            -0.081413
          ]
        ],
        "Lattice": [
          [
            8.33,
            0.0,
            0.0
          ],
          [
            0.0,
            8.839539657,
            0.0
          ],
          [
            0.0,
            0.0,
            21.359563785
          ]
        ],
        "NumAtoms": 59,
        "Positions": [
          [
            0.0,
            0.0,
            0.0
          ],
          [
            0.0,
            2.94648,
            0.0
          ],
          [
            4.165,
            0.0,
            0.0
          ],
          [
            4.165,
            2.94648,
            0.0
          ],
          [
            0.0,
            5.89306,
            0.0
          ],
          [
            4.165,
            5.89306,
            0.0
          ],
          [
            2.0825,
            1.47329,
            1.47381
          ],
          [
            2.0825,
            4.41977,
            1.47381
          ],
          [
            6.2475,
            1.47329,
            1.47381
          ],
          [
            6.2475,
            4.41977,
            1.47381
          ],
          [
            2.0825,
            7.36625,
            1.47381
          ],
          [
            6.2475,
            7.36625,
            1.47381
          ],
          [
            -0.00504,
            2.94646,
            2.97182
          ],
          [
            -0.00504,
            5.91308,
            2.97537
          ],
          [
            4.18222,
            2.94656,
            2.8901
          ],
          [
            4.17295,
            5.93623,
            2.98139
          ],
          [
            4.17287,
            8.79676,
            2.98117
          ],
          [
            -0.00516,
            8.81944,
            2.97531
          ],
          [
            2.07456,
            4.49004,
            4.37033
          ],
          [
            2.13879,
            7.36645,
            4.59594
          ],
          [
            6.27722,
            4.46281,
            4.44621
          ],
          [
            6.17244,
            7.36648,
            4.62188
          ],
          [
            2.07453,
            1.40308,
            4.37001
          ],
          [
            6.277,
            1.43035,
            4.44623
          ],
          [
            8.3251,
            5.82558,
            5.83043
          ],
          [
            8.32524,
            0.06746,
            5.83007
          ],
          [
            4.13803,
            5.64434,
            6.04227
          ],
          [
            4.13785,
            0.24832,
            6.04266
          ],
          [
            0.97889,
            2.94647,
            5.75706
          ],
          [
            2.0825,
            0.0,
            0.0
          ],
          [
            2.0825,
            2.94648,
            0.0
          ],
          [
            6.2475,
            0.0,
            0.0
          ],
          [
            6.2475,
            2.94648,
            0.0
          ],
          [
            2.0825,
            5.89306,
            0.0
          ],
          [
            6.2475,
            5.89306,
            0.0
          ],
          [
            0.0,
            1.47329,
            1.47381
          ],
          [
            0.0,
            4.41977,
            1.47381
          ],
          [
            4.165,
            1.47329,
            1.47381
          ],
          [
            4.165,
            4.41977,
            1.47381
          ],
          [
            0.0,
            7.36625,
            1.47381
          ],
          [
            4.165,
            7.36625,
            1.47381
          ],
          [
            2.0732,
            -0.01164,
            2.95351
          ],
          [
            2.09882,
            2.94645,
            2.96353
          ],
          [
            6.25712,
            0.01474,
            2.96761
          ],
          [
            6.24653,
            2.94667,
            3.0486
          ],
          [
            2.07339,
            5.90469,
            2.95384
          ],
          [
            6.25708,
            5.87836,
            2.96778
          ],
          [
            -0.00171,
            1.52078,
            4.45723
          ],
          [
            -0.00144,
            4.37225,
            4.4575
          ],
          [
            4.19424,
            1.56591,
            4.44927
          ],
          [
            4.19442,
            4.32709,
            4.44924
          ],
          [
            -0.01156,
            7.36618,
            4.50228
          ],
          [
            4.16473,
            7.3666,
            4.36664
          ],
          [
            2.02294,
            5.7895,
            5.86056
          ],
          [
            3.69813,
            2.94566,
            7.64555
          ],
          [
            6.30355,
            5.76509,
            5.88056
          ],
          [
            2.02293,
            0.10391,
            5.86021
          ],
          [
            6.30367,
            0.12813,
            5.88063
          ],
          [
            3.79863,
            2.94604,
            5.92222
          ]
        ],
        "Stress": [
          [
            -76.59579,
            0.00064,
            0.06373
          ],
          [
            0.00064,
            -21.05662,
            0.00139
          ],
          [
            0.06373,
            0.00139,
            -34.10893
          ]
        ],
        "computation_code": "VASP",
        "pseudopotential_information": [
          [
            "PAW_PBE",
            "Ni",
            "02Aug2007"
          ],
          [
            "PAW_PBE",
            "O",
            "08Apr2002"
          ],
          [
            "PAW_PBE",
            "W_sv",
            "04Sep2015"
          ]
        ]
      }
    ],
    "EnergyStyle": "electronvolt",
    "ForcesStyle": "electronvoltperangstrom",
    "LatticeStyle": "angstrom",
    "PositionsStyle": "angstrom",
    "StressStyle": "kB"
  }
}