{
  "Dataset": {
    "AtomTypeStyle": "chemicalsymbol",
    "Data": [
      {
        "AtomTypes": [
          "Ni",
          "Ni",
          "Ni",
          "Ni",
          "Ni",
          "Ni",
          "Ni",
          "Ni",
          "Ni",
          "Ni",
          "Ni",
          "Ni",
          "Ni",
          "Ni",
          "Ni",
          "Ni",
          "Ni",
          "Ni",
          "Ni",
          "Ni",
          "Ni",
          "Ni",
          "Ni",
          "Ni",
          "Ni",
          "Ni",
          "Ni",
          "Ni",
          "Ni",
          "O",
          "O",
          "O",
          "O",
          "O",
          "O",
          "O",
          "O",
          "O",
          "O",
          "O",
          "O",
          "O",
          "O",
          "O",
          "O",
          "O",
          "O",
          "O",
          "O",
          "O",
          "O",
          "O",
          "O",
          "O",
          "O",
          "O",
          "O",
          "O",
          "O",
          "W"
        ],
        "Energy": -314.36055396,
        "Forces": [
          [
            -0.061402,
            0.006483,
            0.919388
          ],
          [
            -0.057431,
            -0.002747,
            0.961021
          ],
          [
            -0.061133,
            0.014037,
            0.912758
          ],
          [
            -0.060116,
            -0.027221,
            0.848618
          ],
          [
            -0.061737,
            -0.01783,
            0.938181
          ],
          [
            -0.06268,
            -7.1e-05,
            0.910434
          ],
          [
            0.005224,
            0.006711,
            -0.819572
          ],
          [
            -0.070308,
            0.037818,
            -0.803124
          ],
          [
            0.026802,
            0.007276,
            -0.822143
          ],
          [
            0.099572,
            0.036219,
            -0.797942
          ],
          [
            -0.009487,
            -0.045689,
            -0.812391
          ],
          [
            0.029706,
            -0.049292,
            -0.814967
          ],
          [
            0.003702,
            0.004708,
            0.015968
          ],
          [
            -0.000134,
            0.011443,
            -0.000513
          ],
          [
            -0.00178,
            0.000519,
            -0.019794
          ],
          [
            0.003187,
            -0.04469,
            0.050019
          ],
          [
            0.000828,
            -0.012861,
            0.007712
          ],
          [
            -0.000582,
            0.001309,
            0.00209
          ],
          [
            0.046686,
            0.042601,
            0.054581
          ],
          [
            0.051278,
            -0.041019,
            0.020171
          ],
          [
            -0.044425,
            0.057285,
            0.050403
          ],
          [
            -0.055783,
            -0.042326,
            0.021737
          ],
          [
            -0.019499,
            0.014913,
            0.002064
          ],
          [
            0.023283,
            0.005065,
            -0.006211
          ],
          [
            0.001362,
            0.036437,
            0.001793
          ],
          [
            0.001221,
            -0.00013,
            -0.023765
          ],
          [
            -0.002757,
            0.010977,
            -0.312403
          ],
          [
            -0.003926,
            0.019092,
            -0.015784
          ],
          [
            0.083825,
            -0.004225,
            0.008258
          ],
          [
            0.027438,
            0.000352,
            0.500594
          ],
          [
            0.034162,
            -0.003352,
            0.56718
          ],
          [
            0.015554,
            0.0007,
            0.498977
          ],
          [
            0.005473,
            -0.002097,
            0.570877
          ],
          [
            0.040074,
            -0.013233,
            0.486547
          ],
          [
            0.003761,
            -0.013357,
            0.487133
          ],
          [
            0.026611,
            -0.008973,
            -0.576344
          ],
          [
            0.023759,
            -0.031269,
            -0.573319
          ],
          [
            0.026714,
            -0.036791,
            -0.594555
          ],
          [
            0.026443,
            0.172189,
            -0.782331
          ],
          [
            0.024197,
            -0.001375,
            -0.589517
          ],
          [
            0.024694,
            0.035468,
            -0.607066
          ],
          [
            0.006051,
            8e-05,
            -0.020721
          ],
          [
            -0.000667,
            -0.013499,
            0.011998
          ],
          [
            -0.002972,
            0.005186,
            -0.014381
          ],
          [
            0.000545,
            -0.01398,
            0.020319
          ],
          [
            -0.012413,
            0.001964,
            -0.004348
          ],
          [
            0.014424,
            -0.003499,
            0.002297
          ],
          [
            -0.003219,
            -0.011324,
            -0.006149
          ],
          [
            -0.007437,
            -0.005983,
            0.000686
          ],
          [
            0.0031,
            -0.037841,
            -0.170082
          ],
          [
            0.000416,
            0.056417,
            0.053406
          ],
          [
            0.00076,
            0.001588,
            -0.003673
          ],
          [
            0.002896,
            -0.071068,
            0.065333
          ],
          [
            0.088649,
            -0.052297,
            -0.027722
          ],
          [
            0.094735,
            -0.000209,
            0.006627
          ],
          [
            -0.097601,
            -0.035503,
            -0.006309
          ],
          [
            -0.088954,
            -0.00552,
            0.009322
          ],
          [
            -0.005383,
            -0.014193,
            -0.002203
          ],
          [
            0.010234,
            -0.016116,
            -0.002076
          ],
          [
            -0.085538,
            0.092743,
            0.222915
          ]
        ],
        "Lattice": [
          [
            8.33,
            0.0,
            0.0
          ],
          [
            0.0,
            8.839539657,
            0.0
          ],
          [
            0.0,
            0.0,
            21.359563785
          ]
        ],
        "NumAtoms": 60,
        "Positions": [
          [
            0.0,
            0.0,
            0.0
          ],
          [
            0.0,
            2.94648,
            0.0
          ],
          [
            4.165,
            0.0,
            0.0
          ],
          [
            4.165,
            2.94648,
            0.0
          ],
          [
            0.0,
            5.89306,
            0.0
          ],
          [
            4.165,
            5.89306,
            0.0
          ],
          [
            2.0825,
            1.47329,
            1.47381
          ],
          [
            2.0825,
            4.41977,
            1.47381
          ],
          [
            6.2475,
            1.47329,
            1.47381
          ],
          [
            6.2475,
            4.41977,
            1.47381
          ],
          [
            2.0825,
            7.36625,
            1.47381
          ],
          [
            6.2475,
            7.36625,
            1.47381
          ],
          [
            -0.00021,
            2.94511,
            2.97742
          ],
          [
            -8e-05,
            5.89493,
            2.96057
          ],
          [
            4.16807,
            2.99972,
            2.90236
          ],
          [
            4.16442,
            5.91819,
            2.96478
          ],
          [
            4.1651,
            -0.03117,
            2.96298
          ],
          [
            -0.00084,
            -0.01627,
            2.95181
          ],
          [
            2.09716,
            4.44776,
            4.4669
          ],
          [
            2.08411,
            7.37643,
            4.52709
          ],
          [
            6.23553,
            4.44015,
            4.4728
          ],
          [
            6.2489,
            7.37226,
            4.52089
          ],
          [
            2.021,
            1.41596,
            4.45372
          ],
          [
            6.30486,
            1.41752,
            4.45795
          ],
          [
            0.01394,
            5.83105,
            5.82077
          ],
          [
            0.00925,
            0.01289,
            5.81911
          ],
          [
            4.18462,
            5.90446,
            5.86383
          ],
          [
            4.19153,
            -0.04557,
            6.15956
          ],
          [
            0.11948,
            3.09034,
            5.98471
          ],
          [
            2.0825,
            0.0,
            0.0
          ],
          [
            2.0825,
            2.94648,
            0.0
          ],
          [
            6.2475,
            0.0,
            0.0
          ],
          [
            6.2475,
            2.94648,
            0.0
          ],
          [
            2.0825,
            5.89306,
            0.0
          ],
          [
            6.2475,
            5.89306,
            0.0
          ],
          [
            0.0,
            1.47329,
            1.47381
          ],
          [
            0.0,
            4.41977,
            1.47381
          ],
          [
            4.165,
            1.47329,
            1.47381
          ],
          [
            4.165,
            4.41977,
            1.47381
          ],
          [
            0.0,
            7.36625,
            1.47381
          ],
          [
            4.165,
            7.36625,
            1.47381
          ],
          [
            2.08851,
            0.00449,
            2.96461
          ],
          [
            2.07066,
            2.94386,
            3.02244
          ],
          [
            6.23894,
            0.00619,
            2.96427
          ],
          [
            6.25883,
            2.94177,
            3.02445
          ],
          [
            2.07579,
            5.88923,
            2.96174
          ],
          [
            6.2532,
            5.8879,
            2.96108
          ],
          [
            -0.00454,
            1.45839,
            4.42293
          ],
          [
            -0.00633,
            4.40036,
            4.4436
          ],
          [
            4.15747,
            1.59784,
            4.30006
          ],
          [
            4.16192,
            4.44722,
            4.41349
          ],
          [
            -0.00108,
            7.34662,
            4.46057
          ],
          [
            4.16412,
            7.40286,
            4.4676
          ],
          [
            2.32742,
            2.93651,
            6.10068
          ],
          [
            2.06612,
            5.85934,
            5.85559
          ],
          [
            5.94041,
            2.94518,
            6.10311
          ],
          [
            6.27225,
            5.85837,
            5.85509
          ],
          [
            2.00575,
            0.02868,
            5.86217
          ],
          [
            6.325,
            0.02098,
            5.85822
          ],
          [
            4.14847,
            2.49622,
            5.9888
          ]
        ],
        "Stress": [
          [
            -79.65493,
            0.06508,
            0.66231
          ],
          [
            0.06508,
            -15.46769,
            -0.47821
          ],
          [
            0.66231,
            -0.47821,
            -35.10223
          ]
        ],
        "computation_code": "VASP",
        "pseudopotential_information": [
          [
            "PAW_PBE",
            "Ni",
            "02Aug2007"
          ],
          [
            "PAW_PBE",
            "O",
            "08Apr2002"
          ],
          [
            "PAW_PBE",
            "W_sv",
            "04Sep2015"
          ]
        ]
      }
    ],
    "EnergyStyle": "electronvolt",
    "ForcesStyle": "electronvoltperangstrom",
    "LatticeStyle": "angstrom",
    "PositionsStyle": "angstrom",
    "StressStyle": "kB"
  }
}