{
  "Dataset": {
    "AtomTypeStyle": "chemicalsymbol",
    "Data": [
      {
        "AtomTypes": [
          "Ni",
          "Ni",
          "Ni",
          "Ni",
          "Ni",
          "Ni",
          "Ni",
          "Ni",
          "Ni",
          "Ni",
          "Ni",
          "Ni",
          "Ni",
          "Ni",
          "Ni",
          "Ni",
          "Ni",
          "Ni",
          "Ni",
          "Ni",
          "Ni",
          "Ni",
          "Ni",
          "Ni",
          "Ni",
          "Ni",
          "Ni",
          "Ni",
          "Ni",
          "O",
          "O",
          "O",
          "O",
          "O",
          "O",
          "O",
          "O",
          "O",
          "O",
          "O",
          "O",
          "O",
          "O",
          "O",
          "O",
          "O",
          "O",
          "O",
          "O",
          "O",
          "O",
          "O",
          "O",
          "O",
          "O",
          "O",
          "O",
          "O",
          "W"
        ],
        "Energy": -306.73614479,
        "Forces": [
          [
            0.005396,
            0.007807,
            0.895474
          ],
          [
            0.036138,
            0.000159,
            0.818555
          ],
          [
            -0.132526,
            0.016503,
            0.879795
          ],
          [
            -0.147508,
            -0.004146,
            0.805552
          ],
          [
            0.018192,
            -0.012506,
            0.873981
          ],
          [
            -0.134454,
            -0.016175,
            0.870658
          ],
          [
            0.007693,
            -0.043607,
            -0.796747
          ],
          [
            0.018565,
            -0.014849,
            -0.808357
          ],
          [
            0.023776,
            -0.119035,
            -0.81691
          ],
          [
            0.010949,
            -0.018344,
            -0.952013
          ],
          [
            0.009142,
            0.064639,
            -0.828071
          ],
          [
            0.01823,
            0.11858,
            -0.925202
          ],
          [
            0.001499,
            -0.001932,
            0.002549
          ],
          [
            0.00056,
            0.003311,
            -0.002093
          ],
          [
            -0.000833,
            0.003237,
            0.004042
          ],
          [
            -0.000108,
            0.001243,
            0.000564
          ],
          [
            0.000776,
            4e-05,
            0.000722
          ],
          [
            0.00094,
            6.3e-05,
            0.00537
          ],
          [
            -0.00097,
            -0.002599,
            0.005341
          ],
          [
            -0.003771,
            0.006437,
            0.003002
          ],
          [
            0.005653,
            0.004485,
            0.002284
          ],
          [
            -0.005306,
            0.00533,
            0.009604
          ],
          [
            0.006002,
            0.005854,
            0.005597
          ],
          [
            -0.000278,
            0.017746,
            0.001795
          ],
          [
            -0.004787,
            0.006679,
            -0.02028
          ],
          [
            0.002012,
            -0.007957,
            -0.042217
          ],
          [
            0.003091,
            -0.00243,
            -0.00102
          ],
          [
            0.0021,
            0.00543,
            -0.004987
          ],
          [
            0.009366,
            -0.003445,
            -0.025322
          ],
          [
            0.016105,
            -0.003081,
            0.475785
          ],
          [
            0.00825,
            -0.004712,
            0.512868
          ],
          [
            0.024292,
            0.016114,
            0.564337
          ],
          [
            0.024071,
            0.008445,
            0.753135
          ],
          [
            0.013659,
            0.008453,
            0.519341
          ],
          [
            0.022804,
            0.008217,
            0.691973
          ],
          [
            -0.116949,
            -0.001539,
            -0.632914
          ],
          [
            -0.123342,
            0.002577,
            -0.564668
          ],
          [
            0.158068,
            -0.016627,
            -0.624687
          ],
          [
            0.169024,
            0.0091,
            -0.572925
          ],
          [
            -0.115546,
            -0.041998,
            -0.567743
          ],
          [
            0.154043,
            -0.037187,
            -0.56433
          ],
          [
            0.001641,
            -0.00012,
            -0.001009
          ],
          [
            0.000502,
            0.000835,
            -0.002498
          ],
          [
            0.000195,
            0.004207,
            -0.002357
          ],
          [
            -0.00106,
            0.00824,
            0.001565
          ],
          [
            -0.000648,
            0.00207,
            -0.000818
          ],
          [
            0.001525,
            0.001409,
            -0.000106
          ],
          [
            0.001983,
            -0.003319,
            0.017486
          ],
          [
            0.002848,
            -0.00478,
            0.002777
          ],
          [
            0.001367,
            0.005083,
            0.005056
          ],
          [
            0.015939,
            -0.001325,
            0.0045
          ],
          [
            0.002445,
            0.010741,
            0.013396
          ],
          [
            0.001602,
            0.001238,
            0.004539
          ],
          [
            -0.004678,
            0.00144,
            -0.00123
          ],
          [
            0.015807,
            -0.008098,
            -0.005589
          ],
          [
            -0.011167,
            0.002098,
            0.000985
          ],
          [
            -0.003878,
            0.000799,
            -1.2e-05
          ],
          [
            0.014855,
            0.003071,
            0.003913
          ],
          [
            -0.023294,
            0.008135,
            0.007566
          ]
        ],
        "Lattice": [
          [
            8.33,
            0.0,
            0.0
          ],
          [
            0.0,
            8.839539657,
            0.0
          ],
          [
            0.0,
            0.0,
            21.359563785
          ]
        ],
        "NumAtoms": 59,
        "Positions": [
          [
            0.0,
            0.0,
            0.0
          ],
          [
            0.0,
            2.94648,
            0.0
          ],
          [
            4.165,
            0.0,
            0.0
          ],
          [
            4.165,
            2.94648,
            0.0
          ],
          [
            0.0,
            5.89306,
            0.0
          ],
          [
            4.165,
            5.89306,
            0.0
          ],
          [
            2.0825,
            1.47329,
            1.47381
          ],
          [
            2.0825,
            4.41977,
            1.47381
          ],
          [
            6.2475,
            1.47329,
            1.47381
          ],
          [
            6.2475,
            4.41977,
            1.47381
          ],
          [
            2.0825,
            7.36625,
            1.47381
          ],
          [
            6.2475,
            7.36625,
            1.47381
          ],
          [
            0.02935,
            2.90884,
            2.93497
          ],
          [
            0.02707,
            5.90953,
            2.94947
          ],
          [
            4.13919,
            2.90495,
            2.93328
          ],
          [
            4.13932,
            5.91432,
            2.94853
          ],
          [
            4.16092,
            0.00544,
            2.97263
          ],
          [
            0.00276,
            0.00467,
            2.97175
          ],
          [
            2.09283,
            4.45593,
            4.53205
          ],
          [
            2.08105,
            7.37303,
            4.47268
          ],
          [
            6.24689,
            7.43891,
            4.45426
          ],
          [
            2.08492,
            1.48151,
            4.50434
          ],
          [
            6.25239,
            1.50282,
            4.5793
          ],
          [
            0.19818,
            6.18245,
            6.07751
          ],
          [
            4.09056,
            3.02932,
            5.83491
          ],
          [
            0.05078,
            8.76725,
            5.93394
          ],
          [
            3.98521,
            6.16927,
            6.08751
          ],
          [
            4.12788,
            8.7692,
            5.93055
          ],
          [
            0.06991,
            3.03255,
            5.83288
          ],
          [
            2.0825,
            0.0,
            0.0
          ],
          [
            2.0825,
            2.94648,
            0.0
          ],
          [
            6.2475,
            0.0,
            0.0
          ],
          [
            6.2475,
            2.94648,
            0.0
          ],
          [
            2.0825,
            5.89306,
            0.0
          ],
          [
            6.2475,
            5.89306,
            0.0
          ],
          [
            0.0,
            1.47329,
            1.47381
          ],
          [
            0.0,
            4.41977,
            1.47381
          ],
          [
            4.165,
            1.47329,
            1.47381
          ],
          [
            4.165,
            4.41977,
            1.47381
          ],
          [
            0.0,
            7.36625,
            1.47381
          ],
          [
            4.165,
            7.36625,
            1.47381
          ],
          [
            2.08138,
            8.83559,
            2.95237
          ],
          [
            2.08286,
            2.97123,
            2.97723
          ],
          [
            6.24728,
            0.00524,
            2.94468
          ],
          [
            6.24696,
            3.01311,
            3.10539
          ],
          [
            2.08159,
            5.87879,
            2.98693
          ],
          [
            6.24654,
            5.80035,
            3.06325
          ],
          [
            8.30947,
            1.46882,
            4.43106
          ],
          [
            8.19652,
            4.3882,
            4.3535
          ],
          [
            4.19322,
            1.46561,
            4.43225
          ],
          [
            4.28547,
            4.38867,
            4.34144
          ],
          [
            8.27705,
            7.34097,
            4.40753
          ],
          [
            4.21674,
            7.34237,
            4.41132
          ],
          [
            2.08776,
            5.92061,
            5.88155
          ],
          [
            6.245,
            5.67074,
            6.05588
          ],
          [
            2.08849,
            0.00182,
            5.83939
          ],
          [
            2.07847,
            2.98337,
            5.85768
          ],
          [
            6.25459,
            8.83181,
            5.87435
          ],
          [
            6.23912,
            4.39444,
            4.7723
          ]
        ],
        "Stress": [
          [
            -71.18229,
            -0.05393,
            0.52533
          ],
          [
            -0.05393,
            -16.15734,
            0.24252
          ],
          [
            0.52533,
            0.24252,
            -34.44656
          ]
        ],
        "computation_code": "VASP",
        "pseudopotential_information": [
          [
            "PAW_PBE",
            "Ni",
            "02Aug2007"
          ],
          [
            "PAW_PBE",
            "O",
            "08Apr2002"
          ],
          [
            "PAW_PBE",
            "W_sv",
            "04Sep2015"
          ]
        ]
      }
    ],
    "EnergyStyle": "electronvolt",
    "ForcesStyle": "electronvoltperangstrom",
    "LatticeStyle": "angstrom",
    "PositionsStyle": "angstrom",
    "StressStyle": "kB"
  }
}