{
  "Dataset": {
    "AtomTypeStyle": "chemicalsymbol",
    "Data": [
      {
        "AtomTypes": [
          "Ni",
          "Ni",
          "Ni",
          "Ni",
          "Ni",
          "Ni",
          "Ni",
          "Ni",
          "Ni",
          "Ni",
          "Ni",
          "Ni",
          "Ni",
          "Ni",
          "Ni",
          "Ni",
          "Ni",
          "Ni",
          "Ni",
          "Ni",
          "Ni",
          "Ni",
          "Ni",
          "Ni",
          "Ni",
          "Ni",
          "Ni",
          "Ni",
          "Ni",
          "O",
          "O",
          "O",
          "O",
          "O",
          "O",
          "O",
          "O",
          "O",
          "O",
          "O",
          "O",
          "O",
          "O",
          "O",
          "O",
          "O",
          "O",
          "O",
          "O",
          "O",
          "O",
          "O",
          "O",
          "O",
          "O",
          "O",
          "O",
          "O",
          "W"
        ],
        "Energy": -305.92553952,
        "Forces": [
          [
            -0.046608,
            0.007126,
            0.952509
          ],
          [
            -0.030459,
            0.000232,
            0.952155
          ],
          [
            -0.078862,
            -0.023887,
            0.933554
          ],
          [
            -0.093357,
            0.000622,
            0.8204
          ],
          [
            -0.046706,
            -0.007393,
            0.952466
          ],
          [
            -0.078799,
            0.023234,
            0.933879
          ],
          [
            -0.032272,
            -0.112952,
            -1.014954
          ],
          [
            -0.031253,
            0.113333,
            -1.013775
          ],
          [
            0.079739,
            -0.091376,
            -0.84537
          ],
          [
            0.078986,
            0.092223,
            -0.844757
          ],
          [
            0.018917,
            4e-06,
            -0.821649
          ],
          [
            0.021752,
            0.000124,
            -0.70212
          ],
          [
            0.018689,
            0.000668,
            -0.000325
          ],
          [
            0.00109,
            0.014667,
            0.003656
          ],
          [
            -0.010828,
            0.003118,
            -0.01358
          ],
          [
            -0.00036,
            -0.018454,
            0.007557
          ],
          [
            -2.3e-05,
            0.01312,
            0.007824
          ],
          [
            0.002308,
            -0.014571,
            0.00374
          ],
          [
            -0.020337,
            0.000468,
            0.014521
          ],
          [
            0.018454,
            -0.001789,
            0.011659
          ],
          [
            -0.00187,
            0.004281,
            0.005104
          ],
          [
            0.001806,
            -0.002185,
            0.012174
          ],
          [
            -0.025914,
            -5.9e-05,
            0.013903
          ],
          [
            0.0023,
            -0.004436,
            0.003583
          ],
          [
            -0.003621,
            -0.009011,
            0.014217
          ],
          [
            -0.004446,
            0.01022,
            0.016221
          ],
          [
            0.012964,
            0.017586,
            0.012233
          ],
          [
            0.013897,
            -0.019807,
            0.011292
          ],
          [
            -0.054421,
            -0.001036,
            0.033309
          ],
          [
            0.026045,
            0.007354,
            0.482781
          ],
          [
            0.033187,
            0.000248,
            0.512939
          ],
          [
            0.012457,
            0.013755,
            0.50609
          ],
          [
            0.000178,
            0.000112,
            0.618261
          ],
          [
            0.025902,
            -0.007675,
            0.483118
          ],
          [
            0.012578,
            -0.014013,
            0.506029
          ],
          [
            -0.016584,
            0.013017,
            -0.510004
          ],
          [
            -0.016177,
            -0.012912,
            -0.509362
          ],
          [
            0.082608,
            -0.071976,
            -0.559698
          ],
          [
            0.08245,
            0.071711,
            -0.559822
          ],
          [
            -0.025926,
            6.3e-05,
            -0.543176
          ],
          [
            0.075613,
            0.001239,
            -0.775039
          ],
          [
            0.005047,
            -0.020849,
            -0.001949
          ],
          [
            -0.018526,
            4.7e-05,
            -0.016298
          ],
          [
            -0.001192,
            -0.007372,
            0.004386
          ],
          [
            0.022114,
            -0.002087,
            -0.013277
          ],
          [
            0.003623,
            0.021169,
            -0.004604
          ],
          [
            0.001009,
            0.008225,
            0.002358
          ],
          [
            0.00345,
            0.008381,
            -0.001596
          ],
          [
            0.00183,
            -0.008693,
            -0.002511
          ],
          [
            0.0169,
            -0.002952,
            -0.012731
          ],
          [
            0.013273,
            -0.004759,
            -0.006086
          ],
          [
            0.011079,
            0.001141,
            -0.000813
          ],
          [
            -0.005192,
            0.001522,
            -0.027714
          ],
          [
            -0.009204,
            -0.004244,
            -0.001248
          ],
          [
            -0.011914,
            -0.001187,
            -0.010244
          ],
          [
            0.007227,
            -0.018763,
            -0.019311
          ],
          [
            -0.008398,
            0.003795,
            7.2e-05
          ],
          [
            0.00537,
            0.019694,
            -0.019573
          ],
          [
            -0.039593,
            0.011941,
            0.019596
          ]
        ],
        "Lattice": [
          [
            8.33,
            0.0,
            0.0
          ],
          [
            0.0,
            8.839539657,
            0.0
          ],
          [
            0.0,
            0.0,
            21.359563785
          ]
        ],
        "NumAtoms": 59,
        "Positions": [
          [
            0.0,
            0.0,
            0.0
          ],
          [
            0.0,
            2.94648,
            0.0
          ],
          [
            4.165,
            0.0,
            0.0
          ],
          [
            4.165,
            2.94648,
            0.0
          ],
          [
            0.0,
            5.89306,
            0.0
          ],
          [
            4.165,
            5.89306,
            0.0
          ],
          [
            2.0825,
            1.47329,
            1.47381
          ],
          [
            2.0825,
            4.41977,
            1.47381
          ],
          [
            6.2475,
            1.47329,
            1.47381
          ],
          [
            6.2475,
            4.41977,
            1.47381
          ],
          [
            2.0825,
            7.36625,
            1.47381
          ],
          [
            6.2475,
            7.36625,
            1.47381
          ],
          [
            -0.00596,
            2.9465,
            2.97319
          ],
          [
            -0.00514,
            5.91313,
            2.97496
          ],
          [
            4.18128,
            2.94646,
            2.89036
          ],
          [
            4.17288,
            5.93615,
            2.97986
          ],
          [
            4.17281,
            8.79697,
            2.97963
          ],
          [
            -0.00534,
            8.81945,
            2.97485
          ],
          [
            2.07406,
            4.49069,
            4.36933
          ],
          [
            2.13737,
            7.36646,
            4.59491
          ],
          [
            6.27834,
            4.46322,
            4.44592
          ],
          [
            6.17298,
            7.36653,
            4.62152
          ],
          [
            2.07418,
            1.40244,
            4.369
          ],
          [
            6.27801,
            1.43,
            4.44602
          ],
          [
            8.32498,
            5.82753,
            5.82975
          ],
          [
            8.32511,
            0.06545,
            5.82926
          ],
          [
            4.13752,
            5.64572,
            6.04067
          ],
          [
            4.13734,
            0.2471,
            6.04114
          ],
          [
            0.98353,
            2.94654,
            5.75573
          ],
          [
            2.0825,
            0.0,
            0.0
          ],
          [
            2.0825,
            2.94648,
            0.0
          ],
          [
            6.2475,
            0.0,
            0.0
          ],
          [
            6.2475,
            2.94648,
            0.0
          ],
          [
            2.0825,
            5.89306,
            0.0
          ],
          [
            6.2475,
            5.89306,
            0.0
          ],
          [
            0.0,
            1.47329,
            1.47381
          ],
          [
            0.0,
            4.41977,
            1.47381
          ],
          [
            4.165,
            1.47329,
            1.47381
          ],
          [
            4.165,
            4.41977,
            1.47381
          ],
          [
            0.0,
            7.36625,
            1.47381
          ],
          [
            4.165,
            7.36625,
            1.47381
          ],
          [
            2.0738,
            -0.01153,
            2.95228
          ],
          [
            2.09786,
            2.94653,
            2.96285
          ],
          [
            6.25723,
            0.01427,
            2.96711
          ],
          [
            6.24646,
            2.94673,
            3.04877
          ],
          [
            2.07405,
            5.90462,
            2.95268
          ],
          [
            6.25711,
            5.87892,
            2.9673
          ],
          [
            -0.00097,
            1.52061,
            4.45679
          ],
          [
            -0.00069,
            4.37245,
            4.45711
          ],
          [
            4.19397,
            1.56508,
            4.44895
          ],
          [
            4.19428,
            4.32795,
            4.44889
          ],
          [
            -0.01136,
            7.36613,
            4.50059
          ],
          [
            4.16401,
            7.36656,
            4.36736
          ],
          [
            2.02302,
            5.79021,
            5.8606
          ],
          [
            3.70213,
            2.94565,
            7.6451
          ],
          [
            6.30341,
            5.7659,
            5.88066
          ],
          [
            2.02299,
            0.10319,
            5.86031
          ],
          [
            6.30361,
            0.12727,
            5.8807
          ],
          [
            3.79978,
            2.94574,
            5.91986
          ]
        ],
        "Stress": [
          [
            -76.53252,
            -0.0006,
            0.04982
          ],
          [
            -0.0006,
            -20.99475,
            0.00762
          ],
          [
            0.04982,
            0.00762,
            -34.14467
          ]
        ],
        "computation_code": "VASP",
        "pseudopotential_information": [
          [
            "PAW_PBE",
            "Ni",
            "02Aug2007"
          ],
          [
            "PAW_PBE",
            "O",
            "08Apr2002"
          ],
          [
            "PAW_PBE",
            "W_sv",
            "04Sep2015"
          ]
        ]
      }
    ],
    "EnergyStyle": "electronvolt",
    "ForcesStyle": "electronvoltperangstrom",
    "LatticeStyle": "angstrom",
    "PositionsStyle": "angstrom",
    "StressStyle": "kB"
  }
}