{
  "Dataset": {
    "AtomTypeStyle": "chemicalsymbol",
    "Data": [
      {
        "AtomTypes": [
          "Ni",
          "Ni",
          "Ni",
          "Ni",
          "Ni",
          "Ni",
          "Ni",
          "Ni",
          "Ni",
          "Ni",
          "Ni",
          "Ni",
          "Ni",
          "Ni",
          "Ni",
          "Ni",
          "Ni",
          "Ni",
          "Ni",
          "Ni",
          "Ni",
          "Ni",
          "Ni",
          "Ni",
          "Ni",
          "Ni",
          "Ni",
          "Ni",
          "Ni",
          "O",
          "O",
          "O",
          "O",
          "O",
          "O",
          "O",
          "O",
          "O",
          "O",
          "O",
          "O",
          "O",
          "O",
          "O",
          "O",
          "O",
          "O",
          "O",
          "O",
          "O",
          "O",
          "O",
          "O",
          "O",
          "O",
          "O",
          "O",
          "O",
          "O",
          "W"
        ],
        "Energy": -314.39105517,
        "Forces": [
          [
            -0.061557,
            0.008069,
            0.924411
          ],
          [
            -0.057271,
            0.002748,
            0.951671
          ],
          [
            -0.062102,
            0.020988,
            0.913643
          ],
          [
            -0.061715,
            -0.024039,
            0.846873
          ],
          [
            -0.062539,
            -0.015558,
            0.936369
          ],
          [
            -0.064266,
            -0.000136,
            0.911556
          ],
          [
            0.004435,
            -0.019335,
            -0.827914
          ],
          [
            -0.071446,
            0.026974,
            -0.82943
          ],
          [
            0.017581,
            -0.021962,
            -0.807517
          ],
          [
            0.092123,
            0.025028,
            -0.799159
          ],
          [
            -0.017453,
            -0.045291,
            -0.822666
          ],
          [
            0.032623,
            -0.051243,
            -0.810018
          ],
          [
            -0.002138,
            0.016114,
            0.054925
          ],
          [
            -0.002085,
            -0.002744,
            0.006599
          ],
          [
            0.001977,
            0.011007,
            0.004509
          ],
          [
            0.004039,
            -0.026527,
            -0.077348
          ],
          [
            0.001296,
            0.005237,
            -0.003081
          ],
          [
            -0.005913,
            0.010701,
            -0.002995
          ],
          [
            -0.045825,
            0.004557,
            0.003712
          ],
          [
            -0.036222,
            0.023219,
            -0.035905
          ],
          [
            0.054724,
            -0.012065,
            0.022449
          ],
          [
            0.036361,
            0.019704,
            -0.041009
          ],
          [
            0.001949,
            0.008398,
            -0.030954
          ],
          [
            -0.001461,
            0.009566,
            -0.024207
          ],
          [
            0.006196,
            0.06534,
            0.003533
          ],
          [
            -0.002232,
            0.002015,
            -0.037324
          ],
          [
            0.000228,
            -0.041382,
            0.273102
          ],
          [
            0.005684,
            0.117062,
            -0.016739
          ],
          [
            -0.016739,
            0.044473,
            -0.050795
          ],
          [
            0.025607,
            0.00486,
            0.501613
          ],
          [
            0.031983,
            0.002533,
            0.563332
          ],
          [
            0.016366,
            0.005289,
            0.501121
          ],
          [
            0.006586,
            0.004443,
            0.570827
          ],
          [
            0.039289,
            -0.008395,
            0.485529
          ],
          [
            0.00335,
            -0.00854,
            0.48646
          ],
          [
            0.022549,
            -0.035089,
            -0.582717
          ],
          [
            0.01901,
            -0.040943,
            -0.583069
          ],
          [
            0.024205,
            -0.064238,
            -0.631702
          ],
          [
            0.027175,
            0.169806,
            -0.779861
          ],
          [
            0.020896,
            -0.005821,
            -0.592214
          ],
          [
            0.027024,
            0.027489,
            -0.606912
          ],
          [
            0.013838,
            -0.006949,
            -0.026953
          ],
          [
            -0.028114,
            0.005387,
            -0.003047
          ],
          [
            -0.016768,
            0.005021,
            -0.011023
          ],
          [
            0.012237,
            0.003135,
            0.012208
          ],
          [
            -0.002069,
            0.017277,
            -0.02048
          ],
          [
            0.000259,
            0.00139,
            -0.001758
          ],
          [
            -0.013577,
            -0.02192,
            -0.035106
          ],
          [
            -0.006742,
            -0.026765,
            0.023746
          ],
          [
            -0.009772,
            0.087601,
            0.096794
          ],
          [
            0.001978,
            -0.060562,
            -0.087332
          ],
          [
            -0.001945,
            0.005342,
            -0.013578
          ],
          [
            0.001106,
            0.036467,
            -0.017975
          ],
          [
            0.197562,
            -0.052075,
            0.084934
          ],
          [
            -0.062676,
            -0.024696,
            0.004597
          ],
          [
            -0.000846,
            -0.014374,
            0.058847
          ],
          [
            0.06096,
            -0.021968,
            0.011629
          ],
          [
            -0.000343,
            -0.006944,
            -0.016928
          ],
          [
            -0.005356,
            -0.020744,
            -0.012879
          ],
          [
            -0.092026,
            -0.116937,
            -0.014394
          ]
        ],
        "Lattice": [
          [
            8.33,
            0.0,
            0.0
          ],
          [
            0.0,
            8.839539657,
            0.0
          ],
          [
            0.0,
            0.0,
            21.359563785
          ]
        ],
        "NumAtoms": 60,
        "Positions": [
          [
            0.0,
            0.0,
            0.0
          ],
          [
            0.0,
            2.94648,
            0.0
          ],
          [
            4.165,
            0.0,
            0.0
          ],
          [
            4.165,
            2.94648,
            0.0
          ],
          [
            0.0,
            5.89306,
            0.0
          ],
          [
            4.165,
            5.89306,
            0.0
          ],
          [
            2.0825,
            1.47329,
            1.47381
          ],
          [
            2.0825,
            4.41977,
            1.47381
          ],
          [
            6.2475,
            1.47329,
            1.47381
          ],
          [
            6.2475,
            4.41977,
            1.47381
          ],
          [
            2.0825,
            7.36625,
            1.47381
          ],
          [
            6.2475,
            7.36625,
            1.47381
          ],
          [
            -0.00339,
            2.93411,
            2.96976
          ],
          [
            -0.00102,
            5.89416,
            2.95961
          ],
          [
            4.16678,
            2.99214,
            2.89901
          ],
          [
            4.16588,
            5.91874,
            2.96609
          ],
          [
            4.16533,
            -0.03688,
            2.96397
          ],
          [
            -0.003,
            -0.02301,
            2.95709
          ],
          [
            2.10575,
            4.44881,
            4.4448
          ],
          [
            2.08414,
            7.37144,
            4.53413
          ],
          [
            6.2303,
            4.42908,
            4.46617
          ],
          [
            6.25119,
            7.36522,
            4.52693
          ],
          [
            2.01396,
            1.39929,
            4.45047
          ],
          [
            6.30282,
            1.40804,
            4.46696
          ],
          [
            0.01689,
            5.80561,
            5.81892
          ],
          [
            0.00655,
            0.00178,
            5.83111
          ],
          [
            4.18875,
            5.88927,
            5.85679
          ],
          [
            4.20207,
            -0.07698,
            6.1702
          ],
          [
            0.28048,
            3.10525,
            5.96759
          ],
          [
            2.0825,
            0.0,
            0.0
          ],
          [
            2.0825,
            2.94648,
            0.0
          ],
          [
            6.2475,
            0.0,
            0.0
          ],
          [
            6.2475,
            2.94648,
            0.0
          ],
          [
            2.0825,
            5.89306,
            0.0
          ],
          [
            6.2475,
            5.89306,
            0.0
          ],
          [
            0.0,
            1.47329,
            1.47381
          ],
          [
            0.0,
            4.41977,
            1.47381
          ],
          [
            4.165,
            1.47329,
            1.47381
          ],
          [
            4.165,
            4.41977,
            1.47381
          ],
          [
            0.0,
            7.36625,
            1.47381
          ],
          [
            4.165,
            7.36625,
            1.47381
          ],
          [
            2.08323,
            -0.0022,
            2.96554
          ],
          [
            2.07028,
            2.93531,
            3.0182
          ],
          [
            6.24261,
            0.00139,
            2.96786
          ],
          [
            6.25503,
            2.93104,
            3.02494
          ],
          [
            2.07415,
            5.88904,
            2.95936
          ],
          [
            6.25537,
            5.88497,
            2.96063
          ],
          [
            -0.01026,
            1.45018,
            4.43224
          ],
          [
            -0.01239,
            4.38699,
            4.43392
          ],
          [
            4.14849,
            1.57883,
            4.2837
          ],
          [
            4.15785,
            4.44574,
            4.40425
          ],
          [
            -0.00024,
            7.3375,
            4.46914
          ],
          [
            4.16471,
            7.40172,
            4.46844
          ],
          [
            2.30447,
            2.92913,
            6.08505
          ],
          [
            2.06695,
            5.84999,
            5.85017
          ],
          [
            5.88719,
            2.94836,
            6.09226
          ],
          [
            6.27576,
            5.8474,
            5.85127
          ],
          [
            2.00307,
            0.02204,
            5.87298
          ],
          [
            6.32563,
            0.01236,
            5.87042
          ],
          [
            4.12481,
            2.46761,
            5.988
          ]
        ],
        "Stress": [
          [
            -75.62065,
            0.23858,
            0.86006
          ],
          [
            0.23858,
            -13.81242,
            -0.18998
          ],
          [
            0.86006,
            -0.18998,
            -34.01268
          ]
        ],
        "computation_code": "VASP",
        "pseudopotential_information": [
          [
            "PAW_PBE",
            "Ni",
            "02Aug2007"
          ],
          [
            "PAW_PBE",
            "O",
            "08Apr2002"
          ],
          [
            "PAW_PBE",
            "W_sv",
            "04Sep2015"
          ]
        ]
      }
    ],
    "EnergyStyle": "electronvolt",
    "ForcesStyle": "electronvoltperangstrom",
    "LatticeStyle": "angstrom",
    "PositionsStyle": "angstrom",
    "StressStyle": "kB"
  }
}