{
  "Dataset": {
    "AtomTypeStyle": "chemicalsymbol",
    "Data": [
      {
        "AtomTypes": [
          "Ni",
          "Ni",
          "Ni",
          "Ni",
          "Ni",
          "Ni",
          "Ni",
          "Ni",
          "Ni",
          "Ni",
          "Ni",
          "Ni",
          "Ni",
          "Ni",
          "Ni",
          "Ni",
          "Ni",
          "Ni",
          "Ni",
          "Ni",
          "Ni",
          "Ni",
          "Ni",
          "Ni",
          "Ni",
          "Ni",
          "Ni",
          "Ni",
          "Ni",
          "O",
          "O",
          "O",
          "O",
          "O",
          "O",
          "O",
          "O",
          "O",
          "O",
          "O",
          "O",
          "O",
          "O",
          "O",
          "O",
          "O",
          "O",
          "O",
          "O",
          "O",
          "O",
          "O",
          "O",
          "O",
          "O",
          "O",
          "O",
          "O",
          "W"
        ],
        "Energy": -306.73622005,
        "Forces": [
          [
            0.005341,
            0.007589,
            0.895393
          ],
          [
            0.036134,
            0.000567,
            0.818477
          ],
          [
            -0.132422,
            0.016322,
            0.879685
          ],
          [
            -0.147388,
            -0.003665,
            0.805441
          ],
          [
            0.0181,
            -0.012482,
            0.874098
          ],
          [
            -0.134258,
            -0.016281,
            0.870701
          ],
          [
            0.007824,
            -0.043249,
            -0.797123
          ],
          [
            0.018602,
            -0.014408,
            -0.80871
          ],
          [
            0.023919,
            -0.118588,
            -0.817056
          ],
          [
            0.010865,
            -0.017672,
            -0.95126
          ],
          [
            0.009106,
            0.065162,
            -0.829249
          ],
          [
            0.018428,
            0.118213,
            -0.924868
          ],
          [
            0.000634,
            0.001129,
            -0.003928
          ],
          [
            -0.001306,
            0.001212,
            -0.002343
          ],
          [
            0.000482,
            0.005498,
            -0.002132
          ],
          [
            0.002638,
            -0.000206,
            -0.000109
          ],
          [
            0.001258,
            -0.000678,
            -0.001061
          ],
          [
            0.000109,
            -0.000712,
            -0.004138
          ],
          [
            0.000206,
            0.009534,
            -0.006862
          ],
          [
            0.003789,
            -0.002716,
            -0.003806
          ],
          [
            0.000184,
            -0.004475,
            -0.006625
          ],
          [
            0.001879,
            0.001891,
            -0.004319
          ],
          [
            0.000362,
            0.004141,
            -0.003888
          ],
          [
            0.000742,
            -0.001552,
            0.003625
          ],
          [
            0.0064,
            0.008009,
            0.019371
          ],
          [
            0.002767,
            0.004734,
            0.024911
          ],
          [
            0.001991,
            -0.003584,
            -0.000973
          ],
          [
            0.001219,
            0.004641,
            0.006668
          ],
          [
            -0.004512,
            0.004191,
            0.019704
          ],
          [
            0.016235,
            -0.002642,
            0.475694
          ],
          [
            0.008329,
            -0.004989,
            0.51308
          ],
          [
            0.024259,
            0.016617,
            0.564104
          ],
          [
            0.024106,
            0.008146,
            0.753249
          ],
          [
            0.013704,
            0.008404,
            0.51874
          ],
          [
            0.022878,
            0.008225,
            0.69114
          ],
          [
            -0.116761,
            -0.001534,
            -0.632776
          ],
          [
            -0.123086,
            0.002432,
            -0.564635
          ],
          [
            0.15807,
            -0.016734,
            -0.624635
          ],
          [
            0.168644,
            0.00886,
            -0.573657
          ],
          [
            -0.115116,
            -0.040907,
            -0.568032
          ],
          [
            0.153854,
            -0.035539,
            -0.564906
          ],
          [
            0.001261,
            0.001741,
            0.000648
          ],
          [
            -0.000371,
            -0.000271,
            -0.002099
          ],
          [
            0.000143,
            0.005841,
            -0.001359
          ],
          [
            0.000814,
            0.004389,
            -0.000962
          ],
          [
            -0.0014,
            0.000878,
            0.003031
          ],
          [
            0.002454,
            0.001578,
            0.003717
          ],
          [
            0.000451,
            0.001845,
            -0.012072
          ],
          [
            0.003079,
            0.004714,
            -0.007035
          ],
          [
            0.00134,
            -0.003484,
            -0.007333
          ],
          [
            0.010255,
            0.006081,
            -0.003561
          ],
          [
            0.00237,
            -0.004707,
            -0.005091
          ],
          [
            0.000109,
            0.00043,
            0.001649
          ],
          [
            -0.00385,
            0.002569,
            -0.001038
          ],
          [
            0.011516,
            -0.002863,
            -0.002131
          ],
          [
            0.007428,
            0.001975,
            -0.001108
          ],
          [
            -0.000952,
            -0.000477,
            0.000572
          ],
          [
            -0.005746,
            0.004667,
            0.003327
          ],
          [
            -0.017112,
            0.012191,
            -0.006143
          ]
        ],
        "Lattice": [
          [
            8.33,
            0.0,
            0.0
          ],
          [
            0.0,
            8.839539657,
            0.0
          ],
          [
            0.0,
            0.0,
            21.359563785
          ]
        ],
        "NumAtoms": 59,
        "Positions": [
          [
            0.0,
            0.0,
            0.0
          ],
          [
            0.0,
            2.94648,
            0.0
          ],
          [
            4.165,
            0.0,
            0.0
          ],
          [
            4.165,
            2.94648,
            0.0
          ],
          [
            0.0,
            5.89306,
            0.0
          ],
          [
            4.165,
            5.89306,
            0.0
          ],
          [
            2.0825,
            1.47329,
            1.47381
          ],
          [
            2.0825,
            4.41977,
            1.47381
          ],
          [
            6.2475,
            1.47329,
            1.47381
          ],
          [
            6.2475,
            4.41977,
            1.47381
          ],
          [
            2.0825,
            7.36625,
            1.47381
          ],
          [
            6.2475,
            7.36625,
            1.47381
          ],
          [
            0.02925,
            2.90873,
            2.93492
          ],
          [
            0.02718,
            5.90971,
            2.94949
          ],
          [
            4.13917,
            2.90484,
            2.93322
          ],
          [
            4.13912,
            5.91465,
            2.94846
          ],
          [
            4.161,
            0.00562,
            2.97267
          ],
          [
            0.00286,
            0.00484,
            2.97179
          ],
          [
            2.09256,
            4.45602,
            4.53221
          ],
          [
            2.08116,
            7.37341,
            4.47269
          ],
          [
            6.24708,
            7.43947,
            4.45446
          ],
          [
            2.0849,
            1.48186,
            4.50456
          ],
          [
            6.25254,
            1.50339,
            4.57951
          ],
          [
            0.19824,
            6.18301,
            6.07767
          ],
          [
            4.09038,
            3.02981,
            5.83451
          ],
          [
            0.05097,
            8.76718,
            5.93359
          ],
          [
            3.9853,
            6.16896,
            6.08749
          ],
          [
            4.12813,
            8.76975,
            5.93026
          ],
          [
            0.07014,
            3.03253,
            5.83243
          ],
          [
            2.0825,
            0.0,
            0.0
          ],
          [
            2.0825,
            2.94648,
            0.0
          ],
          [
            6.2475,
            0.0,
            0.0
          ],
          [
            6.2475,
            2.94648,
            0.0
          ],
          [
            2.0825,
            5.89306,
            0.0
          ],
          [
            6.2475,
            5.89306,
            0.0
          ],
          [
            0.0,
            1.47329,
            1.47381
          ],
          [
            0.0,
            4.41977,
            1.47381
          ],
          [
            4.165,
            1.47329,
            1.47381
          ],
          [
            4.165,
            4.41977,
            1.47381
          ],
          [
            0.0,
            7.36625,
            1.47381
          ],
          [
            4.165,
            7.36625,
            1.47381
          ],
          [
            2.08151,
            8.83558,
            2.9523
          ],
          [
            2.08287,
            2.9714,
            2.97731
          ],
          [
            6.24732,
            0.00524,
            2.94456
          ],
          [
            6.24686,
            3.01345,
            3.10562
          ],
          [
            2.08161,
            5.87903,
            2.98657
          ],
          [
            6.24644,
            5.80061,
            3.06281
          ],
          [
            8.30956,
            1.46887,
            4.43123
          ],
          [
            8.1961,
            4.3882,
            4.35332
          ],
          [
            4.19335,
            1.46588,
            4.43241
          ],
          [
            4.28573,
            4.38902,
            4.34114
          ],
          [
            8.27709,
            7.34107,
            4.40747
          ],
          [
            4.217,
            7.34239,
            4.41154
          ],
          [
            2.08766,
            5.92075,
            5.88141
          ],
          [
            6.24688,
            5.67075,
            6.0563
          ],
          [
            2.08863,
            0.00219,
            5.83951
          ],
          [
            2.07838,
            2.98374,
            5.85783
          ],
          [
            6.25473,
            8.83212,
            5.87442
          ],
          [
            6.2388,
            4.3949,
            4.77248
          ]
        ],
        "Stress": [
          [
            -70.79197,
            -0.05798,
            0.52293
          ],
          [
            -0.05798,
            -15.79471,
            0.24293
          ],
          [
            0.52293,
            0.24293,
            -34.14718
          ]
        ],
        "computation_code": "VASP",
        "pseudopotential_information": [
          [
            "PAW_PBE",
            "Ni",
            "02Aug2007"
          ],
          [
            "PAW_PBE",
            "O",
            "08Apr2002"
          ],
          [
            "PAW_PBE",
            "W_sv",
            "04Sep2015"
          ]
        ]
      }
    ],
    "EnergyStyle": "electronvolt",
    "ForcesStyle": "electronvoltperangstrom",
    "LatticeStyle": "angstrom",
    "PositionsStyle": "angstrom",
    "StressStyle": "kB"
  }
}