{
  "Dataset": {
    "AtomTypeStyle": "chemicalsymbol",
    "Data": [
      {
        "AtomTypes": [
          "Ni",
          "Ni",
          "Ni",
          "Ni",
          "Ni",
          "Ni",
          "Ni",
          "Ni",
          "Ni",
          "Ni",
          "Ni",
          "Ni",
          "Ni",
          "Ni",
          "Ni",
          "Ni",
          "Ni",
          "Ni",
          "Ni",
          "Ni",
          "Ni",
          "Ni",
          "Ni",
          "Ni",
          "Ni",
          "Ni",
          "Ni",
          "Ni",
          "Ni",
          "O",
          "O",
          "O",
          "O",
          "O",
          "O",
          "O",
          "O",
          "O",
          "O",
          "O",
          "O",
          "O",
          "O",
          "O",
          "O",
          "O",
          "O",
          "O",
          "O",
          "O",
          "O",
          "O",
          "O",
          "O",
          "O",
          "O",
          "O",
          "O",
          "O",
          "W"
        ],
        "Energy": -314.36169762,
        "Forces": [
          [
            -0.062003,
            0.008901,
            0.91917
          ],
          [
            -0.058052,
            -0.000745,
            0.961827
          ],
          [
            -0.061709,
            0.016219,
            0.912847
          ],
          [
            -0.060707,
            -0.025391,
            0.848401
          ],
          [
            -0.062258,
            -0.015526,
            0.938198
          ],
          [
            -0.063247,
            0.002649,
            0.910312
          ],
          [
            0.004657,
            0.011204,
            -0.819605
          ],
          [
            -0.071711,
            0.04024,
            -0.802033
          ],
          [
            0.026688,
            0.011904,
            -0.823313
          ],
          [
            0.100232,
            0.038856,
            -0.798048
          ],
          [
            -0.00947,
            -0.04276,
            -0.812843
          ],
          [
            0.02874,
            -0.046203,
            -0.816089
          ],
          [
            0.00081,
            -0.004193,
            -0.00163
          ],
          [
            -0.000975,
            0.010986,
            -0.004409
          ],
          [
            -0.003939,
            -0.005048,
            -0.018045
          ],
          [
            0.002346,
            -0.030798,
            0.018022
          ],
          [
            0.000347,
            -0.012747,
            0.009831
          ],
          [
            -0.001856,
            -0.003694,
            0.003525
          ],
          [
            0.030464,
            0.018209,
            0.013625
          ],
          [
            0.02444,
            -0.02057,
            0.011199
          ],
          [
            -0.024605,
            0.026941,
            0.010992
          ],
          [
            -0.025938,
            -0.021116,
            0.009503
          ],
          [
            -0.014824,
            0.001512,
            0.005111
          ],
          [
            0.014944,
            -0.008068,
            -0.002503
          ],
          [
            0.003963,
            0.00792,
            -0.001256
          ],
          [
            0.00049,
            -0.005736,
            -0.007803
          ],
          [
            -0.001489,
            -0.008304,
            -0.118145
          ],
          [
            0.00206,
            0.026783,
            -0.005858
          ],
          [
            0.1156,
            0.003997,
            -0.000363
          ],
          [
            0.026826,
            0.002534,
            0.500511
          ],
          [
            0.033756,
            -0.000994,
            0.567595
          ],
          [
            0.015002,
            0.002877,
            0.498947
          ],
          [
            0.004696,
            0.000249,
            0.571241
          ],
          [
            0.039555,
            -0.011163,
            0.486875
          ],
          [
            0.00311,
            -0.011274,
            0.487547
          ],
          [
            0.026153,
            -0.004328,
            -0.575094
          ],
          [
            0.023294,
            -0.02804,
            -0.571704
          ],
          [
            0.026224,
            -0.03308,
            -0.593251
          ],
          [
            0.02581,
            0.175103,
            -0.781889
          ],
          [
            0.023622,
            0.001383,
            -0.588503
          ],
          [
            0.024102,
            0.036915,
            -0.605031
          ],
          [
            0.003026,
            0.000562,
            -0.016079
          ],
          [
            0.000132,
            -0.009734,
            0.012243
          ],
          [
            -0.001182,
            0.00503,
            -0.009817
          ],
          [
            -0.001222,
            -0.010225,
            0.021893
          ],
          [
            -0.012295,
            0.001961,
            -0.001352
          ],
          [
            0.013388,
            -0.002976,
            0.004404
          ],
          [
            -0.005233,
            -0.007833,
            -3.6e-05
          ],
          [
            -0.009595,
            -0.002949,
            0.005064
          ],
          [
            0.001325,
            -0.032521,
            -0.146568
          ],
          [
            -0.001083,
            0.009978,
            0.006576
          ],
          [
            8.6e-05,
            0.000332,
            -0.000918
          ],
          [
            0.001487,
            -0.017591,
            0.016703
          ],
          [
            0.061153,
            -0.03732,
            -0.026485
          ],
          [
            0.021055,
            0.002389,
            0.007358
          ],
          [
            -0.029977,
            -0.009198,
            -8.3e-05
          ],
          [
            -0.018051,
            -0.004759,
            0.010758
          ],
          [
            -0.007447,
            -0.012328,
            -0.000763
          ],
          [
            0.010909,
            -0.012499,
            0.000116
          ],
          [
            -0.131625,
            0.034078,
            0.179125
          ]
        ],
        "Lattice": [
          [
            8.33,
            0.0,
            0.0
          ],
          [
            0.0,
            8.839539657,
            0.0
          ],
          [
            0.0,
            0.0,
            21.359563785
          ]
        ],
        "NumAtoms": 60,
        "Positions": [
          [
            0.0,
            0.0,
            0.0
          ],
          [
            0.0,
            2.94648,
            0.0
          ],
          [
            4.165,
            0.0,
            0.0
          ],
          [
            4.165,
            2.94648,
            0.0
          ],
          [
            0.0,
            5.89306,
            0.0
          ],
          [
            4.165,
            5.89306,
            0.0
          ],
          [
            2.0825,
            1.47329,
            1.47381
          ],
          [
            2.0825,
            4.41977,
            1.47381
          ],
          [
            6.2475,
            1.47329,
            1.47381
          ],
          [
            6.2475,
            4.41977,
            1.47381
          ],
          [
            2.0825,
            7.36625,
            1.47381
          ],
          [
            6.2475,
            7.36625,
            1.47381
          ],
          [
            -3e-05,
            2.94585,
            2.97817
          ],
          [
            -5e-05,
            5.8951,
            2.96066
          ],
          [
            4.16815,
            3.0002,
            2.90237
          ],
          [
            4.16437,
            5.9177,
            2.96484
          ],
          [
            4.16509,
            -0.03094,
            2.96296
          ],
          [
            -0.00075,
            -0.01584,
            2.95156
          ],
          [
            2.09687,
            4.44815,
            4.46854
          ],
          [
            2.08437,
            7.37648,
            4.52673
          ],
          [
            6.23563,
            4.44118,
            4.47373
          ],
          [
            6.24845,
            7.3724,
            4.52061
          ],
          [
            2.02123,
            1.41702,
            4.45375
          ],
          [
            6.30507,
            1.41825,
            4.45739
          ],
          [
            0.01377,
            5.833,
            5.8209
          ],
          [
            0.00937,
            0.01352,
            5.81812
          ],
          [
            4.18441,
            5.90528,
            5.86262
          ],
          [
            4.1909,
            -0.04301,
            6.1587
          ],
          [
            0.11007,
            3.08954,
            5.98568
          ],
          [
            2.0825,
            0.0,
            0.0
          ],
          [
            2.0825,
            2.94648,
            0.0
          ],
          [
            6.2475,
            0.0,
            0.0
          ],
          [
            6.2475,
            2.94648,
            0.0
          ],
          [
            2.0825,
            5.89306,
            0.0
          ],
          [
            6.2475,
            5.89306,
            0.0
          ],
          [
            0.0,
            1.47329,
            1.47381
          ],
          [
            0.0,
            4.41977,
            1.47381
          ],
          [
            4.165,
            1.47329,
            1.47381
          ],
          [
            4.165,
            4.41977,
            1.47381
          ],
          [
            0.0,
            7.36625,
            1.47381
          ],
          [
            4.165,
            7.36625,
            1.47381
          ],
          [
            2.08893,
            0.00496,
            2.96428
          ],
          [
            2.07058,
            2.94433,
            3.02285
          ],
          [
            6.23864,
            0.00658,
            2.96383
          ],
          [
            6.25913,
            2.94237,
            3.02462
          ],
          [
            2.07576,
            5.88933,
            2.96181
          ],
          [
            6.2532,
            5.88811,
            2.9611
          ],
          [
            -0.00421,
            1.45879,
            4.42217
          ],
          [
            -0.00603,
            4.40112,
            4.44427
          ],
          [
            4.15799,
            1.59932,
            4.30035
          ],
          [
            4.16213,
            4.44756,
            4.41425
          ],
          [
            -0.00114,
            7.34732,
            4.45993
          ],
          [
            4.1641,
            7.40253,
            4.46803
          ],
          [
            2.33016,
            2.93634,
            6.10172
          ],
          [
            2.06662,
            5.85989,
            5.85605
          ],
          [
            5.94176,
            2.94423,
            6.10375
          ],
          [
            6.2715,
            5.85905,
            5.85545
          ],
          [
            2.00585,
            0.02899,
            5.86143
          ],
          [
            6.32503,
            0.02133,
            5.85739
          ],
          [
            4.15052,
            2.49875,
            5.99048
          ]
        ],
        "Stress": [
          [
            -79.13132,
            0.10132,
            0.64604
          ],
          [
            0.10132,
            -15.08719,
            -0.51483
          ],
          [
            0.64604,
            -0.51483,
            -34.86185
          ]
        ],
        "computation_code": "VASP",
        "pseudopotential_information": [
          [
            "PAW_PBE",
            "Ni",
            "02Aug2007"
          ],
          [
            "PAW_PBE",
            "O",
            "08Apr2002"
          ],
          [
            "PAW_PBE",
            "W_sv",
            "04Sep2015"
          ]
        ]
      }
    ],
    "EnergyStyle": "electronvolt",
    "ForcesStyle": "electronvoltperangstrom",
    "LatticeStyle": "angstrom",
    "PositionsStyle": "angstrom",
    "StressStyle": "kB"
  }
}