{
  "Dataset": {
    "AtomTypeStyle": "chemicalsymbol",
    "Data": [
      {
        "AtomTypes": [
          "Ni",
          "Ni",
          "Ni",
          "Ni",
          "Ni",
          "Ni",
          "Ni",
          "Ni",
          "Ni",
          "Ni",
          "Ni",
          "Ni",
          "Ni",
          "Ni",
          "Ni",
          "Ni",
          "Ni",
          "Ni",
          "Ni",
          "Ni",
          "Ni",
          "Ni",
          "Ni",
          "Ni",
          "Ni",
          "Ni",
          "Ni",
          "Ni",
          "Ni",
          "O",
          "O",
          "O",
          "O",
          "O",
          "O",
          "O",
          "O",
          "O",
          "O",
          "O",
          "O",
          "O",
          "O",
          "O",
          "O",
          "O",
          "O",
          "O",
          "O",
          "O",
          "O",
          "O",
          "O",
          "O",
          "O",
          "O",
          "O",
          "O",
          "O",
          "V"
        ],
        "Energy": -313.2648647,
        "Forces": [
          [
            -0.058936,
            0.008997,
            0.881397
          ],
          [
            -0.055234,
            0.00181,
            0.936894
          ],
          [
            -0.068247,
            -0.012965,
            0.81695
          ],
          [
            -0.061975,
            -0.004103,
            0.74931
          ],
          [
            -0.060457,
            -0.010344,
            0.905267
          ],
          [
            -0.061832,
            0.016665,
            0.822339
          ],
          [
            -0.088497,
            0.027906,
            -0.892651
          ],
          [
            -0.111289,
            -0.024382,
            -0.857874
          ],
          [
            0.095139,
            0.058109,
            -0.806704
          ],
          [
            0.098279,
            0.009143,
            -0.794118
          ],
          [
            -0.032297,
            -0.035091,
            -0.919047
          ],
          [
            0.036854,
            -0.007346,
            -0.842891
          ],
          [
            0.005382,
            -0.023589,
            -0.089864
          ],
          [
            0.011382,
            -0.040954,
            -0.045844
          ],
          [
            0.011073,
            -0.002869,
            -0.05314
          ],
          [
            0.016303,
            -0.026877,
            -0.034054
          ],
          [
            -0.025121,
            0.025525,
            0.004507
          ],
          [
            0.024016,
            0.014257,
            0.084237
          ],
          [
            0.052558,
            0.080254,
            -0.119623
          ],
          [
            0.024795,
            -0.003032,
            0.030664
          ],
          [
            -0.029985,
            -0.041576,
            0.028786
          ],
          [
            -0.041964,
            -0.01106,
            0.002728
          ],
          [
            0.057304,
            -0.049084,
            -0.112437
          ],
          [
            0.054765,
            0.02521,
            -0.004752
          ],
          [
            -0.003898,
            -0.048957,
            0.068626
          ],
          [
            -0.046193,
            -0.040841,
            -0.029715
          ],
          [
            -0.002181,
            0.039603,
            -0.108835
          ],
          [
            -0.015256,
            -0.051036,
            -0.154538
          ],
          [
            -0.010645,
            0.193562,
            0.309399
          ],
          [
            0.044455,
            0.011464,
            0.492693
          ],
          [
            0.050016,
            0.00462,
            0.593374
          ],
          [
            -0.002476,
            0.008746,
            0.509667
          ],
          [
            -0.010778,
            -0.004291,
            0.602658
          ],
          [
            0.044385,
            -0.012314,
            0.506835
          ],
          [
            -0.001609,
            -0.011872,
            0.505872
          ],
          [
            0.00713,
            0.061515,
            -0.507272
          ],
          [
            0.010577,
            -0.03497,
            -0.501185
          ],
          [
            0.031744,
            -0.043035,
            -0.656028
          ],
          [
            0.004957,
            0.07861,
            -0.625822
          ],
          [
            -0.002934,
            0.001646,
            -0.525352
          ],
          [
            0.032543,
            -0.026274,
            -0.647714
          ],
          [
            -0.079662,
            0.037179,
            0.08628
          ],
          [
            0.028824,
            0.036879,
            0.000304
          ],
          [
            0.081834,
            0.00044,
            0.065693
          ],
          [
            0.007503,
            -0.059781,
            -0.012657
          ],
          [
            0.033549,
            -0.049526,
            0.064817
          ],
          [
            -0.010288,
            -0.012264,
            0.02158
          ],
          [
            -0.11164,
            -0.199119,
            0.004167
          ],
          [
            -0.008468,
            0.110714,
            -0.05641
          ],
          [
            -0.002683,
            -0.056329,
            0.026599
          ],
          [
            0.014003,
            0.052071,
            0.042916
          ],
          [
            0.007373,
            0.049273,
            -0.125804
          ],
          [
            0.009262,
            0.015356,
            0.15759
          ],
          [
            0.100819,
            0.034446,
            0.139321
          ],
          [
            0.08223,
            0.02319,
            0.00196
          ],
          [
            -0.052283,
            0.00335,
            -0.04539
          ],
          [
            -0.070474,
            -0.003921,
            0.059049
          ],
          [
            0.042243,
            -0.037703,
            0.02868
          ],
          [
            -0.063996,
            -0.057773,
            -0.028802
          ],
          [
            0.070002,
            0.012739,
            0.047363
          ]
        ],
        "Lattice": [
          [
            8.33,
            0.0,
            0.0
          ],
          [
            0.0,
            8.839539657,
            0.0
          ],
          [
            0.0,
            0.0,
            21.359563785
          ]
        ],
        "NumAtoms": 60,
        "Positions": [
          [
            0.0,
            0.0,
            0.0
          ],
          [
            0.0,
            2.94648,
            0.0
          ],
          [
            4.165,
            0.0,
            0.0
          ],
          [
            4.165,
            2.94648,
            0.0
          ],
          [
            0.0,
            5.89306,
            0.0
          ],
          [
            4.165,
            5.89306,
            0.0
          ],
          [
            2.0825,
            1.47329,
            1.47381
          ],
          [
            2.0825,
            4.41977,
            1.47381
          ],
          [
            6.2475,
            1.47329,
            1.47381
          ],
          [
            6.2475,
            4.41977,
            1.47381
          ],
          [
            2.0825,
            7.36625,
            1.47381
          ],
          [
            6.2475,
            7.36625,
            1.47381
          ],
          [
            8.31837,
            2.95621,
            2.98859
          ],
          [
            8.31567,
            5.89596,
            2.96295
          ],
          [
            4.16618,
            2.9501,
            2.8863
          ],
          [
            4.16309,
            5.90343,
            2.94426
          ],
          [
            4.17542,
            8.82542,
            2.93692
          ],
          [
            8.32295,
            -8e-05,
            2.94386
          ],
          [
            2.06253,
            4.47499,
            4.47013
          ],
          [
            2.0676,
            7.35877,
            4.49166
          ],
          [
            6.24779,
            4.45275,
            4.50635
          ],
          [
            6.24415,
            7.38142,
            4.49373
          ],
          [
            2.10531,
            1.38901,
            4.4484
          ],
          [
            6.25321,
            1.45524,
            4.51092
          ],
          [
            -0.02032,
            5.88838,
            5.81323
          ],
          [
            0.00689,
            0.03077,
            5.8299
          ],
          [
            4.17235,
            6.11897,
            5.95243
          ],
          [
            4.18883,
            8.60531,
            5.97584
          ],
          [
            0.57945,
            2.85042,
            5.84238
          ],
          [
            2.0825,
            0.0,
            0.0
          ],
          [
            2.0825,
            2.94648,
            0.0
          ],
          [
            6.2475,
            0.0,
            0.0
          ],
          [
            6.2475,
            2.94648,
            0.0
          ],
          [
            2.0825,
            5.89306,
            0.0
          ],
          [
            6.2475,
            5.89306,
            0.0
          ],
          [
            0.0,
            1.47329,
            1.47381
          ],
          [
            0.0,
            4.41977,
            1.47381
          ],
          [
            4.165,
            1.47329,
            1.47381
          ],
          [
            4.165,
            4.41977,
            1.47381
          ],
          [
            0.0,
            7.36625,
            1.47381
          ],
          [
            4.165,
            7.36625,
            1.47381
          ],
          [
            2.08635,
            4e-05,
            2.93943
          ],
          [
            2.07176,
            2.94014,
            3.02903
          ],
          [
            6.2442,
            0.02253,
            2.95748
          ],
          [
            6.24411,
            2.95842,
            3.04151
          ],
          [
            2.06649,
            5.88449,
            2.95193
          ],
          [
            6.24393,
            5.88307,
            2.96014
          ],
          [
            8.31922,
            1.48971,
            4.44722
          ],
          [
            8.29406,
            4.41263,
            4.46884
          ],
          [
            4.16281,
            1.52855,
            4.39098
          ],
          [
            4.13484,
            4.37313,
            4.41794
          ],
          [
            -0.00922,
            7.37554,
            4.46299
          ],
          [
            4.15165,
            7.36618,
            4.35123
          ],
          [
            2.47631,
            2.89186,
            6.2326
          ],
          [
            2.02969,
            5.86914,
            5.84929
          ],
          [
            5.78936,
            2.9507,
            6.1779
          ],
          [
            6.26006,
            5.89581,
            5.84004
          ],
          [
            2.05976,
            0.00339,
            5.83527
          ],
          [
            6.27828,
            0.0242,
            5.85664
          ],
          [
            4.15144,
            2.93451,
            5.66684
          ]
        ],
        "Stress": [
          [
            -77.09559,
            -0.40575,
            0.76048
          ],
          [
            -0.40575,
            -14.62644,
            0.07379
          ],
          [
            0.76048,
            0.07379,
            -33.60917
          ]
        ],
        "computation_code": "VASP",
        "pseudopotential_information": [
          [
            "PAW_PBE",
            "Ni",
            "02Aug2007"
          ],
          [
            "PAW_PBE",
            "O",
            "08Apr2002"
          ],
          [
            "PAW_PBE",
            "V_sv",
            "02Aug2007"
          ]
        ]
      }
    ],
    "EnergyStyle": "electronvolt",
    "ForcesStyle": "electronvoltperangstrom",
    "LatticeStyle": "angstrom",
    "PositionsStyle": "angstrom",
    "StressStyle": "kB"
  }
}