{
  "Dataset": {
    "AtomTypeStyle": "chemicalsymbol",
    "Data": [
      {
        "AtomTypes": [
          "Ni",
          "Ni",
          "Ni",
          "Ni",
          "Ni",
          "Ni",
          "Ni",
          "Ni",
          "Ni",
          "Ni",
          "Ni",
          "Ni",
          "Ni",
          "Ni",
          "Ni",
          "Ni",
          "Ni",
          "Ni",
          "Ni",
          "Ni",
          "Ni",
          "Ni",
          "Ni",
          "Ni",
          "Ni",
          "Ni",
          "Ni",
          "Ni",
          "Ni",
          "O",
          "O",
          "O",
          "O",
          "O",
          "O",
          "O",
          "O",
          "O",
          "O",
          "O",
          "O",
          "O",
          "O",
          "O",
          "O",
          "O",
          "O",
          "O",
          "O",
          "O",
          "O",
          "O",
          "O",
          "O",
          "O",
          "O",
          "O",
          "O",
          "O",
          "O",
          "V"
        ],
        "Energy": -321.29660083,
        "Forces": [
          [
            -0.058401,
            -0.003309,
            0.885529
          ],
          [
            -0.053423,
            0.00122,
            0.872868
          ],
          [
            -0.072593,
            0.021152,
            0.919735
          ],
          [
            -0.075241,
            -0.001862,
            0.903258
          ],
          [
            -0.058252,
            0.002161,
            0.881989
          ],
          [
            -0.072084,
            -0.020826,
            0.911784
          ],
          [
            0.024899,
            -0.01756,
            -0.886804
          ],
          [
            0.033777,
            0.00218,
            -0.906048
          ],
          [
            -0.009054,
            -0.013667,
            -0.831627
          ],
          [
            -0.014009,
            -0.00808,
            -0.858202
          ],
          [
            0.005168,
            0.008982,
            -0.865867
          ],
          [
            0.030908,
            0.003511,
            -0.829682
          ],
          [
            -0.004302,
            -0.003198,
            0.028452
          ],
          [
            -0.007271,
            -0.020618,
            0.013567
          ],
          [
            -0.010279,
            0.032021,
            -0.024885
          ],
          [
            -0.007382,
            -0.040914,
            -0.061475
          ],
          [
            0.003997,
            0.005286,
            -0.085029
          ],
          [
            -0.002535,
            0.020795,
            0.015361
          ],
          [
            -0.012811,
            0.015008,
            -0.00748
          ],
          [
            -0.054055,
            -0.031632,
            -0.02416
          ],
          [
            -0.001703,
            0.009241,
            -0.013389
          ],
          [
            0.062762,
            -0.030578,
            -0.018446
          ],
          [
            -0.087372,
            0.053858,
            -0.027253
          ],
          [
            0.096292,
            0.066885,
            -0.030638
          ],
          [
            0.006599,
            -0.037194,
            -0.010237
          ],
          [
            0.04913,
            0.094236,
            -0.001689
          ],
          [
            0.045676,
            -0.086855,
            0.011491
          ],
          [
            0.031235,
            -0.507284,
            -0.136108
          ],
          [
            0.030289,
            -0.001263,
            0.042851
          ],
          [
            0.025279,
            -0.000745,
            0.473909
          ],
          [
            0.014157,
            -0.003296,
            0.479263
          ],
          [
            0.017753,
            0.001592,
            0.484279
          ],
          [
            0.028686,
            -0.004351,
            0.515959
          ],
          [
            0.023733,
            0.005739,
            0.474695
          ],
          [
            0.018873,
            0.005305,
            0.486177
          ],
          [
            0.006603,
            -0.012127,
            -0.532292
          ],
          [
            0.011987,
            0.037925,
            -0.504021
          ],
          [
            0.04731,
            -0.055516,
            -0.611882
          ],
          [
            0.043824,
            0.06312,
            -0.458169
          ],
          [
            0.010441,
            -0.024035,
            -0.571327
          ],
          [
            0.04614,
            -0.01955,
            -0.447626
          ],
          [
            0.030932,
            -0.008078,
            0.018945
          ],
          [
            0.040931,
            -0.016513,
            -0.013729
          ],
          [
            -0.032383,
            -0.010592,
            0.01845
          ],
          [
            -0.040409,
            -0.02238,
            -0.014418
          ],
          [
            0.026389,
            0.006072,
            0.025296
          ],
          [
            -0.024557,
            0.018039,
            0.003038
          ],
          [
            -0.009042,
            -0.072995,
            -0.058278
          ],
          [
            -0.012202,
            0.07333,
            -0.064312
          ],
          [
            -0.002228,
            -0.044057,
            0.083298
          ],
          [
            0.018661,
            0.006335,
            -0.005266
          ],
          [
            -0.00439,
            -0.002098,
            0.006724
          ],
          [
            -0.012069,
            0.204989,
            0.162162
          ],
          [
            0.007503,
            -0.15787,
            0.098771
          ],
          [
            0.02862,
            0.039473,
            -0.002169
          ],
          [
            0.058105,
            -0.175928,
            0.016581
          ],
          [
            -0.045323,
            0.047651,
            0.007246
          ],
          [
            0.156898,
            -0.021079,
            0.019954
          ],
          [
            -0.199295,
            -0.0054,
            0.04012
          ],
          [
            -0.041552,
            0.00599,
            0.051582
          ],
          [
            -0.059343,
            0.629353,
            -0.050831
          ]
        ],
        "Lattice": [
          [
            8.33,
            0.0,
            0.0
          ],
          [
            0.0,
            8.839539657,
            0.0
          ],
          [
            0.0,
            0.0,
            21.359563785
          ]
        ],
        "NumAtoms": 61,
        "Positions": [
          [
            0.0,
            0.0,
            0.0
          ],
          [
            0.0,
            2.94648,
            0.0
          ],
          [
            4.165,
            0.0,
            0.0
          ],
          [
            4.165,
            2.94648,
            0.0
          ],
          [
            0.0,
            5.89306,
            0.0
          ],
          [
            4.165,
            5.89306,
            0.0
          ],
          [
            2.0825,
            1.47329,
            1.47381
          ],
          [
            2.0825,
            4.41977,
            1.47381
          ],
          [
            6.2475,
            1.47329,
            1.47381
          ],
          [
            6.2475,
            4.41977,
            1.47381
          ],
          [
            2.0825,
            7.36625,
            1.47381
          ],
          [
            6.2475,
            7.36625,
            1.47381
          ],
          [
            8.32687,
            2.94312,
            2.94087
          ],
          [
            0.00058,
            5.90159,
            2.94987
          ],
          [
            4.16431,
            2.9287,
            2.94455
          ],
          [
            4.16711,
            5.91309,
            2.96389
          ],
          [
            4.16684,
            8.82426,
            2.96804
          ],
          [
            8.32942,
            8.83557,
            2.95035
          ],
          [
            2.09838,
            4.45065,
            4.44627
          ],
          [
            2.08718,
            7.37163,
            4.5061
          ],
          [
            6.25092,
            4.43779,
            4.4664
          ],
          [
            6.22363,
            7.36431,
            4.50988
          ],
          [
            2.12488,
            1.44639,
            4.44333
          ],
          [
            6.22573,
            1.45253,
            4.46904
          ],
          [
            8.3211,
            5.90199,
            5.89208
          ],
          [
            8.32764,
            0.00208,
            5.8805
          ],
          [
            4.13565,
            5.86581,
            5.96836
          ],
          [
            4.16386,
            0.10674,
            5.88862
          ],
          [
            0.28483,
            2.94059,
            5.8222
          ],
          [
            2.0825,
            0.0,
            0.0
          ],
          [
            2.0825,
            2.94648,
            0.0
          ],
          [
            6.2475,
            0.0,
            0.0
          ],
          [
            6.2475,
            2.94648,
            0.0
          ],
          [
            2.0825,
            5.89306,
            0.0
          ],
          [
            6.2475,
            5.89306,
            0.0
          ],
          [
            0.0,
            1.47329,
            1.47381
          ],
          [
            0.0,
            4.41977,
            1.47381
          ],
          [
            4.165,
            1.47329,
            1.47381
          ],
          [
            4.165,
            4.41977,
            1.47381
          ],
          [
            0.0,
            7.36625,
            1.47381
          ],
          [
            4.165,
            7.36625,
            1.47381
          ],
          [
            2.07647,
            8.83437,
            2.95567
          ],
          [
            2.07572,
            2.9529,
            2.96255
          ],
          [
            6.25529,
            8.83949,
            2.95927
          ],
          [
            6.25146,
            2.95534,
            2.98778
          ],
          [
            2.08521,
            5.89252,
            2.95709
          ],
          [
            6.24583,
            5.88274,
            2.96356
          ],
          [
            8.31422,
            1.50979,
            4.48374
          ],
          [
            8.31489,
            4.37411,
            4.47493
          ],
          [
            4.16578,
            1.4683,
            4.40437
          ],
          [
            4.1613,
            4.36794,
            4.46139
          ],
          [
            8.3207,
            7.37694,
            4.42296
          ],
          [
            4.15712,
            7.3253,
            4.51599
          ],
          [
            2.2139,
            2.92327,
            5.81736
          ],
          [
            2.01936,
            5.88601,
            5.83553
          ],
          [
            6.01369,
            2.88379,
            5.89641
          ],
          [
            6.28697,
            5.87103,
            5.83825
          ],
          [
            2.05328,
            0.02305,
            5.86664
          ],
          [
            6.26259,
            0.01537,
            5.8674
          ],
          [
            4.11452,
            4.31686,
            7.24892
          ],
          [
            4.25184,
            3.18604,
            6.03981
          ]
        ],
        "Stress": [
          [
            -79.53846,
            -0.29137,
            0.51791
          ],
          [
            -0.29137,
            -10.99499,
            -0.01135
          ],
          [
            0.51791,
            -0.01135,
            -34.80882
          ]
        ],
        "computation_code": "VASP",
        "pseudopotential_information": [
          [
            "PAW_PBE",
            "Ni",
            "02Aug2007"
          ],
          [
            "PAW_PBE",
            "O",
            "08Apr2002"
          ],
          [
            "PAW_PBE",
            "V_sv",
            "02Aug2007"
          ]
        ]
      }
    ],
    "EnergyStyle": "electronvolt",
    "ForcesStyle": "electronvoltperangstrom",
    "LatticeStyle": "angstrom",
    "PositionsStyle": "angstrom",
    "StressStyle": "kB"
  }
}