{
  "Dataset": {
    "AtomTypeStyle": "chemicalsymbol",
    "Data": [
      {
        "AtomTypes": [
          "Ni",
          "Ni",
          "Ni",
          "Ni",
          "Ni",
          "Ni",
          "Ni",
          "Ni",
          "Ni",
          "Ni",
          "Ni",
          "Ni",
          "Ni",
          "Ni",
          "Ni",
          "Ni",
          "Ni",
          "Ni",
          "Ni",
          "Ni",
          "Ni",
          "Ni",
          "Ni",
          "Ni",
          "Ni",
          "Ni",
          "Ni",
          "Ni",
          "Ni",
          "O",
          "O",
          "O",
          "O",
          "O",
          "O",
          "O",
          "O",
          "O",
          "O",
          "O",
          "O",
          "O",
          "O",
          "O",
          "O",
          "O",
          "O",
          "O",
          "O",
          "O",
          "O",
          "O",
          "O",
          "O",
          "O",
          "O",
          "O",
          "O",
          "O",
          "O",
          "V"
        ],
        "Energy": -321.65787462,
        "Forces": [
          [
            -0.063254,
            0.009813,
            0.938784
          ],
          [
            -0.059606,
            0.002372,
            0.953352
          ],
          [
            -0.065857,
            0.021209,
            0.902647
          ],
          [
            -0.060553,
            -0.00332,
            0.900821
          ],
          [
            -0.061689,
            -0.011835,
            0.915798
          ],
          [
            -0.063125,
            -0.021217,
            0.889949
          ],
          [
            -0.034188,
            -0.021366,
            -0.854588
          ],
          [
            -0.003824,
            -0.030823,
            -0.900507
          ],
          [
            0.043465,
            -0.018553,
            -0.778429
          ],
          [
            0.01349,
            -0.024781,
            -0.829944
          ],
          [
            -0.041719,
            0.018363,
            -0.891609
          ],
          [
            0.048849,
            0.031288,
            -0.833537
          ],
          [
            -0.016125,
            -0.01097,
            0.00095
          ],
          [
            -0.001855,
            -0.054811,
            0.072247
          ],
          [
            -0.009522,
            0.059614,
            -0.011469
          ],
          [
            -0.004824,
            0.033934,
            0.019949
          ],
          [
            0.010194,
            -0.016226,
            -0.043214
          ],
          [
            2.3e-05,
            0.030265,
            -0.050149
          ],
          [
            0.020414,
            0.037341,
            -0.025216
          ],
          [
            0.026118,
            -0.069948,
            -0.036072
          ],
          [
            0.038094,
            0.011617,
            -0.008189
          ],
          [
            -0.064256,
            -0.059683,
            -0.026019
          ],
          [
            0.095091,
            0.029329,
            -0.056708
          ],
          [
            -0.065147,
            0.053192,
            -0.034388
          ],
          [
            -0.021006,
            -0.07291,
            -0.092766
          ],
          [
            -0.025324,
            0.003728,
            0.517315
          ],
          [
            0.003532,
            0.055761,
            0.038369
          ],
          [
            0.000239,
            -0.057459,
            -0.128821
          ],
          [
            0.128656,
            0.237425,
            -0.084841
          ],
          [
            0.043098,
            0.009756,
            0.464946
          ],
          [
            0.032581,
            -0.004556,
            0.538708
          ],
          [
            0.000662,
            0.006695,
            0.472292
          ],
          [
            0.007394,
            -0.006879,
            0.540348
          ],
          [
            0.039747,
            -0.001489,
            0.475027
          ],
          [
            0.003715,
            0.00077,
            0.476815
          ],
          [
            0.021778,
            0.063088,
            -0.570504
          ],
          [
            0.023324,
            -0.006618,
            -0.558565
          ],
          [
            0.024249,
            -0.010739,
            -0.742742
          ],
          [
            0.019679,
            -0.011378,
            -0.42628
          ],
          [
            0.010571,
            -0.021876,
            -0.623369
          ],
          [
            0.035167,
            -0.041942,
            -0.584564
          ],
          [
            -0.006253,
            -0.001331,
            -0.01122
          ],
          [
            0.006819,
            -0.00611,
            -0.005924
          ],
          [
            0.01443,
            -0.015818,
            -0.01843
          ],
          [
            -0.041167,
            -0.012471,
            -0.029363
          ],
          [
            -0.042179,
            0.021387,
            -0.000389
          ],
          [
            0.026639,
            0.022389,
            -0.006699
          ],
          [
            -0.004224,
            0.131002,
            -0.118554
          ],
          [
            0.005256,
            -0.057105,
            0.103976
          ],
          [
            0.014735,
            -0.079135,
            0.005179
          ],
          [
            0.024806,
            -0.051541,
            0.086846
          ],
          [
            -0.020875,
            -0.205961,
            -0.144755
          ],
          [
            -0.023955,
            0.00619,
            0.027264
          ],
          [
            0.006604,
            -0.106364,
            0.135398
          ],
          [
            -0.061578,
            -0.022235,
            -0.000628
          ],
          [
            -0.028451,
            -0.038355,
            0.024231
          ],
          [
            0.026873,
            -0.021644,
            0.00397
          ],
          [
            0.236258,
            -0.039744,
            -0.029183
          ],
          [
            -0.274179,
            -0.032836,
            -0.013955
          ],
          [
            0.011438,
            0.128981,
            0.023319
          ],
          [
            0.100743,
            0.24452,
            0.04309
          ]
        ],
        "Lattice": [
          [
            8.33,
            0.0,
            0.0
          ],
          [
            0.0,
            8.839539657,
            0.0
          ],
          [
            0.0,
            0.0,
            21.359563785
          ]
        ],
        "NumAtoms": 61,
        "Positions": [
          [
            0.0,
            0.0,
            0.0
          ],
          [
            0.0,
            2.94648,
            0.0
          ],
          [
            4.165,
            0.0,
            0.0
          ],
          [
            4.165,
            2.94648,
            0.0
          ],
          [
            0.0,
            5.89306,
            0.0
          ],
          [
            4.165,
            5.89306,
            0.0
          ],
          [
            2.0825,
            1.47329,
            1.47381
          ],
          [
            2.0825,
            4.41977,
            1.47381
          ],
          [
            6.2475,
            1.47329,
            1.47381
          ],
          [
            6.2475,
            4.41977,
            1.47381
          ],
          [
            2.0825,
            7.36625,
            1.47381
          ],
          [
            6.2475,
            7.36625,
            1.47381
          ],
          [
            8.32041,
            2.9443,
            2.97603
          ],
          [
            -0.0106,
            5.91236,
            2.94511
          ],
          [
            4.16716,
            2.90836,
            2.94756
          ],
          [
            4.16748,
            5.91899,
            2.94489
          ],
          [
            4.16963,
            -0.02117,
            2.95007
          ],
          [
            8.32633,
            0.0002,
            2.95716
          ],
          [
            2.0372,
            4.45856,
            4.42146
          ],
          [
            2.07949,
            7.36404,
            4.50222
          ],
          [
            6.25975,
            4.42652,
            4.46973
          ],
          [
            6.24769,
            7.37225,
            4.496
          ],
          [
            2.13348,
            1.41431,
            4.44068
          ],
          [
            6.21461,
            1.46091,
            4.48798
          ],
          [
            8.30966,
            5.87214,
            5.87557
          ],
          [
            0.01112,
            0.06318,
            5.87595
          ],
          [
            4.16026,
            5.93616,
            5.94451
          ],
          [
            4.19548,
            0.07367,
            5.8777
          ],
          [
            0.50994,
            2.87252,
            5.83498
          ],
          [
            2.0825,
            0.0,
            0.0
          ],
          [
            2.0825,
            2.94648,
            0.0
          ],
          [
            6.2475,
            0.0,
            0.0
          ],
          [
            6.2475,
            2.94648,
            0.0
          ],
          [
            2.0825,
            5.89306,
            0.0
          ],
          [
            6.2475,
            5.89306,
            0.0
          ],
          [
            0.0,
            1.47329,
            1.47381
          ],
          [
            0.0,
            4.41977,
            1.47381
          ],
          [
            4.165,
            1.47329,
            1.47381
          ],
          [
            4.165,
            4.41977,
            1.47381
          ],
          [
            0.0,
            7.36625,
            1.47381
          ],
          [
            4.165,
            7.36625,
            1.47381
          ],
          [
            2.06936,
            -0.00846,
            2.94584
          ],
          [
            2.0862,
            2.95676,
            3.00179
          ],
          [
            6.26022,
            0.00253,
            2.95646
          ],
          [
            6.23721,
            2.96071,
            3.00936
          ],
          [
            2.09607,
            5.88897,
            2.95211
          ],
          [
            6.2257,
            5.88077,
            2.9611
          ],
          [
            8.30977,
            1.49482,
            4.45377
          ],
          [
            8.29592,
            4.42877,
            4.41439
          ],
          [
            4.15617,
            1.41621,
            4.34607
          ],
          [
            4.13026,
            4.41835,
            4.46315
          ],
          [
            8.32874,
            7.38774,
            4.45576
          ],
          [
            4.16273,
            7.34061,
            4.50097
          ],
          [
            2.4445,
            2.77264,
            5.97355
          ],
          [
            2.03098,
            5.85128,
            5.81954
          ],
          [
            5.78831,
            2.81365,
            5.93235
          ],
          [
            6.26639,
            5.87035,
            5.82061
          ],
          [
            2.08422,
            -0.00108,
            5.86271
          ],
          [
            6.25212,
            0.00956,
            5.87143
          ],
          [
            4.13211,
            4.44896,
            7.28393
          ],
          [
            4.13674,
            3.36743,
            6.0342
          ]
        ],
        "Stress": [
          [
            -73.64137,
            -0.60567,
            0.92039
          ],
          [
            -0.60567,
            -8.86136,
            0.66122
          ],
          [
            0.92039,
            0.66122,
            -34.22914
          ]
        ],
        "computation_code": "VASP",
        "pseudopotential_information": [
          [
            "PAW_PBE",
            "Ni",
            "02Aug2007"
          ],
          [
            "PAW_PBE",
            "O",
            "08Apr2002"
          ],
          [
            "PAW_PBE",
            "V_sv",
            "02Aug2007"
          ]
        ]
      }
    ],
    "EnergyStyle": "electronvolt",
    "ForcesStyle": "electronvoltperangstrom",
    "LatticeStyle": "angstrom",
    "PositionsStyle": "angstrom",
    "StressStyle": "kB"
  }
}