{
  "Dataset": {
    "AtomTypeStyle": "chemicalsymbol",
    "Data": [
      {
        "AtomTypes": [
          "Ni",
          "Ni",
          "Ni",
          "Ni",
          "Ni",
          "Ni",
          "Ni",
          "Ni",
          "Ni",
          "Ni",
          "Ni",
          "Ni",
          "Ni",
          "Ni",
          "Ni",
          "Ni",
          "Ni",
          "Ni",
          "Ni",
          "Ni",
          "Ni",
          "Ni",
          "Ni",
          "Ni",
          "Ni",
          "Ni",
          "Ni",
          "Ni",
          "Ni",
          "O",
          "O",
          "O",
          "O",
          "O",
          "O",
          "O",
          "O",
          "O",
          "O",
          "O",
          "O",
          "O",
          "O",
          "O",
          "O",
          "O",
          "O",
          "O",
          "O",
          "O",
          "O",
          "O",
          "O",
          "O",
          "O",
          "O",
          "O",
          "O",
          "O",
          "O",
          "O",
          "V"
        ],
        "Energy": -325.48952652,
        "Forces": [
          [
            -0.017546,
            -0.000793,
            0.890556
          ],
          [
            -0.01559,
            0.033428,
            0.889506
          ],
          [
            -0.108141,
            9.7e-05,
            0.917852
          ],
          [
            -0.1077,
            -0.002625,
            0.919634
          ],
          [
            -0.015722,
            -0.0328,
            0.890157
          ],
          [
            -0.107556,
            0.002381,
            0.919576
          ],
          [
            0.066215,
            -0.004078,
            -0.864028
          ],
          [
            0.019971,
            -0.00098,
            -0.932366
          ],
          [
            -0.044892,
            0.010853,
            -0.855776
          ],
          [
            0.012389,
            -0.000527,
            -0.867609
          ],
          [
            0.06498,
            0.002761,
            -0.863601
          ],
          [
            -0.043571,
            -0.009971,
            -0.857133
          ],
          [
            0.012793,
            -0.000224,
            -0.007947
          ],
          [
            0.012742,
            0.00097,
            -0.007491
          ],
          [
            -0.00663,
            0.001051,
            0.000716
          ],
          [
            -0.006623,
            -0.00047,
            0.001214
          ],
          [
            -0.010441,
            6e-05,
            -0.010905
          ],
          [
            0.013847,
            -3e-06,
            -0.020527
          ],
          [
            0.040647,
            0.0008,
            0.010713
          ],
          [
            0.014054,
            0.003731,
            0.004049
          ],
          [
            0.016423,
            0.000717,
            0.02729
          ],
          [
            -0.007176,
            0.023735,
            -0.049072
          ],
          [
            0.015592,
            -0.005768,
            0.002439
          ],
          [
            -0.007088,
            -0.024093,
            -0.046188
          ],
          [
            0.039267,
            0.070552,
            0.070216
          ],
          [
            0.016911,
            -0.003103,
            0.00187
          ],
          [
            0.01388,
            -0.000469,
            0.028463
          ],
          [
            -0.012446,
            -0.000176,
            -0.001568
          ],
          [
            0.043811,
            -0.074964,
            0.087802
          ],
          [
            0.007828,
            0.00011,
            0.46579
          ],
          [
            0.019207,
            -0.012753,
            0.474482
          ],
          [
            0.030496,
            0.000235,
            0.546
          ],
          [
            0.019483,
            -0.0269,
            0.585731
          ],
          [
            0.019615,
            0.012712,
            0.474607
          ],
          [
            0.019053,
            0.026387,
            0.585202
          ],
          [
            -0.071986,
            0.025576,
            -0.641305
          ],
          [
            -0.021704,
            -0.000989,
            -0.627387
          ],
          [
            0.112733,
            0.064558,
            -0.476944
          ],
          [
            0.083168,
            -0.000595,
            -0.401978
          ],
          [
            -0.071183,
            -0.026323,
            -0.643092
          ],
          [
            0.112011,
            -0.065187,
            -0.476773
          ],
          [
            -0.002412,
            -0.000239,
            0.001755
          ],
          [
            -0.00127,
            0.003992,
            0.009026
          ],
          [
            0.005858,
            0.00137,
            0.006402
          ],
          [
            0.004097,
            0.022941,
            0.002377
          ],
          [
            -0.000655,
            -0.00435,
            0.009748
          ],
          [
            0.003336,
            -0.019985,
            0.001102
          ],
          [
            -0.000852,
            -0.017727,
            -0.011692
          ],
          [
            -0.025336,
            0.005837,
            -0.038242
          ],
          [
            0.006634,
            -0.013014,
            -0.014618
          ],
          [
            0.037253,
            -0.002159,
            -0.015354
          ],
          [
            -0.001488,
            0.014582,
            -0.009907
          ],
          [
            0.005863,
            0.01271,
            -0.012177
          ],
          [
            0.025504,
            -0.01188,
            0.013973
          ],
          [
            0.021087,
            0.010788,
            0.014978
          ],
          [
            -0.056092,
            -0.026948,
            0.019294
          ],
          [
            -0.052262,
            0.027868,
            0.019933
          ],
          [
            -0.001443,
            -0.000679,
            -0.000631
          ],
          [
            0.00185,
            0.000475,
            0.017085
          ],
          [
            -0.024062,
            -0.02756,
            -0.00391
          ],
          [
            -0.022674,
            0.028368,
            -0.004342
          ],
          [
            -0.074055,
            0.008686,
            -0.146974
          ]
        ],
        "Lattice": [
          [
            8.33,
            0.0,
            0.0
          ],
          [
            0.0,
            8.839539657,
            0.0
          ],
          [
            0.0,
            0.0,
            21.359563785
          ]
        ],
        "NumAtoms": 62,
        "Positions": [
          [
            0.0,
            0.0,
            0.0
          ],
          [
            0.0,
            2.94648,
            0.0
          ],
          [
            4.165,
            0.0,
            0.0
          ],
          [
            4.165,
            2.94648,
            0.0
          ],
          [
            0.0,
            5.89306,
            0.0
          ],
          [
            4.165,
            5.89306,
            0.0
          ],
          [
            2.0825,
            1.47329,
            1.47381
          ],
          [
            2.0825,
            4.41977,
            1.47381
          ],
          [
            6.2475,
            1.47329,
            1.47381
          ],
          [
            6.2475,
            4.41977,
            1.47381
          ],
          [
            2.0825,
            7.36625,
            1.47381
          ],
          [
            6.2475,
            7.36625,
            1.47381
          ],
          [
            0.00698,
            2.92757,
            2.9494
          ],
          [
            0.00713,
            5.91121,
            2.94975
          ],
          [
            4.16257,
            2.94388,
            2.97323
          ],
          [
            4.16247,
            5.89514,
            2.97305
          ],
          [
            4.15468,
            8.83943,
            2.96485
          ],
          [
            0.00048,
            4e-05,
            2.94399
          ],
          [
            2.08384,
            4.41921,
            4.44305
          ],
          [
            2.05986,
            7.37247,
            4.4732
          ],
          [
            3.97844,
            2.93186,
            6.0014
          ],
          [
            6.26385,
            7.38499,
            4.47987
          ],
          [
            2.06047,
            1.46637,
            4.47336
          ],
          [
            6.26337,
            1.45513,
            4.4809
          ],
          [
            0.1429,
            5.7352,
            6.01581
          ],
          [
            0.04111,
            8.83833,
            5.76387
          ],
          [
            3.97544,
            5.90624,
            6.00108
          ],
          [
            4.1864,
            8.83928,
            5.78887
          ],
          [
            0.14172,
            3.10043,
            6.0146
          ],
          [
            2.0825,
            0.0,
            0.0
          ],
          [
            2.0825,
            2.94648,
            0.0
          ],
          [
            6.2475,
            0.0,
            0.0
          ],
          [
            6.2475,
            2.94648,
            0.0
          ],
          [
            2.0825,
            5.89306,
            0.0
          ],
          [
            6.2475,
            5.89306,
            0.0
          ],
          [
            0.0,
            1.47329,
            1.47381
          ],
          [
            0.0,
            4.41977,
            1.47381
          ],
          [
            4.165,
            1.47329,
            1.47381
          ],
          [
            4.165,
            4.41977,
            1.47381
          ],
          [
            0.0,
            7.36625,
            1.47381
          ],
          [
            4.165,
            7.36625,
            1.47381
          ],
          [
            2.10772,
            -0.00013,
            2.95083
          ],
          [
            2.10438,
            2.95694,
            2.96031
          ],
          [
            6.20887,
            4e-05,
            2.95537
          ],
          [
            6.22541,
            3.0074,
            3.02106
          ],
          [
            2.10432,
            5.88213,
            2.96042
          ],
          [
            6.22555,
            5.83291,
            3.02047
          ],
          [
            8.31353,
            1.43998,
            4.39218
          ],
          [
            8.25324,
            4.41851,
            4.33125
          ],
          [
            4.17343,
            1.52152,
            4.49437
          ],
          [
            4.27456,
            4.41892,
            4.56413
          ],
          [
            8.3134,
            7.39966,
            4.39031
          ],
          [
            4.17377,
            7.31679,
            4.49475
          ],
          [
            2.03819,
            2.95404,
            5.80089
          ],
          [
            2.03799,
            5.88477,
            5.80067
          ],
          [
            6.37184,
            3.03443,
            5.76812
          ],
          [
            6.37428,
            5.80376,
            5.76737
          ],
          [
            2.09955,
            -0.00056,
            5.84345
          ],
          [
            6.2416,
            -0.00081,
            5.84754
          ],
          [
            4.2219,
            5.09301,
            7.71753
          ],
          [
            4.22002,
            3.74672,
            7.7187
          ],
          [
            6.26486,
            4.42198,
            4.65972
          ]
        ],
        "Stress": [
          [
            -74.24651,
            -0.01999,
            0.38409
          ],
          [
            -0.01999,
            -14.36139,
            -0.01446
          ],
          [
            0.38409,
            -0.01446,
            -36.17507
          ]
        ],
        "computation_code": "VASP",
        "pseudopotential_information": [
          [
            "PAW_PBE",
            "Ni",
            "02Aug2007"
          ],
          [
            "PAW_PBE",
            "O",
            "08Apr2002"
          ],
          [
            "PAW_PBE",
            "V_sv",
            "02Aug2007"
          ]
        ]
      }
    ],
    "EnergyStyle": "electronvolt",
    "ForcesStyle": "electronvoltperangstrom",
    "LatticeStyle": "angstrom",
    "PositionsStyle": "angstrom",
    "StressStyle": "kB"
  }
}