{
  "Dataset": {
    "AtomTypeStyle": "chemicalsymbol",
    "Data": [
      {
        "AtomTypes": [
          "Ni",
          "Ni",
          "Ni",
          "Ni",
          "Ni",
          "Ni",
          "Ni",
          "Ni",
          "Ni",
          "Ni",
          "Ni",
          "Ni",
          "Ni",
          "Ni",
          "Ni",
          "Ni",
          "Ni",
          "Ni",
          "Ni",
          "Ni",
          "Ni",
          "Ni",
          "Ni",
          "Ni",
          "Ni",
          "Ni",
          "Ni",
          "Ni",
          "Ni",
          "O",
          "O",
          "O",
          "O",
          "O",
          "O",
          "O",
          "O",
          "O",
          "O",
          "O",
          "O",
          "O",
          "O",
          "O",
          "O",
          "O",
          "O",
          "O",
          "O",
          "O",
          "O",
          "O",
          "O",
          "O",
          "O",
          "O",
          "O",
          "O",
          "O",
          "O",
          "V"
        ],
        "Energy": -320.74913218,
        "Forces": [
          [
            -0.016301,
            -0.0,
            0.740112
          ],
          [
            -0.019802,
            0.010751,
            0.734947
          ],
          [
            -0.102939,
            -0.0,
            0.901023
          ],
          [
            -0.101701,
            0.01214,
            0.922604
          ],
          [
            -0.019802,
            -0.010751,
            0.734947
          ],
          [
            -0.101701,
            -0.01214,
            0.922604
          ],
          [
            0.111011,
            0.009611,
            -0.92544
          ],
          [
            0.135185,
            -0.0,
            -0.954513
          ],
          [
            -0.078169,
            0.019015,
            -0.914739
          ],
          [
            -0.078695,
            -0.0,
            -0.891622
          ],
          [
            0.111011,
            -0.009611,
            -0.92544
          ],
          [
            -0.078169,
            -0.019015,
            -0.914739
          ],
          [
            0.000356,
            -0.000817,
            0.001098
          ],
          [
            0.000356,
            0.000817,
            0.001098
          ],
          [
            -0.000388,
            0.000788,
            -0.002618
          ],
          [
            -0.000388,
            -0.000788,
            -0.002618
          ],
          [
            -0.000606,
            -0.0,
            0.000906
          ],
          [
            -0.000116,
            -0.0,
            0.002956
          ],
          [
            -0.000709,
            -0.0,
            0.004308
          ],
          [
            1e-05,
            0.000248,
            0.000912
          ],
          [
            -0.002166,
            -0.000448,
            -0.006481
          ],
          [
            0.00122,
            0.001671,
            -0.003574
          ],
          [
            1e-05,
            -0.000248,
            0.000912
          ],
          [
            0.00122,
            -0.001671,
            -0.003574
          ],
          [
            0.005401,
            -0.001858,
            0.002403
          ],
          [
            0.000405,
            -0.0,
            -0.000661
          ],
          [
            -0.002166,
            0.000448,
            -0.006481
          ],
          [
            -0.000863,
            -0.0,
            -0.009204
          ],
          [
            0.005401,
            0.001858,
            0.002403
          ],
          [
            0.000667,
            -0.0,
            0.514875
          ],
          [
            -0.004637,
            -0.011402,
            0.520498
          ],
          [
            0.033357,
            -0.0,
            0.591169
          ],
          [
            0.040837,
            -0.033066,
            0.616679
          ],
          [
            -0.004637,
            0.011402,
            0.520498
          ],
          [
            0.040837,
            0.033066,
            0.616679
          ],
          [
            -0.073407,
            0.00526,
            -0.527574
          ],
          [
            0.003483,
            -0.0,
            -0.55597
          ],
          [
            0.113222,
            0.030632,
            -0.379672
          ],
          [
            0.071447,
            -0.0,
            -0.444658
          ],
          [
            -0.073407,
            -0.00526,
            -0.527574
          ],
          [
            0.113222,
            -0.030632,
            -0.379672
          ],
          [
            0.000624,
            -0.0,
            0.002144
          ],
          [
            0.001036,
            -0.002097,
            -0.003731
          ],
          [
            0.000936,
            -0.0,
            0.002358
          ],
          [
            -0.00049,
            0.000938,
            0.002944
          ],
          [
            0.001036,
            0.002097,
            -0.003731
          ],
          [
            -0.00049,
            -0.000938,
            0.002944
          ],
          [
            -0.002699,
            0.000954,
            0.002273
          ],
          [
            -0.003728,
            -0.0,
            0.007535
          ],
          [
            -0.001908,
            0.000402,
            0.004535
          ],
          [
            0.000833,
            -0.0,
            0.00094
          ],
          [
            -0.002699,
            -0.000954,
            0.002273
          ],
          [
            -0.001908,
            -0.000402,
            0.004535
          ],
          [
            0.003989,
            0.00132,
            0.004448
          ],
          [
            0.003989,
            -0.00132,
            0.004448
          ],
          [
            -0.006374,
            -0.000734,
            0.003619
          ],
          [
            -0.006374,
            0.000734,
            0.003619
          ],
          [
            0.004,
            -0.0,
            -0.000445
          ],
          [
            -0.005538,
            -0.0,
            0.002023
          ],
          [
            -0.013361,
            -0.0,
            -0.007073
          ],
          [
            0.00124,
            -0.0,
            -0.012463
          ]
        ],
        "Lattice": [
          [
            8.33,
            0.0,
            0.0
          ],
          [
            0.0,
            8.839539657,
            0.0
          ],
          [
            0.0,
            0.0,
            21.359563785
          ]
        ],
        "NumAtoms": 61,
        "Positions": [
          [
            0.0,
            0.0,
            0.0
          ],
          [
            0.0,
            2.94648,
            0.0
          ],
          [
            4.165,
            0.0,
            0.0
          ],
          [
            4.165,
            2.94648,
            0.0
          ],
          [
            0.0,
            5.89306,
            0.0
          ],
          [
            4.165,
            5.89306,
            0.0
          ],
          [
            2.0825,
            1.47329,
            1.47381
          ],
          [
            2.0825,
            4.41977,
            1.47381
          ],
          [
            6.2475,
            1.47329,
            1.47381
          ],
          [
            6.2475,
            4.41977,
            1.47381
          ],
          [
            2.0825,
            7.36625,
            1.47381
          ],
          [
            6.2475,
            7.36625,
            1.47381
          ],
          [
            0.00912,
            2.93864,
            2.92233
          ],
          [
            0.00912,
            5.9009,
            2.92233
          ],
          [
            4.16563,
            2.93827,
            2.98482
          ],
          [
            4.16563,
            5.90127,
            2.98482
          ],
          [
            4.15391,
            -0.0,
            2.97785
          ],
          [
            0.00195,
            -0.0,
            2.93181
          ],
          [
            2.09094,
            4.41977,
            4.44706
          ],
          [
            2.09204,
            7.382,
            4.46859
          ],
          [
            3.86427,
            3.07513,
            6.17784
          ],
          [
            6.23091,
            7.38778,
            4.47531
          ],
          [
            2.09204,
            1.45754,
            4.46859
          ],
          [
            6.23091,
            1.45176,
            4.47531
          ],
          [
            0.10967,
            5.90832,
            5.76194
          ],
          [
            0.02301,
            -0.0,
            5.79366
          ],
          [
            3.86427,
            5.76441,
            6.17784
          ],
          [
            4.18188,
            -0.0,
            5.84462
          ],
          [
            0.10967,
            2.93122,
            5.76194
          ],
          [
            2.0825,
            0.0,
            0.0
          ],
          [
            2.0825,
            2.94648,
            0.0
          ],
          [
            6.2475,
            0.0,
            0.0
          ],
          [
            6.2475,
            2.94648,
            0.0
          ],
          [
            2.0825,
            5.89306,
            0.0
          ],
          [
            6.2475,
            5.89306,
            0.0
          ],
          [
            0.0,
            1.47329,
            1.47381
          ],
          [
            0.0,
            4.41977,
            1.47381
          ],
          [
            4.165,
            1.47329,
            1.47381
          ],
          [
            4.165,
            4.41977,
            1.47381
          ],
          [
            0.0,
            7.36625,
            1.47381
          ],
          [
            4.165,
            7.36625,
            1.47381
          ],
          [
            2.09399,
            -0.0,
            2.95414
          ],
          [
            2.094,
            2.95372,
            2.96631
          ],
          [
            6.22367,
            -0.0,
            2.95838
          ],
          [
            6.24867,
            3.01164,
            3.02238
          ],
          [
            2.094,
            5.88582,
            2.96631
          ],
          [
            6.24867,
            5.8279,
            3.02238
          ],
          [
            8.31145,
            1.45541,
            4.39875
          ],
          [
            8.27781,
            4.41977,
            4.37233
          ],
          [
            4.16877,
            1.5088,
            4.52719
          ],
          [
            4.26941,
            4.41977,
            4.45439
          ],
          [
            8.31145,
            7.38413,
            4.39875
          ],
          [
            4.16877,
            7.33074,
            4.52719
          ],
          [
            1.96673,
            2.94175,
            5.79654
          ],
          [
            1.96673,
            5.89779,
            5.79654
          ],
          [
            6.46104,
            3.02531,
            5.73898
          ],
          [
            6.46104,
            5.81423,
            5.73898
          ],
          [
            2.04087,
            -0.0,
            5.84869
          ],
          [
            6.29178,
            -0.0,
            5.84992
          ],
          [
            4.19107,
            4.41977,
            7.32594
          ],
          [
            6.21265,
            4.41977,
            4.67311
          ]
        ],
        "Stress": [
          [
            -69.2227,
            0.0,
            0.34408
          ],
          [
            0.0,
            -14.80731,
            0.0
          ],
          [
            0.34408,
            0.0,
            -35.16252
          ]
        ],
        "computation_code": "VASP",
        "pseudopotential_information": [
          [
            "PAW_PBE",
            "Ni",
            "02Aug2007"
          ],
          [
            "PAW_PBE",
            "O",
            "08Apr2002"
          ],
          [
            "PAW_PBE",
            "V_sv",
            "02Aug2007"
          ]
        ]
      }
    ],
    "EnergyStyle": "electronvolt",
    "ForcesStyle": "electronvoltperangstrom",
    "LatticeStyle": "angstrom",
    "PositionsStyle": "angstrom",
    "StressStyle": "kB"
  }
}