{
  "Dataset": {
    "AtomTypeStyle": "chemicalsymbol",
    "Data": [
      {
        "AtomTypes": [
          "Ni",
          "Ni",
          "Ni",
          "Ni",
          "Ni",
          "Ni",
          "Ni",
          "Ni",
          "Ni",
          "Ni",
          "Ni",
          "Ni",
          "Ni",
          "Ni",
          "Ni",
          "Ni",
          "Ni",
          "Ni",
          "Ni",
          "Ni",
          "Ni",
          "Ni",
          "Ni",
          "Ni",
          "Ni",
          "Ni",
          "Ni",
          "Ni",
          "Ni",
          "O",
          "O",
          "O",
          "O",
          "O",
          "O",
          "O",
          "O",
          "O",
          "O",
          "O",
          "O",
          "O",
          "O",
          "O",
          "O",
          "O",
          "O",
          "O",
          "O",
          "O",
          "O",
          "O",
          "O",
          "O",
          "O",
          "O",
          "O",
          "O",
          "O",
          "O",
          "O",
          "V"
        ],
        "Energy": -325.45744335,
        "Forces": [
          [
            -0.017054,
            -0.000365,
            0.876166
          ],
          [
            -0.015305,
            0.038276,
            0.876892
          ],
          [
            -0.1074,
            -0.000124,
            0.895257
          ],
          [
            -0.107177,
            0.001602,
            0.902029
          ],
          [
            -0.015372,
            -0.03789,
            0.877783
          ],
          [
            -0.107065,
            -0.001513,
            0.902195
          ],
          [
            0.06516,
            -0.001897,
            -0.871799
          ],
          [
            0.020639,
            -0.002103,
            -0.935522
          ],
          [
            -0.045256,
            0.016359,
            -0.84827
          ],
          [
            0.009399,
            0.001306,
            -0.833134
          ],
          [
            0.064373,
            -0.000516,
            -0.871209
          ],
          [
            -0.045092,
            -0.017609,
            -0.847999
          ],
          [
            -0.02789,
            0.03168,
            0.027616
          ],
          [
            -0.027661,
            -0.033744,
            0.025589
          ],
          [
            0.031438,
            0.030568,
            0.026868
          ],
          [
            0.033396,
            -0.027768,
            0.025385
          ],
          [
            0.007233,
            0.002152,
            0.019975
          ],
          [
            -0.004767,
            0.003657,
            0.019768
          ],
          [
            -0.007794,
            0.001068,
            0.011028
          ],
          [
            0.002546,
            -0.007571,
            0.002987
          ],
          [
            0.031577,
            -0.010249,
            -0.09394
          ],
          [
            0.005176,
            -0.008498,
            0.017942
          ],
          [
            0.002401,
            0.000466,
            0.002484
          ],
          [
            0.010088,
            0.008845,
            0.018951
          ],
          [
            0.013558,
            -0.018748,
            -0.002484
          ],
          [
            -0.009762,
            0.002257,
            -0.001269
          ],
          [
            0.030044,
            0.009481,
            -0.09255
          ],
          [
            0.009321,
            0.006199,
            -0.001705
          ],
          [
            0.008925,
            0.026969,
            -0.000242
          ],
          [
            0.004734,
            0.000176,
            0.477818
          ],
          [
            0.016584,
            -0.015832,
            0.485889
          ],
          [
            0.033103,
            0.000325,
            0.555738
          ],
          [
            0.02218,
            -0.030502,
            0.598404
          ],
          [
            0.016737,
            0.016136,
            0.485269
          ],
          [
            0.02207,
            0.029997,
            0.597802
          ],
          [
            -0.071217,
            0.012279,
            -0.644686
          ],
          [
            -0.019771,
            -0.00073,
            -0.65612
          ],
          [
            0.109477,
            0.053385,
            -0.468368
          ],
          [
            0.077937,
            -0.001537,
            -0.418565
          ],
          [
            -0.070207,
            -0.014391,
            -0.645482
          ],
          [
            0.108137,
            -0.05544,
            -0.468692
          ],
          [
            0.005559,
            -0.001019,
            -0.011643
          ],
          [
            0.002408,
            -0.008837,
            -0.025595
          ],
          [
            -0.00497,
            0.000333,
            -0.012
          ],
          [
            0.006704,
            -0.083267,
            -0.057952
          ],
          [
            0.004187,
            0.015165,
            -0.02164
          ],
          [
            0.007035,
            0.080933,
            -0.06015
          ],
          [
            0.014248,
            -0.006195,
            -0.003314
          ],
          [
            0.188616,
            0.000274,
            0.111133
          ],
          [
            -0.017508,
            0.007015,
            -0.00024
          ],
          [
            -0.175991,
            -0.001941,
            0.180212
          ],
          [
            0.008156,
            0.008547,
            -0.008182
          ],
          [
            -0.014078,
            -0.003269,
            0.002823
          ],
          [
            -0.001587,
            -0.006515,
            0.018557
          ],
          [
            -0.002371,
            0.00558,
            0.026199
          ],
          [
            -0.01556,
            -0.245188,
            -0.087093
          ],
          [
            -0.024426,
            0.230834,
            -0.088353
          ],
          [
            6.3e-05,
            -0.006931,
            -4.6e-05
          ],
          [
            0.000787,
            -0.005945,
            0.00249
          ],
          [
            -0.019992,
            -0.199452,
            0.072769
          ],
          [
            -0.01892,
            0.200406,
            0.070013
          ],
          [
            0.000197,
            0.013317,
            -0.135784
          ]
        ],
        "Lattice": [
          [
            8.33,
            0.0,
            0.0
          ],
          [
            0.0,
            8.839539657,
            0.0
          ],
          [
            0.0,
            0.0,
            21.359563785
          ]
        ],
        "NumAtoms": 62,
        "Positions": [
          [
            0.0,
            0.0,
            0.0
          ],
          [
            0.0,
            2.94648,
            0.0
          ],
          [
            4.165,
            0.0,
            0.0
          ],
          [
            4.165,
            2.94648,
            0.0
          ],
          [
            0.0,
            5.89306,
            0.0
          ],
          [
            4.165,
            5.89306,
            0.0
          ],
          [
            2.0825,
            1.47329,
            1.47381
          ],
          [
            2.0825,
            4.41977,
            1.47381
          ],
          [
            6.2475,
            1.47329,
            1.47381
          ],
          [
            6.2475,
            4.41977,
            1.47381
          ],
          [
            2.0825,
            7.36625,
            1.47381
          ],
          [
            6.2475,
            7.36625,
            1.47381
          ],
          [
            0.00797,
            2.92444,
            2.94471
          ],
          [
            0.00796,
            5.9145,
            2.94538
          ],
          [
            4.1613,
            2.94029,
            2.96934
          ],
          [
            4.16106,
            5.89822,
            2.96939
          ],
          [
            4.15401,
            8.83908,
            2.96279
          ],
          [
            0.00066,
            8.83917,
            2.94243
          ],
          [
            2.0845,
            4.41912,
            4.44059
          ],
          [
            2.06043,
            7.37353,
            4.47269
          ],
          [
            3.96886,
            2.93334,
            6.01308
          ],
          [
            6.26234,
            7.3808,
            4.48004
          ],
          [
            2.0609,
            1.46633,
            4.47297
          ],
          [
            6.26121,
            1.45884,
            4.48033
          ],
          [
            0.14258,
            5.73552,
            6.01487
          ],
          [
            0.04223,
            8.83827,
            5.76419
          ],
          [
            3.96687,
            5.9049,
            6.01242
          ],
          [
            4.18473,
            8.83824,
            5.78899
          ],
          [
            0.1423,
            3.09922,
            6.01327
          ],
          [
            2.0825,
            0.0,
            0.0
          ],
          [
            2.0825,
            2.94648,
            0.0
          ],
          [
            6.2475,
            0.0,
            0.0
          ],
          [
            6.2475,
            2.94648,
            0.0
          ],
          [
            2.0825,
            5.89306,
            0.0
          ],
          [
            6.2475,
            5.89306,
            0.0
          ],
          [
            0.0,
            1.47329,
            1.47381
          ],
          [
            0.0,
            4.41977,
            1.47381
          ],
          [
            4.165,
            1.47329,
            1.47381
          ],
          [
            4.165,
            4.41977,
            1.47381
          ],
          [
            0.0,
            7.36625,
            1.47381
          ],
          [
            4.165,
            7.36625,
            1.47381
          ],
          [
            2.10618,
            3e-05,
            2.95239
          ],
          [
            2.10303,
            2.95826,
            2.96412
          ],
          [
            6.20992,
            8.8395,
            2.95651
          ],
          [
            6.22459,
            3.01387,
            3.02927
          ],
          [
            2.10263,
            5.87991,
            2.96359
          ],
          [
            6.22474,
            5.82644,
            3.02913
          ],
          [
            8.30984,
            1.44107,
            4.39367
          ],
          [
            8.22982,
            4.41836,
            4.31381
          ],
          [
            4.17656,
            1.52149,
            4.49668
          ],
          [
            4.29628,
            4.41953,
            4.53747
          ],
          [
            8.31087,
            7.39812,
            4.39267
          ],
          [
            4.17635,
            7.3164,
            4.49627
          ],
          [
            2.03588,
            2.95623,
            5.79542
          ],
          [
            2.03539,
            5.88282,
            5.79394
          ],
          [
            6.37852,
            3.05645,
            5.79051
          ],
          [
            6.38264,
            5.78323,
            5.78932
          ],
          [
            2.09893,
            0.00052,
            5.84334
          ],
          [
            6.24237,
            0.00019,
            5.84545
          ],
          [
            4.22742,
            5.098,
            7.70773
          ],
          [
            4.22537,
            3.74149,
            7.70922
          ],
          [
            6.26244,
            4.42013,
            4.66836
          ]
        ],
        "Stress": [
          [
            -74.0701,
            -0.01081,
            0.36717
          ],
          [
            -0.01081,
            -15.02284,
            0.00592
          ],
          [
            0.36717,
            0.00592,
            -36.4107
          ]
        ],
        "computation_code": "VASP",
        "pseudopotential_information": [
          [
            "PAW_PBE",
            "Ni",
            "02Aug2007"
          ],
          [
            "PAW_PBE",
            "O",
            "08Apr2002"
          ],
          [
            "PAW_PBE",
            "V_sv",
            "02Aug2007"
          ]
        ]
      }
    ],
    "EnergyStyle": "electronvolt",
    "ForcesStyle": "electronvoltperangstrom",
    "LatticeStyle": "angstrom",
    "PositionsStyle": "angstrom",
    "StressStyle": "kB"
  }
}