{
  "Dataset": {
    "AtomTypeStyle": "chemicalsymbol",
    "Data": [
      {
        "AtomTypes": [
          "Ni",
          "Ni",
          "Ni",
          "Ni",
          "Ni",
          "Ni",
          "Ni",
          "Ni",
          "Ni",
          "Ni",
          "Ni",
          "Ni",
          "Ni",
          "Ni",
          "Ni",
          "Ni",
          "Ni",
          "Ni",
          "Ni",
          "Ni",
          "Ni",
          "Ni",
          "Ni",
          "Ni",
          "Ni",
          "Ni",
          "Ni",
          "Ni",
          "Ni",
          "O",
          "O",
          "O",
          "O",
          "O",
          "O",
          "O",
          "O",
          "O",
          "O",
          "O",
          "O",
          "O",
          "O",
          "O",
          "O",
          "O",
          "O",
          "O",
          "O",
          "O",
          "O",
          "O",
          "O",
          "O",
          "O",
          "O",
          "O",
          "O",
          "O",
          "V"
        ],
        "Energy": -313.26227109,
        "Forces": [
          [
            -0.058942,
            0.009582,
            0.885469
          ],
          [
            -0.055323,
            0.002648,
            0.942056
          ],
          [
            -0.068497,
            -0.013456,
            0.821944
          ],
          [
            -0.062323,
            -0.003625,
            0.754668
          ],
          [
            -0.06054,
            -0.011871,
            0.908491
          ],
          [
            -0.062244,
            0.016713,
            0.828338
          ],
          [
            -0.088211,
            0.028821,
            -0.885753
          ],
          [
            -0.111127,
            -0.023139,
            -0.851171
          ],
          [
            0.095788,
            0.05949,
            -0.803625
          ],
          [
            0.099598,
            0.007385,
            -0.790114
          ],
          [
            -0.030231,
            -0.030995,
            -0.912662
          ],
          [
            0.03497,
            -0.00716,
            -0.84037
          ],
          [
            0.009885,
            -0.017083,
            -0.056935
          ],
          [
            0.010689,
            -0.056676,
            -0.039299
          ],
          [
            0.011252,
            -0.004922,
            -0.057474
          ],
          [
            0.01493,
            -0.032855,
            -0.046943
          ],
          [
            -0.029753,
            0.027236,
            0.004389
          ],
          [
            0.026468,
            0.009785,
            0.084363
          ],
          [
            -0.004443,
            0.034332,
            -0.076403
          ],
          [
            0.027435,
            0.004946,
            0.028627
          ],
          [
            -0.021002,
            -0.052708,
            0.030483
          ],
          [
            -0.046056,
            0.000844,
            0.005172
          ],
          [
            0.024657,
            -0.010155,
            -0.08009
          ],
          [
            0.062409,
            0.037054,
            0.003281
          ],
          [
            -0.000701,
            -0.081891,
            0.072551
          ],
          [
            -0.03651,
            0.009178,
            -0.037714
          ],
          [
            -0.002837,
            0.041771,
            -0.09563
          ],
          [
            -0.011738,
            -0.05366,
            -0.163985
          ],
          [
            0.049968,
            0.176063,
            0.080701
          ],
          [
            0.044248,
            0.011109,
            0.491172
          ],
          [
            0.050236,
            0.004084,
            0.590484
          ],
          [
            -0.002476,
            0.008579,
            0.507792
          ],
          [
            -0.011236,
            -0.004405,
            0.600055
          ],
          [
            0.044483,
            -0.012097,
            0.504005
          ],
          [
            -0.001827,
            -0.011233,
            0.503572
          ],
          [
            0.007148,
            0.060348,
            -0.508726
          ],
          [
            0.01125,
            -0.033372,
            -0.50912
          ],
          [
            0.031911,
            -0.042594,
            -0.658255
          ],
          [
            0.005644,
            0.076683,
            -0.629551
          ],
          [
            -0.002697,
            0.00863,
            -0.528012
          ],
          [
            0.033052,
            -0.023958,
            -0.652454
          ],
          [
            -0.084936,
            0.034057,
            0.086765
          ],
          [
            0.030006,
            0.035694,
            0.004109
          ],
          [
            0.087682,
            -0.002865,
            0.065335
          ],
          [
            0.002478,
            -0.057889,
            -0.013571
          ],
          [
            0.026885,
            -0.051741,
            0.070024
          ],
          [
            -0.007788,
            -0.005898,
            0.021088
          ],
          [
            -0.084995,
            -0.15633,
            0.060339
          ],
          [
            0.018354,
            0.053704,
            0.003959
          ],
          [
            -0.00874,
            -0.049481,
            0.031756
          ],
          [
            0.010116,
            0.06853,
            0.028941
          ],
          [
            0.006099,
            0.063397,
            -0.130908
          ],
          [
            0.009216,
            0.028583,
            0.166244
          ],
          [
            0.010696,
            0.027848,
            0.133544
          ],
          [
            0.078763,
            0.017476,
            -0.002879
          ],
          [
            -0.109466,
            0.005088,
            -0.068195
          ],
          [
            -0.068833,
            0.001527,
            0.056264
          ],
          [
            0.04614,
            -0.040771,
            0.028413
          ],
          [
            -0.063645,
            -0.059535,
            -0.028765
          ],
          [
            0.174661,
            -0.01882,
            0.064213
          ]
        ],
        "Lattice": [
          [
            8.33,
            0.0,
            0.0
          ],
          [
            0.0,
            8.839539657,
            0.0
          ],
          [
            0.0,
            0.0,
            21.359563785
          ]
        ],
        "NumAtoms": 60,
        "Positions": [
          [
            0.0,
            0.0,
            0.0
          ],
          [
            0.0,
            2.94648,
            0.0
          ],
          [
            4.165,
            0.0,
            0.0
          ],
          [
            4.165,
            2.94648,
            0.0
          ],
          [
            0.0,
            5.89306,
            0.0
          ],
          [
            4.165,
            5.89306,
            0.0
          ],
          [
            2.0825,
            1.47329,
            1.47381
          ],
          [
            2.0825,
            4.41977,
            1.47381
          ],
          [
            6.2475,
            1.47329,
            1.47381
          ],
          [
            6.2475,
            4.41977,
            1.47381
          ],
          [
            2.0825,
            7.36625,
            1.47381
          ],
          [
            6.2475,
            7.36625,
            1.47381
          ],
          [
            8.31886,
            2.95663,
            2.98946
          ],
          [
            8.31623,
            5.89779,
            2.96222
          ],
          [
            4.16636,
            2.95003,
            2.88668
          ],
          [
            4.16307,
            5.90372,
            2.94516
          ],
          [
            4.17545,
            8.82539,
            2.93736
          ],
          [
            8.32295,
            0.0011,
            2.94462
          ],
          [
            2.06244,
            4.47381,
            4.47182
          ],
          [
            2.06805,
            7.35859,
            4.49217
          ],
          [
            6.24811,
            4.45304,
            4.50624
          ],
          [
            6.24527,
            7.38019,
            4.49369
          ],
          [
            2.10407,
            1.39087,
            4.45104
          ],
          [
            6.25207,
            1.45461,
            4.51121
          ],
          [
            -0.01865,
            5.89016,
            5.81205
          ],
          [
            0.00789,
            0.03215,
            5.83187
          ],
          [
            4.174,
            6.1194,
            5.95196
          ],
          [
            4.18876,
            8.60572,
            5.97611
          ],
          [
            0.56717,
            2.84747,
            5.84818
          ],
          [
            2.0825,
            0.0,
            0.0
          ],
          [
            2.0825,
            2.94648,
            0.0
          ],
          [
            6.2475,
            0.0,
            0.0
          ],
          [
            6.2475,
            2.94648,
            0.0
          ],
          [
            2.0825,
            5.89306,
            0.0
          ],
          [
            6.2475,
            5.89306,
            0.0
          ],
          [
            0.0,
            1.47329,
            1.47381
          ],
          [
            0.0,
            4.41977,
            1.47381
          ],
          [
            4.165,
            1.47329,
            1.47381
          ],
          [
            4.165,
            4.41977,
            1.47381
          ],
          [
            0.0,
            7.36625,
            1.47381
          ],
          [
            4.165,
            7.36625,
            1.47381
          ],
          [
            2.08641,
            0.00108,
            2.94025
          ],
          [
            2.07168,
            2.94042,
            3.02887
          ],
          [
            6.24402,
            0.0226,
            2.95753
          ],
          [
            6.24463,
            2.95792,
            3.04145
          ],
          [
            2.06773,
            5.88497,
            2.95171
          ],
          [
            6.24356,
            5.88267,
            2.95986
          ],
          [
            8.31902,
            1.49215,
            4.44826
          ],
          [
            8.29464,
            4.41571,
            4.46575
          ],
          [
            4.1629,
            1.52769,
            4.3919
          ],
          [
            4.13585,
            4.37256,
            4.41727
          ],
          [
            -0.00855,
            7.37637,
            4.46373
          ],
          [
            4.15231,
            7.36541,
            4.35062
          ],
          [
            2.46835,
            2.89343,
            6.21942
          ],
          [
            2.03108,
            5.86987,
            5.85043
          ],
          [
            5.78887,
            2.95008,
            6.17771
          ],
          [
            6.26118,
            5.89495,
            5.84072
          ],
          [
            2.0602,
            0.00348,
            5.83633
          ],
          [
            6.27824,
            0.02356,
            5.85666
          ],
          [
            4.14778,
            2.9365,
            5.666
          ]
        ],
        "Stress": [
          [
            -77.58769,
            -0.4645,
            0.73048
          ],
          [
            -0.4645,
            -15.12781,
            0.00201
          ],
          [
            0.73048,
            0.00201,
            -34.08792
          ]
        ],
        "computation_code": "VASP",
        "pseudopotential_information": [
          [
            "PAW_PBE",
            "Ni",
            "02Aug2007"
          ],
          [
            "PAW_PBE",
            "O",
            "08Apr2002"
          ],
          [
            "PAW_PBE",
            "V_sv",
            "02Aug2007"
          ]
        ]
      }
    ],
    "EnergyStyle": "electronvolt",
    "ForcesStyle": "electronvoltperangstrom",
    "LatticeStyle": "angstrom",
    "PositionsStyle": "angstrom",
    "StressStyle": "kB"
  }
}