{
  "Dataset": {
    "AtomTypeStyle": "chemicalsymbol",
    "Data": [
      {
        "AtomTypes": [
          "Ni",
          "Ni",
          "Ni",
          "Ni",
          "Ni",
          "Ni",
          "Ni",
          "Ni",
          "Ni",
          "Ni",
          "Ni",
          "Ni",
          "Ni",
          "Ni",
          "Ni",
          "Ni",
          "Ni",
          "Ni",
          "Ni",
          "Ni",
          "Ni",
          "Ni",
          "Ni",
          "Ni",
          "Ni",
          "Ni",
          "Ni",
          "Ni",
          "Ni",
          "O",
          "O",
          "O",
          "O",
          "O",
          "O",
          "O",
          "O",
          "O",
          "O",
          "O",
          "O",
          "O",
          "O",
          "O",
          "O",
          "O",
          "O",
          "O",
          "O",
          "O",
          "O",
          "O",
          "O",
          "O",
          "O",
          "O",
          "O",
          "O",
          "O",
          "O",
          "O",
          "V"
        ],
        "Energy": -325.48652516,
        "Forces": [
          [
            -0.01786,
            -0.000743,
            0.891382
          ],
          [
            -0.014252,
            0.033353,
            0.88771
          ],
          [
            -0.107825,
            5.1e-05,
            0.915883
          ],
          [
            -0.108879,
            -0.002462,
            0.916956
          ],
          [
            -0.014291,
            -0.032726,
            0.888455
          ],
          [
            -0.108818,
            0.002297,
            0.916949
          ],
          [
            0.063977,
            -0.002233,
            -0.860373
          ],
          [
            0.019239,
            -0.001193,
            -0.927639
          ],
          [
            -0.04359,
            0.001751,
            -0.852399
          ],
          [
            0.012301,
            -0.000525,
            -0.866279
          ],
          [
            0.062679,
            0.000523,
            -0.859785
          ],
          [
            -0.042405,
            -0.001251,
            -0.853322
          ],
          [
            0.022633,
            -0.007327,
            0.005802
          ],
          [
            0.024108,
            0.00854,
            0.00592
          ],
          [
            -0.023633,
            0.000315,
            0.009397
          ],
          [
            -0.024396,
            0.00144,
            0.008842
          ],
          [
            -0.002567,
            0.001035,
            -0.00085
          ],
          [
            0.004362,
            -0.000252,
            -0.006893
          ],
          [
            0.03089,
            0.000927,
            -0.001423
          ],
          [
            -0.000685,
            0.00291,
            0.001098
          ],
          [
            0.049688,
            0.003955,
            0.009482
          ],
          [
            0.003702,
            0.05458,
            -0.027075
          ],
          [
            0.002028,
            -0.005675,
            -0.00036
          ],
          [
            0.004086,
            -0.050703,
            -0.021694
          ],
          [
            0.017642,
            0.07814,
            0.088861
          ],
          [
            0.002856,
            -0.002783,
            0.000657
          ],
          [
            0.041574,
            -0.004181,
            0.011138
          ],
          [
            0.002236,
            0.00281,
            0.002752
          ],
          [
            0.01739,
            -0.079804,
            0.1022
          ],
          [
            0.008746,
            0.000159,
            0.466567
          ],
          [
            0.019998,
            -0.012849,
            0.475397
          ],
          [
            0.029822,
            0.000242,
            0.544392
          ],
          [
            0.018797,
            -0.024924,
            0.589609
          ],
          [
            0.020382,
            0.012867,
            0.475241
          ],
          [
            0.018408,
            0.024477,
            0.589216
          ],
          [
            -0.071675,
            0.023285,
            -0.647051
          ],
          [
            -0.028131,
            -0.001031,
            -0.641029
          ],
          [
            0.111544,
            0.062774,
            -0.476827
          ],
          [
            0.088301,
            -0.000935,
            -0.407123
          ],
          [
            -0.070993,
            -0.024324,
            -0.648362
          ],
          [
            0.110839,
            -0.063952,
            -0.476823
          ],
          [
            0.007884,
            -0.000273,
            -0.003973
          ],
          [
            0.009101,
            -0.00222,
            -0.009381
          ],
          [
            -0.003511,
            0.000422,
            0.002412
          ],
          [
            0.001266,
            0.034065,
            -0.012169
          ],
          [
            0.010227,
            0.003563,
            -0.007707
          ],
          [
            0.000731,
            -0.03135,
            -0.014
          ],
          [
            0.01577,
            -0.018094,
            -0.026735
          ],
          [
            -0.002491,
            0.004054,
            -0.015913
          ],
          [
            -0.00771,
            -0.009605,
            -0.026172
          ],
          [
            0.004736,
            -0.003546,
            0.038639
          ],
          [
            0.011814,
            0.017347,
            -0.027253
          ],
          [
            -0.006263,
            0.009482,
            -0.022185
          ],
          [
            0.034674,
            -0.016717,
            0.022116
          ],
          [
            0.035428,
            0.015206,
            0.025611
          ],
          [
            -0.076206,
            0.066694,
            -0.119648
          ],
          [
            -0.07744,
            -0.063892,
            -0.11272
          ],
          [
            0.005141,
            -0.002414,
            -0.002329
          ],
          [
            -0.007001,
            -0.002799,
            0.015462
          ],
          [
            -0.029667,
            -0.054357,
            0.009404
          ],
          [
            -0.028647,
            0.055656,
            0.008805
          ],
          [
            -0.026062,
            0.002217,
            0.049138
          ]
        ],
        "Lattice": [
          [
            8.33,
            0.0,
            0.0
          ],
          [
            0.0,
            8.839539657,
            0.0
          ],
          [
            0.0,
            0.0,
            21.359563785
          ]
        ],
        "NumAtoms": 62,
        "Positions": [
          [
            0.0,
            0.0,
            0.0
          ],
          [
            0.0,
            2.94648,
            0.0
          ],
          [
            4.165,
            0.0,
            0.0
          ],
          [
            4.165,
            2.94648,
            0.0
          ],
          [
            0.0,
            5.89306,
            0.0
          ],
          [
            4.165,
            5.89306,
            0.0
          ],
          [
            2.0825,
            1.47329,
            1.47381
          ],
          [
            2.0825,
            4.41977,
            1.47381
          ],
          [
            6.2475,
            1.47329,
            1.47381
          ],
          [
            6.2475,
            4.41977,
            1.47381
          ],
          [
            2.0825,
            7.36625,
            1.47381
          ],
          [
            6.2475,
            7.36625,
            1.47381
          ],
          [
            0.00585,
            2.92738,
            2.94783
          ],
          [
            0.00589,
            5.91137,
            2.94827
          ],
          [
            4.16366,
            2.94326,
            2.97212
          ],
          [
            4.16358,
            5.89557,
            2.972
          ],
          [
            4.15475,
            8.83932,
            2.96465
          ],
          [
            0.00021,
            8.83952,
            2.94427
          ],
          [
            2.08383,
            4.41921,
            4.44139
          ],
          [
            2.06039,
            7.37285,
            4.47276
          ],
          [
            3.97388,
            2.93199,
            6.00292
          ],
          [
            6.2632,
            7.38136,
            4.48152
          ],
          [
            2.06089,
            1.46627,
            4.47298
          ],
          [
            6.26256,
            1.45844,
            4.48208
          ],
          [
            0.14325,
            5.73466,
            6.01559
          ],
          [
            0.04106,
            8.83844,
            5.7639
          ],
          [
            3.9715,
            5.90614,
            6.00244
          ],
          [
            4.18601,
            8.83895,
            5.78878
          ],
          [
            0.1424,
            3.10088,
            6.01419
          ],
          [
            2.0825,
            0.0,
            0.0
          ],
          [
            2.0825,
            2.94648,
            0.0
          ],
          [
            6.2475,
            0.0,
            0.0
          ],
          [
            6.2475,
            2.94648,
            0.0
          ],
          [
            2.0825,
            5.89306,
            0.0
          ],
          [
            6.2475,
            5.89306,
            0.0
          ],
          [
            0.0,
            1.47329,
            1.47381
          ],
          [
            0.0,
            4.41977,
            1.47381
          ],
          [
            4.165,
            1.47329,
            1.47381
          ],
          [
            4.165,
            4.41977,
            1.47381
          ],
          [
            0.0,
            7.36625,
            1.47381
          ],
          [
            4.165,
            7.36625,
            1.47381
          ],
          [
            2.10702,
            -8e-05,
            2.95126
          ],
          [
            2.10363,
            2.95728,
            2.96139
          ],
          [
            6.20923,
            0.0,
            2.95537
          ],
          [
            6.22523,
            3.00656,
            3.02312
          ],
          [
            2.10344,
            5.88156,
            2.9613
          ],
          [
            6.2254,
            5.83359,
            3.0227
          ],
          [
            8.31192,
            1.44022,
            4.39289
          ],
          [
            8.249,
            4.4184,
            4.32565
          ],
          [
            4.17438,
            1.5221,
            4.49621
          ],
          [
            4.27804,
            4.41922,
            4.55738
          ],
          [
            8.31222,
            7.39926,
            4.39133
          ],
          [
            4.17455,
            7.31615,
            4.49622
          ],
          [
            2.03687,
            2.95527,
            5.79843
          ],
          [
            2.03646,
            5.88367,
            5.79781
          ],
          [
            6.3752,
            3.03472,
            5.77802
          ],
          [
            6.37825,
            5.80352,
            5.77681
          ],
          [
            2.09918,
            -0.00024,
            5.84349
          ],
          [
            6.24211,
            -0.00049,
            5.84618
          ],
          [
            4.2246,
            5.09336,
            7.71535
          ],
          [
            4.22264,
            3.74626,
            7.7166
          ],
          [
            6.26347,
            4.42162,
            4.6581
          ]
        ],
        "Stress": [
          [
            -74.07813,
            -0.01879,
            0.34094
          ],
          [
            -0.01879,
            -14.61705,
            -0.00465
          ],
          [
            0.34094,
            -0.00465,
            -36.31128
          ]
        ],
        "computation_code": "VASP",
        "pseudopotential_information": [
          [
            "PAW_PBE",
            "Ni",
            "02Aug2007"
          ],
          [
            "PAW_PBE",
            "O",
            "08Apr2002"
          ],
          [
            "PAW_PBE",
            "V_sv",
            "02Aug2007"
          ]
        ]
      }
    ],
    "EnergyStyle": "electronvolt",
    "ForcesStyle": "electronvoltperangstrom",
    "LatticeStyle": "angstrom",
    "PositionsStyle": "angstrom",
    "StressStyle": "kB"
  }
}