{
  "Dataset": {
    "AtomTypeStyle": "chemicalsymbol",
    "Data": [
      {
        "AtomTypes": [
          "Ni",
          "Ni",
          "Ni",
          "Ni",
          "Ni",
          "Ni",
          "Ni",
          "Ni",
          "Ni",
          "Ni",
          "Ni",
          "Ni",
          "Ni",
          "Ni",
          "Ni",
          "Ni",
          "Ni",
          "Ni",
          "Ni",
          "Ni",
          "Ni",
          "Ni",
          "Ni",
          "Ni",
          "Ni",
          "Ni",
          "Ni",
          "Ni",
          "Ni",
          "O",
          "O",
          "O",
          "O",
          "O",
          "O",
          "O",
          "O",
          "O",
          "O",
          "O",
          "O",
          "O",
          "O",
          "O",
          "O",
          "O",
          "O",
          "O",
          "O",
          "O",
          "O",
          "O",
          "O",
          "O",
          "O",
          "O",
          "O",
          "O",
          "O",
          "O",
          "V"
        ],
        "Energy": -321.75778601,
        "Forces": [
          [
            -0.065602,
            -0.005454,
            0.957175
          ],
          [
            -0.061758,
            -0.000343,
            0.959093
          ],
          [
            -0.065394,
            0.038933,
            0.885819
          ],
          [
            -0.058056,
            -0.01982,
            0.923062
          ],
          [
            -0.061749,
            0.007203,
            0.923106
          ],
          [
            -0.062468,
            -0.021564,
            0.890539
          ],
          [
            -0.017739,
            -0.018093,
            -0.859509
          ],
          [
            0.00276,
            -0.058749,
            -0.97671
          ],
          [
            0.021347,
            -0.027367,
            -0.754733
          ],
          [
            -0.002839,
            -0.058122,
            -0.834144
          ],
          [
            -0.086774,
            0.056372,
            -0.949549
          ],
          [
            0.094591,
            0.029878,
            -0.845009
          ],
          [
            -0.003039,
            -0.006028,
            0.026108
          ],
          [
            0.000267,
            0.015774,
            0.012455
          ],
          [
            -0.005863,
            -0.01138,
            0.00267
          ],
          [
            0.00478,
            0.013534,
            0.009345
          ],
          [
            0.016122,
            0.009465,
            -0.025299
          ],
          [
            -0.000378,
            -0.002852,
            -0.024346
          ],
          [
            -0.01464,
            -0.011691,
            0.021542
          ],
          [
            -0.006756,
            -0.01538,
            -0.01271
          ],
          [
            0.008139,
            -8.2e-05,
            0.013575
          ],
          [
            0.005148,
            -0.010837,
            0.003368
          ],
          [
            -0.015975,
            0.030007,
            0.011825
          ],
          [
            -0.010112,
            0.0264,
            0.007778
          ],
          [
            -0.000741,
            -0.010751,
            -0.046303
          ],
          [
            0.001426,
            0.01607,
            0.115811
          ],
          [
            0.010387,
            -0.000352,
            0.003428
          ],
          [
            0.006334,
            -0.017447,
            0.053103
          ],
          [
            0.022716,
            0.025581,
            -0.032807
          ],
          [
            0.042356,
            0.011964,
            0.457148
          ],
          [
            0.023794,
            0.004345,
            0.561433
          ],
          [
            0.000859,
            0.00906,
            0.461858
          ],
          [
            0.015953,
            0.002213,
            0.557191
          ],
          [
            0.044111,
            -0.011739,
            0.472971
          ],
          [
            -0.001656,
            -0.004028,
            0.480395
          ],
          [
            0.024196,
            0.108279,
            -0.553675
          ],
          [
            0.025777,
            -0.043444,
            -0.501371
          ],
          [
            0.022907,
            0.035304,
            -0.822399
          ],
          [
            0.011804,
            0.000277,
            -0.35991
          ],
          [
            3.8e-05,
            -0.056324,
            -0.622878
          ],
          [
            0.040375,
            -0.126409,
            -0.628627
          ],
          [
            0.01448,
            0.009995,
            -0.000537
          ],
          [
            -0.004064,
            0.006382,
            -0.004171
          ],
          [
            -0.009269,
            0.013561,
            0.006252
          ],
          [
            -0.00325,
            0.016566,
            -0.016583
          ],
          [
            -0.001727,
            0.009525,
            0.001204
          ],
          [
            0.001308,
            0.009088,
            0.008514
          ],
          [
            0.005715,
            0.046494,
            -0.020943
          ],
          [
            0.009168,
            -0.010141,
            0.03679
          ],
          [
            0.012508,
            0.025332,
            -0.013304
          ],
          [
            0.004892,
            0.004753,
            -0.028857
          ],
          [
            -0.007422,
            -0.030727,
            -0.000305
          ],
          [
            -0.001206,
            -0.005921,
            -0.004182
          ],
          [
            0.006291,
            -0.020538,
            0.038468
          ],
          [
            -0.013994,
            0.007593,
            -0.001172
          ],
          [
            -0.065638,
            0.040154,
            0.000291
          ],
          [
            0.032109,
            0.018953,
            -0.00811
          ],
          [
            0.034135,
            0.003653,
            0.001744
          ],
          [
            -0.021888,
            -0.000292,
            0.011078
          ],
          [
            -0.004709,
            0.034839,
            0.04648
          ],
          [
            0.107913,
            -0.081671,
            -0.013474
          ]
        ],
        "Lattice": [
          [
            8.33,
            0.0,
            0.0
          ],
          [
            0.0,
            8.839539657,
            0.0
          ],
          [
            0.0,
            0.0,
            21.359563785
          ]
        ],
        "NumAtoms": 61,
        "Positions": [
          [
            0.0,
            0.0,
            0.0
          ],
          [
            0.0,
            2.94648,
            0.0
          ],
          [
            4.165,
            0.0,
            0.0
          ],
          [
            4.165,
            2.94648,
            0.0
          ],
          [
            0.0,
            5.89306,
            0.0
          ],
          [
            4.165,
            5.89306,
            0.0
          ],
          [
            2.0825,
            1.47329,
            1.47381
          ],
          [
            2.0825,
            4.41977,
            1.47381
          ],
          [
            6.2475,
            1.47329,
            1.47381
          ],
          [
            6.2475,
            4.41977,
            1.47381
          ],
          [
            2.0825,
            7.36625,
            1.47381
          ],
          [
            6.2475,
            7.36625,
            1.47381
          ],
          [
            8.31637,
            2.93521,
            2.98362
          ],
          [
            -0.01847,
            5.90213,
            2.94881
          ],
          [
            4.16867,
            2.91011,
            2.96277
          ],
          [
            4.1696,
            5.91517,
            2.95071
          ],
          [
            4.17233,
            -0.03325,
            2.93007
          ],
          [
            8.32553,
            0.00888,
            2.96407
          ],
          [
            2.04838,
            4.49033,
            4.37965
          ],
          [
            2.06536,
            7.35683,
            4.49379
          ],
          [
            6.25503,
            4.41732,
            4.47823
          ],
          [
            6.236,
            7.36978,
            4.48264
          ],
          [
            2.15563,
            1.40539,
            4.43875
          ],
          [
            6.20844,
            1.47372,
            4.50478
          ],
          [
            8.28865,
            5.86839,
            5.88277
          ],
          [
            -0.01216,
            0.05572,
            5.85365
          ],
          [
            4.16098,
            5.98923,
            5.95608
          ],
          [
            4.17777,
            0.10901,
            5.85863
          ],
          [
            0.7064,
            2.9631,
            5.83689
          ],
          [
            2.0825,
            0.0,
            0.0
          ],
          [
            2.0825,
            2.94648,
            0.0
          ],
          [
            6.2475,
            0.0,
            0.0
          ],
          [
            6.2475,
            2.94648,
            0.0
          ],
          [
            2.0825,
            5.89306,
            0.0
          ],
          [
            6.2475,
            5.89306,
            0.0
          ],
          [
            0.0,
            1.47329,
            1.47381
          ],
          [
            0.0,
            4.41977,
            1.47381
          ],
          [
            4.165,
            1.47329,
            1.47381
          ],
          [
            4.165,
            4.41977,
            1.47381
          ],
          [
            0.0,
            7.36625,
            1.47381
          ],
          [
            4.165,
            7.36625,
            1.47381
          ],
          [
            2.05558,
            -0.00691,
            2.93897
          ],
          [
            2.09263,
            2.95638,
            3.01377
          ],
          [
            6.27361,
            0.00232,
            2.95053
          ],
          [
            6.23141,
            2.9567,
            3.0229
          ],
          [
            2.09151,
            5.89642,
            2.93879
          ],
          [
            6.22614,
            5.87123,
            2.9605
          ],
          [
            8.3235,
            1.51898,
            4.49147
          ],
          [
            8.2936,
            4.39983,
            4.43611
          ],
          [
            4.16109,
            1.37781,
            4.29576
          ],
          [
            4.11831,
            4.41724,
            4.51175
          ],
          [
            8.31851,
            7.37571,
            4.43819
          ],
          [
            4.14867,
            7.33793,
            4.48819
          ],
          [
            2.59052,
            2.66799,
            6.17997
          ],
          [
            2.00581,
            5.829,
            5.8144
          ],
          [
            5.74447,
            2.79635,
            6.00871
          ],
          [
            6.26738,
            5.86955,
            5.81142
          ],
          [
            2.06268,
            -0.01956,
            5.84071
          ],
          [
            6.24102,
            0.00183,
            5.85503
          ],
          [
            4.1731,
            4.6072,
            7.36076
          ],
          [
            4.15728,
            3.467,
            6.15169
          ]
        ],
        "Stress": [
          [
            -73.92983,
            -0.58318,
            0.86887
          ],
          [
            -0.58318,
            -9.43394,
            0.34122
          ],
          [
            0.86887,
            0.34122,
            -34.66343
          ]
        ],
        "computation_code": "VASP",
        "pseudopotential_information": [
          [
            "PAW_PBE",
            "Ni",
            "02Aug2007"
          ],
          [
            "PAW_PBE",
            "O",
            "08Apr2002"
          ],
          [
            "PAW_PBE",
            "V_sv",
            "02Aug2007"
          ]
        ]
      }
    ],
    "EnergyStyle": "electronvolt",
    "ForcesStyle": "electronvoltperangstrom",
    "LatticeStyle": "angstrom",
    "PositionsStyle": "angstrom",
    "StressStyle": "kB"
  }
}