{
  "Dataset": {
    "AtomTypeStyle": "chemicalsymbol",
    "Data": [
      {
        "AtomTypes": [
          "Ni",
          "Ni",
          "Ni",
          "Ni",
          "Ni",
          "Ni",
          "Ni",
          "Ni",
          "Ni",
          "Ni",
          "Ni",
          "Ni",
          "Ni",
          "Ni",
          "Ni",
          "Ni",
          "Ni",
          "Ni",
          "Ni",
          "Ni",
          "Ni",
          "Ni",
          "Ni",
          "Ni",
          "Ni",
          "Ni",
          "Ni",
          "Ni",
          "Ni",
          "O",
          "O",
          "O",
          "O",
          "O",
          "O",
          "O",
          "O",
          "O",
          "O",
          "O",
          "O",
          "O",
          "O",
          "O",
          "O",
          "O",
          "O",
          "O",
          "O",
          "O",
          "O",
          "O",
          "O",
          "O",
          "O",
          "O",
          "O",
          "O",
          "O",
          "V"
        ],
        "Energy": -313.28915049,
        "Forces": [
          [
            -0.063629,
            0.002395,
            0.867079
          ],
          [
            -0.058436,
            -0.00503,
            0.896138
          ],
          [
            -0.061629,
            -0.010637,
            0.775282
          ],
          [
            -0.056979,
            -0.005355,
            0.696981
          ],
          [
            -0.06271,
            0.00278,
            0.876346
          ],
          [
            -0.056977,
            0.015945,
            0.772009
          ],
          [
            -0.094897,
            0.014057,
            -0.944217
          ],
          [
            -0.106995,
            -0.02598,
            -0.92094
          ],
          [
            0.102231,
            0.023148,
            -0.812032
          ],
          [
            0.096599,
            0.00762,
            -0.81319
          ],
          [
            -0.049684,
            -0.049703,
            -0.932655
          ],
          [
            0.060387,
            0.005763,
            -0.834902
          ],
          [
            0.002208,
            -0.02833,
            0.049186
          ],
          [
            0.004671,
            0.058035,
            -0.023513
          ],
          [
            0.027508,
            -0.006428,
            0.035783
          ],
          [
            0.012374,
            0.037643,
            0.059443
          ],
          [
            0.027778,
            -0.014694,
            0.01153
          ],
          [
            -0.022847,
            0.013165,
            -0.012961
          ],
          [
            0.028622,
            0.050569,
            -0.025818
          ],
          [
            -0.020613,
            -0.035386,
            0.001526
          ],
          [
            0.015992,
            -0.017307,
            0.05927
          ],
          [
            0.039535,
            -0.095309,
            -0.008081
          ],
          [
            -0.093422,
            -0.000268,
            0.059418
          ],
          [
            -0.048529,
            -0.011308,
            0.043746
          ],
          [
            -0.002865,
            0.070234,
            -0.045189
          ],
          [
            -0.008374,
            -0.055631,
            0.057407
          ],
          [
            0.018588,
            -0.024397,
            0.025119
          ],
          [
            -0.02469,
            0.0612,
            0.07903
          ],
          [
            0.058463,
            0.070672,
            0.109226
          ],
          [
            0.045993,
            0.010904,
            0.519261
          ],
          [
            0.049636,
            0.005002,
            0.615351
          ],
          [
            -0.00505,
            0.008556,
            0.527531
          ],
          [
            -0.01115,
            -0.000443,
            0.616896
          ],
          [
            0.045817,
            -0.00959,
            0.53556
          ],
          [
            -0.004397,
            -0.013384,
            0.526119
          ],
          [
            0.020698,
            0.068209,
            -0.494676
          ],
          [
            0.01053,
            -0.059396,
            -0.456854
          ],
          [
            0.018654,
            -0.059385,
            -0.629495
          ],
          [
            0.003931,
            0.085055,
            -0.600241
          ],
          [
            0.007812,
            -0.040708,
            -0.519696
          ],
          [
            0.020146,
            -0.021653,
            -0.59267
          ],
          [
            0.030459,
            0.005527,
            -0.020685
          ],
          [
            -0.002483,
            -0.00398,
            -0.017499
          ],
          [
            -0.038383,
            -0.003145,
            -0.022015
          ],
          [
            0.031398,
            -0.006862,
            -0.013639
          ],
          [
            0.053744,
            0.040703,
            -0.062702
          ],
          [
            -0.017096,
            -0.046175,
            -0.001515
          ],
          [
            0.072326,
            0.144814,
            0.057214
          ],
          [
            0.015056,
            -0.007153,
            -0.055172
          ],
          [
            -0.034656,
            0.021655,
            0.033825
          ],
          [
            -0.006057,
            -0.056912,
            -0.0039
          ],
          [
            0.005516,
            -0.095717,
            0.038455
          ],
          [
            -0.007436,
            -0.075748,
            -0.130581
          ],
          [
            0.030928,
            0.043644,
            0.125412
          ],
          [
            -0.013887,
            -0.019112,
            0.012965
          ],
          [
            -0.16466,
            -0.016982,
            -0.104992
          ],
          [
            0.04168,
            -0.034212,
            0.013183
          ],
          [
            -0.062387,
            0.049117,
            -0.013585
          ],
          [
            0.022053,
            -0.019008,
            -0.021362
          ],
          [
            0.179584,
            0.058917,
            0.038485
          ]
        ],
        "Lattice": [
          [
            8.33,
            0.0,
            0.0
          ],
          [
            0.0,
            8.839539657,
            0.0
          ],
          [
            0.0,
            0.0,
            21.359563785
          ]
        ],
        "NumAtoms": 60,
        "Positions": [
          [
            0.0,
            0.0,
            0.0
          ],
          [
            0.0,
            2.94648,
            0.0
          ],
          [
            4.165,
            0.0,
            0.0
          ],
          [
            4.165,
            2.94648,
            0.0
          ],
          [
            0.0,
            5.89306,
            0.0
          ],
          [
            4.165,
            5.89306,
            0.0
          ],
          [
            2.0825,
            1.47329,
            1.47381
          ],
          [
            2.0825,
            4.41977,
            1.47381
          ],
          [
            6.2475,
            1.47329,
            1.47381
          ],
          [
            6.2475,
            4.41977,
            1.47381
          ],
          [
            2.0825,
            7.36625,
            1.47381
          ],
          [
            6.2475,
            7.36625,
            1.47381
          ],
          [
            8.31735,
            2.94742,
            2.97874
          ],
          [
            8.31301,
            5.88401,
            2.96109
          ],
          [
            4.16731,
            2.95046,
            2.87988
          ],
          [
            4.16639,
            5.90097,
            2.93727
          ],
          [
            4.17468,
            8.8274,
            2.93543
          ],
          [
            8.32436,
            -0.00586,
            2.94904
          ],
          [
            2.06685,
            4.4885,
            4.44714
          ],
          [
            2.06356,
            7.3581,
            4.49195
          ],
          [
            6.24256,
            4.44716,
            4.51169
          ],
          [
            6.23639,
            7.38437,
            4.49222
          ],
          [
            2.10976,
            1.37563,
            4.42609
          ],
          [
            6.26661,
            1.45971,
            4.50857
          ],
          [
            -0.03137,
            5.87431,
            5.82639
          ],
          [
            -0.00459,
            0.01621,
            5.81593
          ],
          [
            4.16149,
            6.1171,
            5.95157
          ],
          [
            4.18593,
            8.60247,
            5.96025
          ],
          [
            0.66812,
            2.8946,
            5.82782
          ],
          [
            2.0825,
            0.0,
            0.0
          ],
          [
            2.0825,
            2.94648,
            0.0
          ],
          [
            6.2475,
            0.0,
            0.0
          ],
          [
            6.2475,
            2.94648,
            0.0
          ],
          [
            2.0825,
            5.89306,
            0.0
          ],
          [
            6.2475,
            5.89306,
            0.0
          ],
          [
            0.0,
            1.47329,
            1.47381
          ],
          [
            0.0,
            4.41977,
            1.47381
          ],
          [
            4.165,
            1.47329,
            1.47381
          ],
          [
            4.165,
            4.41977,
            1.47381
          ],
          [
            0.0,
            7.36625,
            1.47381
          ],
          [
            4.165,
            7.36625,
            1.47381
          ],
          [
            2.07877,
            -0.0027,
            2.94241
          ],
          [
            2.07538,
            2.94307,
            3.02891
          ],
          [
            6.25208,
            0.02238,
            2.96408
          ],
          [
            6.24309,
            2.95395,
            3.03954
          ],
          [
            2.06587,
            5.87748,
            2.95753
          ],
          [
            6.24316,
            5.88182,
            2.96427
          ],
          [
            8.31359,
            1.46407,
            4.4487
          ],
          [
            8.29299,
            4.39855,
            4.48449
          ],
          [
            4.16318,
            1.52769,
            4.38788
          ],
          [
            4.13125,
            4.37587,
            4.42868
          ],
          [
            -0.01248,
            7.36931,
            4.44464
          ],
          [
            4.1478,
            7.37139,
            4.36257
          ],
          [
            2.54323,
            2.88746,
            6.34021
          ],
          [
            2.02605,
            5.86668,
            5.84254
          ],
          [
            5.80133,
            2.95474,
            6.17847
          ],
          [
            6.24926,
            5.89815,
            5.84333
          ],
          [
            2.05957,
            0.00083,
            5.83038
          ],
          [
            6.27087,
            0.02175,
            5.85237
          ],
          [
            4.16118,
            2.92789,
            5.67079
          ]
        ],
        "Stress": [
          [
            -76.62205,
            -0.2276,
            0.71363
          ],
          [
            -0.2276,
            -14.57535,
            0.36786
          ],
          [
            0.71363,
            0.36786,
            -33.04805
          ]
        ],
        "computation_code": "VASP",
        "pseudopotential_information": [
          [
            "PAW_PBE",
            "Ni",
            "02Aug2007"
          ],
          [
            "PAW_PBE",
            "O",
            "08Apr2002"
          ],
          [
            "PAW_PBE",
            "V_sv",
            "02Aug2007"
          ]
        ]
      }
    ],
    "EnergyStyle": "electronvolt",
    "ForcesStyle": "electronvoltperangstrom",
    "LatticeStyle": "angstrom",
    "PositionsStyle": "angstrom",
    "StressStyle": "kB"
  }
}