{
  "Dataset": {
    "AtomTypeStyle": "chemicalsymbol",
    "Data": [
      {
        "AtomTypes": [
          "Ni",
          "Ni",
          "Ni",
          "Ni",
          "Ni",
          "Ni",
          "Ni",
          "Ni",
          "Ni",
          "Ni",
          "Ni",
          "Ni",
          "Ni",
          "Ni",
          "Ni",
          "Ni",
          "Ni",
          "Ni",
          "Ni",
          "Ni",
          "Ni",
          "Ni",
          "Ni",
          "Ni",
          "Ni",
          "Ni",
          "Ni",
          "Ni",
          "Ni",
          "O",
          "O",
          "O",
          "O",
          "O",
          "O",
          "O",
          "O",
          "O",
          "O",
          "O",
          "O",
          "O",
          "O",
          "O",
          "O",
          "O",
          "O",
          "O",
          "O",
          "O",
          "O",
          "O",
          "O",
          "O",
          "O",
          "O",
          "O",
          "O",
          "O",
          "O",
          "V"
        ],
        "Energy": -320.7487941,
        "Forces": [
          [
            -0.01595,
            -0.0,
            0.737304
          ],
          [
            -0.019126,
            0.010665,
            0.732395
          ],
          [
            -0.102997,
            -0.0,
            0.900366
          ],
          [
            -0.10213,
            0.011971,
            0.922849
          ],
          [
            -0.019126,
            -0.010665,
            0.732395
          ],
          [
            -0.10213,
            -0.011971,
            0.922849
          ],
          [
            0.112763,
            0.009218,
            -0.927864
          ],
          [
            0.13715,
            -0.0,
            -0.955695
          ],
          [
            -0.07939,
            0.018694,
            -0.915847
          ],
          [
            -0.079789,
            -0.0,
            -0.893207
          ],
          [
            0.112763,
            -0.009218,
            -0.927864
          ],
          [
            -0.07939,
            -0.018694,
            -0.915847
          ],
          [
            0.0021,
            0.002725,
            0.006195
          ],
          [
            0.0021,
            -0.002725,
            0.006195
          ],
          [
            -0.00422,
            0.000525,
            -0.004771
          ],
          [
            -0.00422,
            -0.000525,
            -0.004771
          ],
          [
            0.002045,
            -0.0,
            0.003663
          ],
          [
            -0.00321,
            -0.0,
            0.006906
          ],
          [
            -0.005672,
            -0.0,
            0.00222
          ],
          [
            -0.002443,
            -0.003856,
            0.006673
          ],
          [
            0.009682,
            -0.006221,
            -0.004783
          ],
          [
            -0.003836,
            -0.001146,
            0.006196
          ],
          [
            -0.002443,
            0.003856,
            0.006673
          ],
          [
            -0.003836,
            0.001146,
            0.006196
          ],
          [
            -0.010545,
            -0.002677,
            0.00424
          ],
          [
            -0.002046,
            -0.0,
            -0.003657
          ],
          [
            0.009682,
            0.006221,
            -0.004783
          ],
          [
            0.003081,
            -0.0,
            -0.009033
          ],
          [
            -0.010545,
            0.002677,
            0.00424
          ],
          [
            0.000289,
            -0.0,
            0.515885
          ],
          [
            -0.00496,
            -0.011377,
            0.520617
          ],
          [
            0.033871,
            -0.0,
            0.592157
          ],
          [
            0.041337,
            -0.033251,
            0.618296
          ],
          [
            -0.00496,
            0.011377,
            0.520617
          ],
          [
            0.041337,
            0.033251,
            0.618296
          ],
          [
            -0.07461,
            0.005922,
            -0.527967
          ],
          [
            0.003011,
            -0.0,
            -0.553589
          ],
          [
            0.114518,
            0.03169,
            -0.379469
          ],
          [
            0.072327,
            -0.0,
            -0.441735
          ],
          [
            -0.07461,
            -0.005922,
            -0.527967
          ],
          [
            0.114518,
            -0.03169,
            -0.379469
          ],
          [
            0.000664,
            -0.0,
            -0.003509
          ],
          [
            -0.00137,
            0.003717,
            0.001495
          ],
          [
            0.003375,
            -0.0,
            -0.000567
          ],
          [
            0.003391,
            -0.003808,
            -0.006296
          ],
          [
            -0.00137,
            -0.003717,
            0.001495
          ],
          [
            0.003391,
            0.003808,
            -0.006296
          ],
          [
            -0.000352,
            0.002044,
            0.004015
          ],
          [
            0.012007,
            -0.0,
            -0.005625
          ],
          [
            0.00249,
            0.000752,
            0.001436
          ],
          [
            -0.012521,
            -0.0,
            -0.011277
          ],
          [
            -0.000352,
            -0.002044,
            0.004015
          ],
          [
            0.00249,
            -0.000752,
            0.001436
          ],
          [
            0.005695,
            0.003454,
            -0.00101
          ],
          [
            0.005695,
            -0.003454,
            -0.00101
          ],
          [
            -0.006857,
            0.011189,
            -0.008736
          ],
          [
            -0.006857,
            -0.011189,
            -0.008736
          ],
          [
            0.000393,
            -0.0,
            -0.002096
          ],
          [
            -0.001787,
            -0.0,
            -0.003877
          ],
          [
            -0.019626,
            -0.0,
            0.000171
          ],
          [
            0.011112,
            -0.0,
            0.029863
          ]
        ],
        "Lattice": [
          [
            8.33,
            0.0,
            0.0
          ],
          [
            0.0,
            8.839539657,
            0.0
          ],
          [
            0.0,
            0.0,
            21.359563785
          ]
        ],
        "NumAtoms": 61,
        "Positions": [
          [
            0.0,
            0.0,
            0.0
          ],
          [
            0.0,
            2.94648,
            0.0
          ],
          [
            4.165,
            0.0,
            0.0
          ],
          [
            4.165,
            2.94648,
            0.0
          ],
          [
            0.0,
            5.89306,
            0.0
          ],
          [
            4.165,
            5.89306,
            0.0
          ],
          [
            2.0825,
            1.47329,
            1.47381
          ],
          [
            2.0825,
            4.41977,
            1.47381
          ],
          [
            6.2475,
            1.47329,
            1.47381
          ],
          [
            6.2475,
            4.41977,
            1.47381
          ],
          [
            2.0825,
            7.36625,
            1.47381
          ],
          [
            6.2475,
            7.36625,
            1.47381
          ],
          [
            0.00907,
            2.9384,
            2.92195
          ],
          [
            0.00907,
            5.90114,
            2.92195
          ],
          [
            4.16596,
            2.93823,
            2.98535
          ],
          [
            4.16596,
            5.90131,
            2.98535
          ],
          [
            4.15368,
            -0.0,
            2.97765
          ],
          [
            0.00226,
            -0.0,
            2.9313
          ],
          [
            2.09115,
            4.41977,
            4.44687
          ],
          [
            2.09232,
            7.38247,
            4.46803
          ],
          [
            3.86282,
            3.07568,
            6.17846
          ],
          [
            6.23124,
            7.38818,
            4.47495
          ],
          [
            2.09232,
            1.45707,
            4.46803
          ],
          [
            6.23124,
            1.45136,
            4.47495
          ],
          [
            0.11028,
            5.90856,
            5.76131
          ],
          [
            0.02331,
            -0.0,
            5.79394
          ],
          [
            3.86282,
            5.76386,
            6.17846
          ],
          [
            4.18152,
            -0.0,
            5.84491
          ],
          [
            0.11028,
            2.93098,
            5.76131
          ],
          [
            2.0825,
            0.0,
            0.0
          ],
          [
            2.0825,
            2.94648,
            0.0
          ],
          [
            6.2475,
            0.0,
            0.0
          ],
          [
            6.2475,
            2.94648,
            0.0
          ],
          [
            2.0825,
            5.89306,
            0.0
          ],
          [
            6.2475,
            5.89306,
            0.0
          ],
          [
            0.0,
            1.47329,
            1.47381
          ],
          [
            0.0,
            4.41977,
            1.47381
          ],
          [
            4.165,
            1.47329,
            1.47381
          ],
          [
            4.165,
            4.41977,
            1.47381
          ],
          [
            0.0,
            7.36625,
            1.47381
          ],
          [
            4.165,
            7.36625,
            1.47381
          ],
          [
            2.094,
            -0.0,
            2.95442
          ],
          [
            2.09438,
            2.95326,
            2.96587
          ],
          [
            6.22335,
            -0.0,
            2.95829
          ],
          [
            6.24826,
            3.0124,
            3.02322
          ],
          [
            2.09438,
            5.88628,
            2.96587
          ],
          [
            6.24826,
            5.82714,
            3.02322
          ],
          [
            8.31152,
            1.45498,
            4.39811
          ],
          [
            8.27701,
            4.41977,
            4.37272
          ],
          [
            4.16841,
            1.50853,
            4.52718
          ],
          [
            4.27012,
            4.41977,
            4.45605
          ],
          [
            8.31152,
            7.38456,
            4.39811
          ],
          [
            4.16841,
            7.33101,
            4.52718
          ],
          [
            1.96667,
            2.94146,
            5.79658
          ],
          [
            1.96667,
            5.89808,
            5.79658
          ],
          [
            6.46173,
            3.02499,
            5.73874
          ],
          [
            6.46173,
            5.81455,
            5.73874
          ],
          [
            2.04137,
            -0.0,
            5.84893
          ],
          [
            6.29149,
            -0.0,
            5.85042
          ],
          [
            4.1935,
            4.41977,
            7.32572
          ],
          [
            6.21254,
            4.41977,
            4.67194
          ]
        ],
        "Stress": [
          [
            -69.14362,
            0.0,
            0.33182
          ],
          [
            0.0,
            -14.83716,
            0.0
          ],
          [
            0.33182,
            0.0,
            -35.15261
          ]
        ],
        "computation_code": "VASP",
        "pseudopotential_information": [
          [
            "PAW_PBE",
            "Ni",
            "02Aug2007"
          ],
          [
            "PAW_PBE",
            "O",
            "08Apr2002"
          ],
          [
            "PAW_PBE",
            "V_sv",
            "02Aug2007"
          ]
        ]
      }
    ],
    "EnergyStyle": "electronvolt",
    "ForcesStyle": "electronvoltperangstrom",
    "LatticeStyle": "angstrom",
    "PositionsStyle": "angstrom",
    "StressStyle": "kB"
  }
}