{
  "Dataset": {
    "AtomTypeStyle": "chemicalsymbol",
    "Data": [
      {
        "AtomTypes": [
          "Ni",
          "Ni",
          "Ni",
          "Ni",
          "Ni",
          "Ni",
          "Ni",
          "Ni",
          "Ni",
          "Ni",
          "Ni",
          "Ni",
          "Ni",
          "Ni",
          "Ni",
          "Ni",
          "Ni",
          "Ni",
          "Ni",
          "Ni",
          "Ni",
          "Ni",
          "Ni",
          "Ni",
          "Ni",
          "Ni",
          "Ni",
          "Ni",
          "Ni",
          "O",
          "O",
          "O",
          "O",
          "O",
          "O",
          "O",
          "O",
          "O",
          "O",
          "O",
          "O",
          "O",
          "O",
          "O",
          "O",
          "O",
          "O",
          "O",
          "O",
          "O",
          "O",
          "O",
          "O",
          "O",
          "O",
          "O",
          "O",
          "O",
          "O",
          "Zr"
        ],
        "Energy": -315.77647339,
        "Forces": [
          [
            -0.034272,
            0.0,
            0.93843
          ],
          [
            -0.028845,
            0.01508,
            0.883947
          ],
          [
            -0.093398,
            0.0,
            0.94035
          ],
          [
            -0.093483,
            0.015056,
            0.888771
          ],
          [
            -0.028845,
            -0.01508,
            0.883947
          ],
          [
            -0.093483,
            -0.015056,
            0.888771
          ],
          [
            0.007863,
            -0.13544,
            -0.832071
          ],
          [
            0.014582,
            0.0,
            -0.911039
          ],
          [
            0.01117,
            -0.142863,
            -0.825207
          ],
          [
            0.019694,
            0.0,
            -1.101977
          ],
          [
            0.007863,
            0.13544,
            -0.832071
          ],
          [
            0.01117,
            0.142863,
            -0.825207
          ],
          [
            -0.011324,
            0.002193,
            0.017466
          ],
          [
            -0.011324,
            -0.002193,
            0.017466
          ],
          [
            0.010375,
            0.001978,
            0.018036
          ],
          [
            0.010375,
            -0.001978,
            0.018036
          ],
          [
            0.011567,
            0.0,
            0.020372
          ],
          [
            -0.009934,
            0.0,
            0.054097
          ],
          [
            0.001616,
            0.0,
            0.034762
          ],
          [
            -0.022378,
            0.017545,
            0.058691
          ],
          [
            0.000505,
            0.003484,
            0.021866
          ],
          [
            0.025884,
            0.034795,
            0.050312
          ],
          [
            -0.022378,
            -0.017545,
            0.058691
          ],
          [
            0.025884,
            -0.034795,
            0.050312
          ],
          [
            0.001532,
            0.008915,
            0.021434
          ],
          [
            -0.004308,
            0.0,
            -0.160406
          ],
          [
            0.000505,
            -0.003484,
            0.021866
          ],
          [
            0.002518,
            0.0,
            0.014891
          ],
          [
            0.001532,
            -0.008915,
            0.021434
          ],
          [
            0.021422,
            0.0,
            0.449888
          ],
          [
            0.018359,
            0.003198,
            0.480432
          ],
          [
            0.021643,
            0.0,
            0.500155
          ],
          [
            0.019541,
            0.02294,
            0.552899
          ],
          [
            0.018359,
            -0.003198,
            0.480432
          ],
          [
            0.019541,
            -0.02294,
            0.552899
          ],
          [
            -0.014411,
            -0.039211,
            -0.66866
          ],
          [
            -0.038214,
            0.0,
            -0.540532
          ],
          [
            0.061488,
            -0.035266,
            -0.661924
          ],
          [
            0.095278,
            0.0,
            -0.536835
          ],
          [
            -0.014411,
            0.039211,
            -0.66866
          ],
          [
            0.061488,
            0.035266,
            -0.661924
          ],
          [
            0.001149,
            0.0,
            0.027441
          ],
          [
            0.000798,
            -0.003186,
            -0.004523
          ],
          [
            0.002376,
            0.0,
            0.008287
          ],
          [
            0.000338,
            0.004598,
            0.001062
          ],
          [
            0.000798,
            0.003186,
            -0.004523
          ],
          [
            0.000338,
            -0.004598,
            0.001062
          ],
          [
            0.007321,
            -0.042356,
            0.055668
          ],
          [
            0.012887,
            0.0,
            -0.004346
          ],
          [
            -0.00431,
            -0.002494,
            0.016193
          ],
          [
            -0.018007,
            0.0,
            -0.007184
          ],
          [
            0.007321,
            0.042356,
            0.055668
          ],
          [
            -0.00431,
            0.002494,
            0.016193
          ],
          [
            -0.004603,
            0.001553,
            0.007679
          ],
          [
            -0.004603,
            -0.001553,
            0.007679
          ],
          [
            0.001796,
            0.012874,
            0.010519
          ],
          [
            0.001796,
            -0.012874,
            0.010519
          ],
          [
            -0.047968,
            0.0,
            0.005911
          ],
          [
            0.065687,
            0.0,
            0.018432
          ],
          [
            0.000451,
            0.0,
            0.064126
          ]
        ],
        "Lattice": [
          [
            8.33,
            0.0,
            0.0
          ],
          [
            0.0,
            8.839539657,
            0.0
          ],
          [
            0.0,
            0.0,
            21.359563785
          ]
        ],
        "NumAtoms": 60,
        "Positions": [
          [
            0.0,
            0.0,
            0.0
          ],
          [
            0.0,
            2.94648,
            0.0
          ],
          [
            4.165,
            0.0,
            0.0
          ],
          [
            4.165,
            2.94648,
            0.0
          ],
          [
            0.0,
            5.89306,
            0.0
          ],
          [
            4.165,
            5.89306,
            0.0
          ],
          [
            2.0825,
            1.47329,
            1.47381
          ],
          [
            2.0825,
            4.41977,
            1.47381
          ],
          [
            6.2475,
            1.47329,
            1.47381
          ],
          [
            6.2475,
            4.41977,
            1.47381
          ],
          [
            2.0825,
            7.36625,
            1.47381
          ],
          [
            6.2475,
            7.36625,
            1.47381
          ],
          [
            0.03176,
            2.90264,
            2.93699
          ],
          [
            0.03176,
            5.9369,
            2.93699
          ],
          [
            4.13458,
            2.90293,
            2.93939
          ],
          [
            4.13458,
            5.93661,
            2.93939
          ],
          [
            4.15756,
            -0.0,
            2.96892
          ],
          [
            0.00522,
            -0.0,
            2.9686
          ],
          [
            2.07752,
            4.41977,
            4.45252
          ],
          [
            2.08313,
            7.35821,
            4.5078
          ],
          [
            4.02605,
            3.11459,
            5.96873
          ],
          [
            6.24737,
            7.39472,
            4.51534
          ],
          [
            2.08313,
            1.48133,
            4.5078
          ],
          [
            6.24737,
            1.44482,
            4.51534
          ],
          [
            0.13962,
            5.72294,
            5.96128
          ],
          [
            0.02809,
            -0.0,
            5.8536
          ],
          [
            4.02605,
            5.72495,
            5.96873
          ],
          [
            4.17187,
            -0.0,
            5.85405
          ],
          [
            0.13962,
            3.11659,
            5.96128
          ],
          [
            2.0825,
            0.0,
            0.0
          ],
          [
            2.0825,
            2.94648,
            0.0
          ],
          [
            6.2475,
            0.0,
            0.0
          ],
          [
            6.2475,
            2.94648,
            0.0
          ],
          [
            2.0825,
            5.89306,
            0.0
          ],
          [
            6.2475,
            5.89306,
            0.0
          ],
          [
            0.0,
            1.47329,
            1.47381
          ],
          [
            0.0,
            4.41977,
            1.47381
          ],
          [
            4.165,
            1.47329,
            1.47381
          ],
          [
            4.165,
            4.41977,
            1.47381
          ],
          [
            0.0,
            7.36625,
            1.47381
          ],
          [
            4.165,
            7.36625,
            1.47381
          ],
          [
            2.08196,
            -0.0,
            2.95807
          ],
          [
            2.08277,
            2.94743,
            2.95927
          ],
          [
            6.24648,
            -0.0,
            2.9628
          ],
          [
            6.24792,
            2.94693,
            2.97776
          ],
          [
            2.08277,
            5.89211,
            2.95927
          ],
          [
            6.24792,
            5.89261,
            2.97776
          ],
          [
            -0.00971,
            1.47961,
            4.4467
          ],
          [
            0.00352,
            4.41977,
            4.36184
          ],
          [
            4.17373,
            1.4798,
            4.44805
          ],
          [
            4.15675,
            4.41977,
            4.36427
          ],
          [
            -0.00971,
            7.35993,
            4.4467
          ],
          [
            4.17373,
            7.35974,
            4.44805
          ],
          [
            2.08272,
            2.97301,
            5.85933
          ],
          [
            2.08272,
            5.86653,
            5.85933
          ],
          [
            6.24609,
            2.92413,
            5.96017
          ],
          [
            6.24609,
            5.91541,
            5.96017
          ],
          [
            2.08309,
            -0.0,
            5.87653
          ],
          [
            6.24769,
            -0.0,
            5.88022
          ],
          [
            6.24488,
            4.41977,
            4.65193
          ]
        ],
        "Stress": [
          [
            -73.324,
            0.0,
            0.50464
          ],
          [
            0.0,
            -11.14484,
            0.0
          ],
          [
            0.50464,
            0.0,
            -32.50015
          ]
        ],
        "computation_code": "VASP",
        "pseudopotential_information": [
          [
            "PAW_PBE",
            "Ni",
            "02Aug2007"
          ],
          [
            "PAW_PBE",
            "O",
            "08Apr2002"
          ],
          [
            "PAW_PBE",
            "Zr_sv",
            "04Jan2005"
          ]
        ]
      }
    ],
    "EnergyStyle": "electronvolt",
    "ForcesStyle": "electronvoltperangstrom",
    "LatticeStyle": "angstrom",
    "PositionsStyle": "angstrom",
    "StressStyle": "kB"
  }
}