{
  "Dataset": {
    "AtomTypeStyle": "chemicalsymbol",
    "Data": [
      {
        "AtomTypes": [
          "Ni",
          "Ni",
          "Ni",
          "Ni",
          "Ni",
          "Ni",
          "Ni",
          "Ni",
          "Ni",
          "Ni",
          "Ni",
          "Ni",
          "Ni",
          "Ni",
          "Ni",
          "Ni",
          "Ni",
          "Ni",
          "Ni",
          "Ni",
          "Ni",
          "Ni",
          "Ni",
          "Ni",
          "Ni",
          "Ni",
          "Ni",
          "Ni",
          "Ni",
          "O",
          "O",
          "O",
          "O",
          "O",
          "O",
          "O",
          "O",
          "O",
          "O",
          "O",
          "O",
          "O",
          "O",
          "O",
          "O",
          "O",
          "O",
          "O",
          "O",
          "O",
          "O",
          "O",
          "O",
          "O",
          "O",
          "O",
          "O",
          "O",
          "O",
          "Zr"
        ],
        "Energy": -315.78350613,
        "Forces": [
          [
            -0.034915,
            0.0,
            0.956929
          ],
          [
            -0.028693,
            0.016388,
            0.896205
          ],
          [
            -0.091972,
            0.0,
            0.958221
          ],
          [
            -0.093461,
            0.017094,
            0.901904
          ],
          [
            -0.028693,
            -0.016388,
            0.896205
          ],
          [
            -0.093461,
            -0.017094,
            0.901904
          ],
          [
            0.009825,
            -0.158636,
            -0.789674
          ],
          [
            0.017309,
            0.0,
            -0.89128
          ],
          [
            0.013531,
            -0.144092,
            -0.776095
          ],
          [
            0.019717,
            0.0,
            -1.057997
          ],
          [
            0.009825,
            0.158636,
            -0.789674
          ],
          [
            0.013531,
            0.144092,
            -0.776095
          ],
          [
            -0.00038,
            0.000461,
            -0.000838
          ],
          [
            -0.00038,
            -0.000461,
            -0.000838
          ],
          [
            0.000875,
            0.001137,
            -0.001183
          ],
          [
            0.000875,
            -0.001137,
            -0.001183
          ],
          [
            -0.001784,
            0.0,
            -0.006199
          ],
          [
            0.001324,
            0.0,
            -0.008873
          ],
          [
            0.002185,
            0.0,
            0.000694
          ],
          [
            0.001713,
            0.005678,
            -0.001984
          ],
          [
            0.011147,
            -0.012744,
            -0.008361
          ],
          [
            -0.001665,
            0.001879,
            -0.004467
          ],
          [
            0.001713,
            -0.005678,
            -0.001984
          ],
          [
            -0.001665,
            -0.001879,
            -0.004467
          ],
          [
            -0.010749,
            0.012608,
            -0.007515
          ],
          [
            -0.003929,
            0.0,
            -0.021048
          ],
          [
            0.011147,
            0.012744,
            -0.008361
          ],
          [
            0.00248,
            0.0,
            -0.024557
          ],
          [
            -0.010749,
            -0.012608,
            -0.007515
          ],
          [
            0.021181,
            0.0,
            0.466956
          ],
          [
            0.018115,
            -4e-06,
            0.477092
          ],
          [
            0.021513,
            0.0,
            0.507017
          ],
          [
            0.019828,
            0.01959,
            0.554451
          ],
          [
            0.018115,
            4e-06,
            0.477092
          ],
          [
            0.019828,
            -0.01959,
            0.554451
          ],
          [
            -0.012248,
            -0.04987,
            -0.625641
          ],
          [
            -0.035861,
            0.0,
            -0.519975
          ],
          [
            0.062148,
            -0.046741,
            -0.61858
          ],
          [
            0.094384,
            0.0,
            -0.51666
          ],
          [
            -0.012248,
            0.04987,
            -0.625641
          ],
          [
            0.062148,
            0.046741,
            -0.61858
          ],
          [
            0.000377,
            0.0,
            -0.050091
          ],
          [
            -0.001361,
            0.00967,
            0.0258
          ],
          [
            -0.00157,
            0.0,
            0.006598
          ],
          [
            0.000443,
            -0.022189,
            0.007421
          ],
          [
            -0.001361,
            -0.00967,
            0.0258
          ],
          [
            0.000443,
            0.022189,
            0.007421
          ],
          [
            -0.005871,
            -0.001233,
            0.012099
          ],
          [
            -0.013726,
            0.0,
            0.031429
          ],
          [
            0.011652,
            -0.000829,
            0.015381
          ],
          [
            0.017918,
            0.0,
            0.039089
          ],
          [
            -0.005871,
            0.001233,
            0.012099
          ],
          [
            0.011652,
            0.000829,
            0.015381
          ],
          [
            0.00157,
            -0.006275,
            0.015061
          ],
          [
            0.00157,
            0.006275,
            0.015061
          ],
          [
            -0.000789,
            0.023979,
            -0.014798
          ],
          [
            -0.000789,
            -0.023979,
            -0.014798
          ],
          [
            0.000591,
            0.0,
            0.029063
          ],
          [
            -0.007196,
            0.0,
            -0.005786
          ],
          [
            0.000712,
            0.0,
            -0.006088
          ]
        ],
        "Lattice": [
          [
            8.33,
            0.0,
            0.0
          ],
          [
            0.0,
            8.839539657,
            0.0
          ],
          [
            0.0,
            0.0,
            21.359563785
          ]
        ],
        "NumAtoms": 60,
        "Positions": [
          [
            0.0,
            0.0,
            0.0
          ],
          [
            0.0,
            2.94648,
            0.0
          ],
          [
            4.165,
            0.0,
            0.0
          ],
          [
            4.165,
            2.94648,
            0.0
          ],
          [
            0.0,
            5.89306,
            0.0
          ],
          [
            4.165,
            5.89306,
            0.0
          ],
          [
            2.0825,
            1.47329,
            1.47381
          ],
          [
            2.0825,
            4.41977,
            1.47381
          ],
          [
            6.2475,
            1.47329,
            1.47381
          ],
          [
            6.2475,
            4.41977,
            1.47381
          ],
          [
            2.0825,
            7.36625,
            1.47381
          ],
          [
            6.2475,
            7.36625,
            1.47381
          ],
          [
            0.03284,
            2.9008,
            2.9436
          ],
          [
            0.03284,
            5.93874,
            2.9436
          ],
          [
            4.13383,
            2.90086,
            2.94645
          ],
          [
            4.13383,
            5.93868,
            2.94645
          ],
          [
            4.1593,
            -0.0,
            2.9829
          ],
          [
            0.00502,
            -0.0,
            2.98304
          ],
          [
            2.07641,
            4.41977,
            4.45896
          ],
          [
            2.08378,
            7.35714,
            4.52131
          ],
          [
            4.02219,
            3.12438,
            5.98685
          ],
          [
            6.24899,
            7.39464,
            4.53327
          ],
          [
            2.08378,
            1.4824,
            4.52131
          ],
          [
            6.24899,
            1.4449,
            4.53327
          ],
          [
            0.14239,
            5.7129,
            5.98
          ],
          [
            0.03232,
            -0.0,
            5.8657
          ],
          [
            4.02219,
            5.71516,
            5.98685
          ],
          [
            4.17293,
            -0.0,
            5.86668
          ],
          [
            0.14239,
            3.12664,
            5.98
          ],
          [
            2.0825,
            0.0,
            0.0
          ],
          [
            2.0825,
            2.94648,
            0.0
          ],
          [
            6.2475,
            0.0,
            0.0
          ],
          [
            6.2475,
            2.94648,
            0.0
          ],
          [
            2.0825,
            5.89306,
            0.0
          ],
          [
            6.2475,
            5.89306,
            0.0
          ],
          [
            0.0,
            1.47329,
            1.47381
          ],
          [
            0.0,
            4.41977,
            1.47381
          ],
          [
            4.165,
            1.47329,
            1.47381
          ],
          [
            4.165,
            4.41977,
            1.47381
          ],
          [
            0.0,
            7.36625,
            1.47381
          ],
          [
            4.165,
            7.36625,
            1.47381
          ],
          [
            2.08265,
            -0.0,
            2.97574
          ],
          [
            2.08308,
            2.94522,
            2.96081
          ],
          [
            6.24757,
            -0.0,
            2.97273
          ],
          [
            6.24804,
            2.94868,
            2.98559
          ],
          [
            2.08308,
            5.89432,
            2.96081
          ],
          [
            6.24804,
            5.89086,
            2.98559
          ],
          [
            -0.00784,
            1.48031,
            4.46114
          ],
          [
            0.0045,
            4.41977,
            4.36641
          ],
          [
            4.17388,
            1.48044,
            4.46228
          ],
          [
            4.15408,
            4.41977,
            4.36841
          ],
          [
            -0.00784,
            7.35923,
            4.46114
          ],
          [
            4.17388,
            7.3591,
            4.46228
          ],
          [
            2.08192,
            2.97768,
            5.87005
          ],
          [
            2.08192,
            5.86186,
            5.87005
          ],
          [
            6.24674,
            2.92746,
            5.97674
          ],
          [
            6.24674,
            5.91208,
            5.97674
          ],
          [
            2.08633,
            -0.0,
            5.88859
          ],
          [
            6.25181,
            -0.0,
            5.8987
          ],
          [
            6.24416,
            4.41977,
            4.66226
          ]
        ],
        "Stress": [
          [
            -74.05438,
            0.0,
            0.45172
          ],
          [
            0.0,
            -11.98638,
            0.0
          ],
          [
            0.45172,
            0.0,
            -34.53978
          ]
        ],
        "computation_code": "VASP",
        "pseudopotential_information": [
          [
            "PAW_PBE",
            "Ni",
            "02Aug2007"
          ],
          [
            "PAW_PBE",
            "O",
            "08Apr2002"
          ],
          [
            "PAW_PBE",
            "Zr_sv",
            "04Jan2005"
          ]
        ]
      }
    ],
    "EnergyStyle": "electronvolt",
    "ForcesStyle": "electronvoltperangstrom",
    "LatticeStyle": "angstrom",
    "PositionsStyle": "angstrom",
    "StressStyle": "kB"
  }
}