{
  "Dataset": {
    "AtomTypeStyle": "chemicalsymbol",
    "Data": [
      {
        "AtomTypes": [
          "Ni",
          "Ni",
          "Ni",
          "Ni",
          "Ni",
          "Ni",
          "Ni",
          "Ni",
          "Ni",
          "Ni",
          "Ni",
          "Ni",
          "Ni",
          "Ni",
          "Ni",
          "Ni",
          "Ni",
          "Ni",
          "Ni",
          "Ni",
          "Ni",
          "Ni",
          "Ni",
          "Ni",
          "Ni",
          "Ni",
          "Ni",
          "Ni",
          "Ni",
          "O",
          "O",
          "O",
          "O",
          "O",
          "O",
          "O",
          "O",
          "O",
          "O",
          "O",
          "O",
          "O",
          "O",
          "O",
          "O",
          "O",
          "O",
          "O",
          "O",
          "O",
          "O",
          "O",
          "O",
          "O",
          "O",
          "O",
          "O",
          "O",
          "O",
          "Zr"
        ],
        "Energy": -315.57652053,
        "Forces": [
          [
            -0.037384,
            0.0,
            0.893592
          ],
          [
            -0.040054,
            0.015673,
            0.835909
          ],
          [
            -0.090403,
            0.0,
            0.895805
          ],
          [
            -0.081227,
            0.016086,
            0.843412
          ],
          [
            -0.040054,
            -0.015673,
            0.835909
          ],
          [
            -0.081227,
            -0.016086,
            0.843412
          ],
          [
            0.004671,
            -0.140304,
            -0.888574
          ],
          [
            0.010269,
            0.0,
            -0.922512
          ],
          [
            0.014381,
            -0.14942,
            -0.931486
          ],
          [
            0.018622,
            0.0,
            -1.24651
          ],
          [
            0.004671,
            0.140304,
            -0.888574
          ],
          [
            0.014381,
            0.14942,
            -0.931486
          ],
          [
            -0.156968,
            0.032877,
            0.106095
          ],
          [
            -0.156968,
            -0.032877,
            0.106095
          ],
          [
            0.160274,
            0.035825,
            0.114808
          ],
          [
            0.160274,
            -0.035825,
            0.114808
          ],
          [
            0.014921,
            0.0,
            0.19517
          ],
          [
            -0.022686,
            0.0,
            0.18052
          ],
          [
            -0.015993,
            0.0,
            -0.618544
          ],
          [
            0.016578,
            0.272255,
            -0.222629
          ],
          [
            0.022299,
            0.267796,
            0.140623
          ],
          [
            -0.009562,
            -0.070437,
            0.154636
          ],
          [
            0.016578,
            -0.272255,
            -0.222629
          ],
          [
            -0.009562,
            0.070437,
            0.154636
          ],
          [
            -0.038723,
            -0.28711,
            0.133466
          ],
          [
            -0.127704,
            0.0,
            -0.603848
          ],
          [
            0.022299,
            -0.267796,
            0.140623
          ],
          [
            0.189741,
            0.0,
            -0.688224
          ],
          [
            -0.038723,
            0.28711,
            0.133466
          ],
          [
            0.022288,
            0.0,
            0.442071
          ],
          [
            0.01835,
            0.001527,
            0.475399
          ],
          [
            0.020862,
            0.0,
            0.493599
          ],
          [
            0.019276,
            0.02104,
            0.518649
          ],
          [
            0.01835,
            -0.001527,
            0.475399
          ],
          [
            0.019276,
            -0.02104,
            0.518649
          ],
          [
            0.007409,
            -0.026909,
            -0.741008
          ],
          [
            -0.006776,
            0.0,
            -0.550917
          ],
          [
            0.040869,
            -0.024192,
            -0.741406
          ],
          [
            0.064247,
            0.0,
            -0.553661
          ],
          [
            0.007409,
            0.026909,
            -0.741008
          ],
          [
            0.040869,
            0.024192,
            -0.741406
          ],
          [
            -0.004165,
            0.0,
            0.049819
          ],
          [
            -0.000678,
            -0.016827,
            0.077796
          ],
          [
            -0.002324,
            0.0,
            -0.129589
          ],
          [
            0.002651,
            0.15608,
            0.198898
          ],
          [
            -0.000678,
            0.016827,
            0.077796
          ],
          [
            0.002651,
            -0.15608,
            0.198898
          ],
          [
            0.132558,
            -0.112907,
            0.191336
          ],
          [
            -0.154311,
            0.0,
            -0.149893
          ],
          [
            -0.138454,
            -0.126515,
            0.229693
          ],
          [
            0.157273,
            0.0,
            -0.138062
          ],
          [
            0.132558,
            0.112907,
            0.191336
          ],
          [
            -0.138454,
            0.126515,
            0.229693
          ],
          [
            0.020677,
            0.058246,
            0.352912
          ],
          [
            0.020677,
            -0.058246,
            0.352912
          ],
          [
            -0.013675,
            0.450823,
            -0.160529
          ],
          [
            -0.013675,
            -0.450823,
            -0.160529
          ],
          [
            0.045255,
            0.0,
            0.197096
          ],
          [
            -0.038882,
            0.0,
            0.155469
          ],
          [
            -0.004152,
            0.0,
            0.722622
          ]
        ],
        "Lattice": [
          [
            8.33,
            0.0,
            0.0
          ],
          [
            0.0,
            8.839539657,
            0.0
          ],
          [
            0.0,
            0.0,
            21.359563785
          ]
        ],
        "NumAtoms": 60,
        "Positions": [
          [
            0.0,
            0.0,
            0.0
          ],
          [
            0.0,
            2.94648,
            0.0
          ],
          [
            4.165,
            0.0,
            0.0
          ],
          [
            4.165,
            2.94648,
            0.0
          ],
          [
            0.0,
            5.89306,
            0.0
          ],
          [
            4.165,
            5.89306,
            0.0
          ],
          [
            2.0825,
            1.47329,
            1.47381
          ],
          [
            2.0825,
            4.41977,
            1.47381
          ],
          [
            6.2475,
            1.47329,
            1.47381
          ],
          [
            6.2475,
            4.41977,
            1.47381
          ],
          [
            2.0825,
            7.36625,
            1.47381
          ],
          [
            6.2475,
            7.36625,
            1.47381
          ],
          [
            0.05531,
            2.90574,
            2.92316
          ],
          [
            0.05531,
            5.9338,
            2.92316
          ],
          [
            4.11079,
            2.90503,
            2.92551
          ],
          [
            4.11079,
            5.93451,
            2.92551
          ],
          [
            4.1535,
            -0.0,
            2.94697
          ],
          [
            0.01125,
            -0.0,
            2.94736
          ],
          [
            2.07805,
            4.41977,
            4.53155
          ],
          [
            2.07993,
            7.35546,
            4.50578
          ],
          [
            4.05171,
            3.0305,
            5.91818
          ],
          [
            6.24555,
            7.42076,
            4.48434
          ],
          [
            2.07993,
            1.48408,
            4.50578
          ],
          [
            6.24555,
            1.41878,
            4.48434
          ],
          [
            0.11641,
            5.8127,
            5.91169
          ],
          [
            0.03453,
            -0.0,
            5.86507
          ],
          [
            4.05171,
            5.80904,
            5.91818
          ],
          [
            4.14783,
            -0.0,
            5.86564
          ],
          [
            0.11641,
            3.02684,
            5.91169
          ],
          [
            2.0825,
            0.0,
            0.0
          ],
          [
            2.0825,
            2.94648,
            0.0
          ],
          [
            6.2475,
            0.0,
            0.0
          ],
          [
            6.2475,
            2.94648,
            0.0
          ],
          [
            2.0825,
            5.89306,
            0.0
          ],
          [
            6.2475,
            5.89306,
            0.0
          ],
          [
            0.0,
            1.47329,
            1.47381
          ],
          [
            0.0,
            4.41977,
            1.47381
          ],
          [
            4.165,
            1.47329,
            1.47381
          ],
          [
            4.165,
            4.41977,
            1.47381
          ],
          [
            0.0,
            7.36625,
            1.47381
          ],
          [
            4.165,
            7.36625,
            1.47381
          ],
          [
            2.08247,
            -0.0,
            2.95078
          ],
          [
            2.08264,
            2.95235,
            2.95386
          ],
          [
            6.24773,
            -0.0,
            2.95466
          ],
          [
            6.24806,
            2.93992,
            2.94713
          ],
          [
            2.08264,
            5.88719,
            2.95386
          ],
          [
            6.24806,
            5.89962,
            2.94713
          ],
          [
            -0.02026,
            1.46308,
            4.41933
          ],
          [
            0.01848,
            4.41977,
            4.38289
          ],
          [
            4.18266,
            1.46248,
            4.4184
          ],
          [
            4.14376,
            4.41977,
            4.38146
          ],
          [
            -0.02026,
            7.37646,
            4.41933
          ],
          [
            4.18266,
            7.37706,
            4.4184
          ],
          [
            2.08319,
            2.93871,
            5.83534
          ],
          [
            2.08319,
            5.90083,
            5.83534
          ],
          [
            6.249,
            2.88583,
            5.91212
          ],
          [
            6.249,
            5.95371,
            5.91212
          ],
          [
            2.07992,
            -0.0,
            5.85546
          ],
          [
            6.24658,
            -0.0,
            5.86345
          ],
          [
            6.2468,
            4.41977,
            4.60027
          ]
        ],
        "Stress": [
          [
            -73.99581,
            0.0,
            0.55044
          ],
          [
            0.0,
            -10.74619,
            0.0
          ],
          [
            0.55044,
            0.0,
            -30.67058
          ]
        ],
        "computation_code": "VASP",
        "pseudopotential_information": [
          [
            "PAW_PBE",
            "Ni",
            "02Aug2007"
          ],
          [
            "PAW_PBE",
            "O",
            "08Apr2002"
          ],
          [
            "PAW_PBE",
            "Zr_sv",
            "04Jan2005"
          ]
        ]
      }
    ],
    "EnergyStyle": "electronvolt",
    "ForcesStyle": "electronvoltperangstrom",
    "LatticeStyle": "angstrom",
    "PositionsStyle": "angstrom",
    "StressStyle": "kB"
  }
}