{
  "Dataset": {
    "AtomTypeStyle": "chemicalsymbol",
    "Data": [
      {
        "AtomTypes": [
          "Ni",
          "Ni",
          "Ni",
          "Ni",
          "Ni",
          "Ni",
          "Ni",
          "Ni",
          "Ni",
          "Ni",
          "Ni",
          "Ni",
          "Ni",
          "Ni",
          "Ni",
          "Ni",
          "Ni",
          "Ni",
          "Ni",
          "Ni",
          "Ni",
          "Ni",
          "Ni",
          "Ni",
          "Ni",
          "Ni",
          "Ni",
          "Ni",
          "Ni",
          "O",
          "O",
          "O",
          "O",
          "O",
          "O",
          "O",
          "O",
          "O",
          "O",
          "O",
          "O",
          "O",
          "O",
          "O",
          "O",
          "O",
          "O",
          "O",
          "O",
          "O",
          "O",
          "O",
          "O",
          "O",
          "O",
          "O",
          "O",
          "O",
          "O",
          "Zr"
        ],
        "Energy": -314.85638154,
        "Forces": [
          [
            -0.06371,
            -0.001584,
            0.914709
          ],
          [
            -0.061508,
            0.000258,
            0.89151
          ],
          [
            -0.062299,
            -0.029805,
            0.896138
          ],
          [
            -0.060857,
            0.000257,
            0.797314
          ],
          [
            -0.063706,
            0.001336,
            0.914559
          ],
          [
            -0.062295,
            0.029553,
            0.895995
          ],
          [
            -0.026706,
            -0.051292,
            -0.852328
          ],
          [
            -0.026719,
            0.050927,
            -0.852451
          ],
          [
            0.055655,
            -0.050169,
            -0.861188
          ],
          [
            0.055651,
            0.049813,
            -0.861323
          ],
          [
            0.016107,
            0.000341,
            -0.751986
          ],
          [
            0.002071,
            0.000348,
            -0.754174
          ],
          [
            0.00012,
            -0.000212,
            0.015233
          ],
          [
            -0.000225,
            0.002612,
            0.016911
          ],
          [
            -0.000612,
            0.000151,
            -0.017462
          ],
          [
            -0.000138,
            0.024208,
            0.023914
          ],
          [
            -0.000147,
            -0.024032,
            0.023197
          ],
          [
            -0.000291,
            -0.002383,
            0.003925
          ],
          [
            0.001193,
            0.03885,
            0.034688
          ],
          [
            0.038787,
            -0.00711,
            -0.000239
          ],
          [
            0.003953,
            0.038737,
            0.040585
          ],
          [
            -0.034297,
            -0.006428,
            0.002215
          ],
          [
            0.011384,
            -0.031294,
            0.027399
          ],
          [
            -0.005643,
            -0.031615,
            0.033653
          ],
          [
            0.002842,
            -0.015425,
            0.084371
          ],
          [
            0.003483,
            -0.000169,
            0.168391
          ],
          [
            0.0028,
            -0.021739,
            0.025922
          ],
          [
            0.002872,
            0.021238,
            0.025655
          ],
          [
            -0.000672,
            0.011196,
            0.070822
          ],
          [
            0.015132,
            0.006836,
            0.479633
          ],
          [
            0.023967,
            0.000266,
            0.52897
          ],
          [
            0.026369,
            0.007867,
            0.476694
          ],
          [
            0.013934,
            0.000265,
            0.527679
          ],
          [
            0.015125,
            -0.007089,
            0.479549
          ],
          [
            0.026364,
            -0.008121,
            0.476609
          ],
          [
            0.026679,
            0.015069,
            -0.573533
          ],
          [
            0.026675,
            -0.015347,
            -0.573787
          ],
          [
            0.023362,
            -0.030885,
            -0.642941
          ],
          [
            0.023357,
            0.030519,
            -0.643093
          ],
          [
            0.023567,
            0.000297,
            -0.643164
          ],
          [
            0.018971,
            0.000284,
            -0.870521
          ],
          [
            -0.001522,
            0.00936,
            0.005218
          ],
          [
            -0.003606,
            -0.000145,
            -0.004311
          ],
          [
            0.002528,
            0.008968,
            0.004854
          ],
          [
            0.003362,
            -0.000173,
            -0.00509
          ],
          [
            -0.001706,
            -0.009153,
            0.005164
          ],
          [
            0.002691,
            -0.008793,
            0.004813
          ],
          [
            -0.001055,
            0.034366,
            -0.042645
          ],
          [
            -0.000824,
            -0.009649,
            -0.019203
          ],
          [
            -0.000329,
            0.003663,
            -0.009406
          ],
          [
            -0.000319,
            -0.004595,
            -0.009205
          ],
          [
            0.000688,
            -0.023245,
            -0.04383
          ],
          [
            0.000167,
            0.000117,
            -0.005203
          ],
          [
            0.038821,
            -9.8e-05,
            0.015191
          ],
          [
            0.036289,
            -0.039863,
            0.004793
          ],
          [
            -0.038764,
            -0.000116,
            0.013591
          ],
          [
            -0.033334,
            -0.040602,
            0.005252
          ],
          [
            0.067245,
            0.04074,
            0.004875
          ],
          [
            -0.065725,
            0.041476,
            0.005242
          ],
          [
            0.0048,
            0.001209,
            0.091848
          ]
        ],
        "Lattice": [
          [
            8.33,
            0.0,
            0.0
          ],
          [
            0.0,
            8.839539657,
            0.0
          ],
          [
            0.0,
            0.0,
            21.359563785
          ]
        ],
        "NumAtoms": 60,
        "Positions": [
          [
            0.0,
            0.0,
            0.0
          ],
          [
            0.0,
            2.94648,
            0.0
          ],
          [
            4.165,
            0.0,
            0.0
          ],
          [
            4.165,
            2.94648,
            0.0
          ],
          [
            0.0,
            5.89306,
            0.0
          ],
          [
            4.165,
            5.89306,
            0.0
          ],
          [
            2.0825,
            1.47329,
            1.47381
          ],
          [
            2.0825,
            4.41977,
            1.47381
          ],
          [
            6.2475,
            1.47329,
            1.47381
          ],
          [
            6.2475,
            4.41977,
            1.47381
          ],
          [
            2.0825,
            7.36625,
            1.47381
          ],
          [
            6.2475,
            7.36625,
            1.47381
          ],
          [
            0.00164,
            2.94653,
            2.93457
          ],
          [
            8.3294,
            5.90802,
            2.95132
          ],
          [
            4.16859,
            2.94652,
            2.88199
          ],
          [
            4.16508,
            5.91631,
            2.95094
          ],
          [
            4.16509,
            8.81622,
            2.95094
          ],
          [
            8.3294,
            8.82453,
            2.95134
          ],
          [
            2.06825,
            4.45654,
            4.46261
          ],
          [
            2.14488,
            7.36633,
            4.53465
          ],
          [
            6.26112,
            4.45824,
            4.46084
          ],
          [
            6.1784,
            7.36632,
            4.53575
          ],
          [
            2.06824,
            1.43646,
            4.46261
          ],
          [
            6.26113,
            1.43476,
            4.46084
          ],
          [
            0.01084,
            5.90604,
            5.88921
          ],
          [
            0.01085,
            8.8266,
            5.8888
          ],
          [
            4.17272,
            5.80539,
            5.97484
          ],
          [
            4.17272,
            0.08769,
            5.97482
          ],
          [
            0.00609,
            2.94647,
            5.86593
          ],
          [
            2.0825,
            0.0,
            0.0
          ],
          [
            2.0825,
            2.94648,
            0.0
          ],
          [
            6.2475,
            0.0,
            0.0
          ],
          [
            6.2475,
            2.94648,
            0.0
          ],
          [
            2.0825,
            5.89306,
            0.0
          ],
          [
            6.2475,
            5.89306,
            0.0
          ],
          [
            0.0,
            1.47329,
            1.47381
          ],
          [
            0.0,
            4.41977,
            1.47381
          ],
          [
            4.165,
            1.47329,
            1.47381
          ],
          [
            4.165,
            4.41977,
            1.47381
          ],
          [
            0.0,
            7.36625,
            1.47381
          ],
          [
            4.165,
            7.36625,
            1.47381
          ],
          [
            2.06699,
            0.01289,
            2.9598
          ],
          [
            2.08233,
            2.94652,
            2.99652
          ],
          [
            6.26077,
            0.01303,
            2.95759
          ],
          [
            6.24958,
            2.94653,
            2.99563
          ],
          [
            2.06699,
            5.88012,
            2.95983
          ],
          [
            6.26077,
            5.87999,
            2.95762
          ],
          [
            8.32774,
            1.50075,
            4.45675
          ],
          [
            8.32773,
            4.39216,
            4.45665
          ],
          [
            4.16305,
            1.54401,
            4.43318
          ],
          [
            4.16305,
            4.34904,
            4.43323
          ],
          [
            8.32738,
            7.36641,
            4.44432
          ],
          [
            4.16198,
            7.36628,
            4.30882
          ],
          [
            2.09739,
            2.94651,
            5.97495
          ],
          [
            2.05532,
            5.86086,
            5.87581
          ],
          [
            6.22884,
            2.94651,
            5.97587
          ],
          [
            6.27568,
            5.86058,
            5.87134
          ],
          [
            2.05519,
            0.03217,
            5.87578
          ],
          [
            6.27582,
            0.03244,
            5.8713
          ],
          [
            4.16696,
            2.94644,
            5.92539
          ]
        ],
        "Stress": [
          [
            -79.56896,
            -0.00034,
            0.52587
          ],
          [
            -0.00034,
            -11.27785,
            -0.00446
          ],
          [
            0.52587,
            -0.00446,
            -31.95856
          ]
        ],
        "computation_code": "VASP",
        "pseudopotential_information": [
          [
            "PAW_PBE",
            "Ni",
            "02Aug2007"
          ],
          [
            "PAW_PBE",
            "O",
            "08Apr2002"
          ],
          [
            "PAW_PBE",
            "Zr_sv",
            "04Jan2005"
          ]
        ]
      }
    ],
    "EnergyStyle": "electronvolt",
    "ForcesStyle": "electronvoltperangstrom",
    "LatticeStyle": "angstrom",
    "PositionsStyle": "angstrom",
    "StressStyle": "kB"
  }
}