{
  "Dataset": {
    "AtomTypeStyle": "chemicalsymbol",
    "Data": [
      {
        "AtomTypes": [
          "Ni",
          "Ni",
          "Ni",
          "Ni",
          "Ni",
          "Ni",
          "Ni",
          "Ni",
          "Ni",
          "Ni",
          "Ni",
          "Ni",
          "Ni",
          "Ni",
          "Ni",
          "Ni",
          "Ni",
          "Ni",
          "Ni",
          "Ni",
          "Ni",
          "Ni",
          "Ni",
          "Ni",
          "Ni",
          "Ni",
          "Ni",
          "Ni",
          "Ni",
          "O",
          "O",
          "O",
          "O",
          "O",
          "O",
          "O",
          "O",
          "O",
          "O",
          "O",
          "O",
          "O",
          "O",
          "O",
          "O",
          "O",
          "O",
          "O",
          "O",
          "O",
          "O",
          "O",
          "O",
          "O",
          "O",
          "O",
          "O",
          "O",
          "O",
          "Zr"
        ],
        "Energy": -315.70349814,
        "Forces": [
          [
            -0.045737,
            0.0,
            0.912942
          ],
          [
            -0.044426,
            0.018519,
            0.863073
          ],
          [
            -0.081799,
            0.0,
            0.914987
          ],
          [
            -0.077679,
            0.019962,
            0.871152
          ],
          [
            -0.044426,
            -0.018519,
            0.863073
          ],
          [
            -0.077679,
            -0.019962,
            0.871152
          ],
          [
            0.007361,
            -0.116627,
            -0.888886
          ],
          [
            0.015854,
            0.0,
            -0.91834
          ],
          [
            0.013425,
            -0.083355,
            -0.872278
          ],
          [
            0.01637,
            0.0,
            -1.109292
          ],
          [
            0.007361,
            0.116627,
            -0.888886
          ],
          [
            0.013425,
            0.083355,
            -0.872278
          ],
          [
            -0.138918,
            0.014357,
            0.036442
          ],
          [
            -0.138918,
            -0.014357,
            0.036442
          ],
          [
            0.135046,
            0.021993,
            0.036539
          ],
          [
            0.135046,
            -0.021993,
            0.036539
          ],
          [
            0.051332,
            0.0,
            -0.101075
          ],
          [
            -0.062816,
            0.0,
            -0.069322
          ],
          [
            0.020378,
            0.0,
            -0.098051
          ],
          [
            -0.005068,
            -0.153347,
            0.047104
          ],
          [
            -0.073571,
            0.209546,
            0.093702
          ],
          [
            0.041474,
            -0.132675,
            -0.059762
          ],
          [
            -0.005068,
            0.153347,
            0.047104
          ],
          [
            0.041474,
            0.132675,
            -0.059762
          ],
          [
            0.085407,
            -0.204669,
            0.095452
          ],
          [
            0.011309,
            0.0,
            0.487323
          ],
          [
            -0.073571,
            -0.209546,
            0.093702
          ],
          [
            0.01919,
            0.0,
            0.712641
          ],
          [
            0.085407,
            0.204669,
            0.095452
          ],
          [
            0.021377,
            0.0,
            0.458012
          ],
          [
            0.01785,
            -0.001192,
            0.486688
          ],
          [
            0.021243,
            0.0,
            0.481239
          ],
          [
            0.020221,
            0.013995,
            0.528082
          ],
          [
            0.01785,
            0.001192,
            0.486688
          ],
          [
            0.020221,
            -0.013995,
            0.528082
          ],
          [
            0.015181,
            -0.025197,
            -0.709626
          ],
          [
            0.006004,
            0.0,
            -0.558478
          ],
          [
            0.033052,
            -0.022028,
            -0.704319
          ],
          [
            0.052354,
            0.0,
            -0.557219
          ],
          [
            0.015181,
            0.025197,
            -0.709626
          ],
          [
            0.033052,
            0.022028,
            -0.704319
          ],
          [
            -0.003293,
            0.0,
            -0.059538
          ],
          [
            -0.002834,
            -0.007826,
            -0.016389
          ],
          [
            -0.004606,
            0.0,
            0.05798
          ],
          [
            0.000267,
            -0.064365,
            0.008122
          ],
          [
            -0.002834,
            0.007826,
            -0.016389
          ],
          [
            0.000267,
            0.064365,
            0.008122
          ],
          [
            0.00128,
            0.206159,
            -0.059867
          ],
          [
            0.028314,
            0.0,
            0.002202
          ],
          [
            0.001853,
            0.263233,
            -0.115972
          ],
          [
            -0.033602,
            0.0,
            0.014271
          ],
          [
            0.00128,
            -0.206159,
            -0.059867
          ],
          [
            0.001853,
            -0.263233,
            -0.115972
          ],
          [
            -0.028633,
            0.092287,
            -0.049664
          ],
          [
            -0.028633,
            -0.092287,
            -0.049664
          ],
          [
            -0.006013,
            -0.152254,
            0.36608
          ],
          [
            -0.006013,
            0.152254,
            0.36608
          ],
          [
            -0.094389,
            0.0,
            -0.018928
          ],
          [
            0.085172,
            0.0,
            -0.028849
          ],
          [
            -0.0132,
            0.0,
            -0.433846
          ]
        ],
        "Lattice": [
          [
            8.33,
            0.0,
            0.0
          ],
          [
            0.0,
            8.839539657,
            0.0
          ],
          [
            0.0,
            0.0,
            21.359563785
          ]
        ],
        "NumAtoms": 60,
        "Positions": [
          [
            0.0,
            0.0,
            0.0
          ],
          [
            0.0,
            2.94648,
            0.0
          ],
          [
            4.165,
            0.0,
            0.0
          ],
          [
            4.165,
            2.94648,
            0.0
          ],
          [
            0.0,
            5.89306,
            0.0
          ],
          [
            4.165,
            5.89306,
            0.0
          ],
          [
            2.0825,
            1.47329,
            1.47381
          ],
          [
            2.0825,
            4.41977,
            1.47381
          ],
          [
            6.2475,
            1.47329,
            1.47381
          ],
          [
            6.2475,
            4.41977,
            1.47381
          ],
          [
            2.0825,
            7.36625,
            1.47381
          ],
          [
            6.2475,
            7.36625,
            1.47381
          ],
          [
            0.04395,
            2.90586,
            2.9309
          ],
          [
            0.04395,
            5.93368,
            2.9309
          ],
          [
            4.12254,
            2.90524,
            2.93425
          ],
          [
            4.12254,
            5.9343,
            2.93425
          ],
          [
            4.15407,
            -0.0,
            2.95587
          ],
          [
            0.00992,
            -0.0,
            2.95611
          ],
          [
            2.07596,
            4.41977,
            4.48899
          ],
          [
            2.08052,
            7.36871,
            4.48724
          ],
          [
            4.03903,
            3.06926,
            5.93231
          ],
          [
            6.2456,
            7.41015,
            4.49164
          ],
          [
            2.08052,
            1.47083,
            4.48724
          ],
          [
            6.2456,
            1.42939,
            4.49164
          ],
          [
            0.12785,
            5.77325,
            5.9243
          ],
          [
            0.02941,
            -0.0,
            5.84995
          ],
          [
            4.03903,
            5.77028,
            5.93231
          ],
          [
            4.16035,
            -0.0,
            5.84921
          ],
          [
            0.12785,
            3.06629,
            5.9243
          ],
          [
            2.0825,
            0.0,
            0.0
          ],
          [
            2.0825,
            2.94648,
            0.0
          ],
          [
            6.2475,
            0.0,
            0.0
          ],
          [
            6.2475,
            2.94648,
            0.0
          ],
          [
            2.0825,
            5.89306,
            0.0
          ],
          [
            6.2475,
            5.89306,
            0.0
          ],
          [
            0.0,
            1.47329,
            1.47381
          ],
          [
            0.0,
            4.41977,
            1.47381
          ],
          [
            4.165,
            1.47329,
            1.47381
          ],
          [
            4.165,
            4.41977,
            1.47381
          ],
          [
            0.0,
            7.36625,
            1.47381
          ],
          [
            4.165,
            7.36625,
            1.47381
          ],
          [
            2.08213,
            -0.0,
            2.95648
          ],
          [
            2.08268,
            2.95097,
            2.96211
          ],
          [
            6.24755,
            -0.0,
            2.94571
          ],
          [
            6.24834,
            2.95417,
            2.96842
          ],
          [
            2.08268,
            5.88857,
            2.96211
          ],
          [
            6.24834,
            5.88537,
            2.96842
          ],
          [
            -0.01102,
            1.46209,
            4.42676
          ],
          [
            0.00825,
            4.41977,
            4.36709
          ],
          [
            4.17255,
            1.46185,
            4.42748
          ],
          [
            4.15393,
            4.41977,
            4.3664
          ],
          [
            -0.01102,
            7.37745,
            4.42676
          ],
          [
            4.17255,
            7.37769,
            4.42748
          ],
          [
            2.08518,
            2.9426,
            5.86057
          ],
          [
            2.08518,
            5.89694,
            5.86057
          ],
          [
            6.24797,
            2.90614,
            5.91307
          ],
          [
            6.24797,
            5.9334,
            5.91307
          ],
          [
            2.08061,
            -0.0,
            5.86971
          ],
          [
            6.24528,
            -0.0,
            5.87747
          ],
          [
            6.2465,
            4.41977,
            4.65392
          ]
        ],
        "Stress": [
          [
            -68.68171,
            0.0,
            0.49691
          ],
          [
            0.0,
            -6.70948,
            0.0
          ],
          [
            0.49691,
            0.0,
            -27.55542
          ]
        ],
        "computation_code": "VASP",
        "pseudopotential_information": [
          [
            "PAW_PBE",
            "Ni",
            "02Aug2007"
          ],
          [
            "PAW_PBE",
            "O",
            "08Apr2002"
          ],
          [
            "PAW_PBE",
            "Zr_sv",
            "04Jan2005"
          ]
        ]
      }
    ],
    "EnergyStyle": "electronvolt",
    "ForcesStyle": "electronvoltperangstrom",
    "LatticeStyle": "angstrom",
    "PositionsStyle": "angstrom",
    "StressStyle": "kB"
  }
}