{
  "Dataset": {
    "AtomTypeStyle": "chemicalsymbol",
    "Data": [
      {
        "AtomTypes": [
          "Ni",
          "Ni",
          "Ni",
          "Ni",
          "Ni",
          "Ni",
          "Ni",
          "Ni",
          "Ni",
          "Ni",
          "Ni",
          "Ni",
          "Ni",
          "Ni",
          "Ni",
          "Ni",
          "Ni",
          "Ni",
          "Ni",
          "Ni",
          "Ni",
          "Ni",
          "Ni",
          "Ni",
          "Ni",
          "Ni",
          "Ni",
          "Ni",
          "Ni",
          "O",
          "O",
          "O",
          "O",
          "O",
          "O",
          "O",
          "O",
          "O",
          "O",
          "O",
          "O",
          "O",
          "O",
          "O",
          "O",
          "O",
          "O",
          "O",
          "O",
          "O",
          "O",
          "O",
          "O",
          "O",
          "O",
          "O",
          "O",
          "O",
          "O",
          "O",
          "Zr"
        ],
        "Energy": -323.55742629,
        "Forces": [
          [
            -0.063653,
            -0.007429,
            0.889758
          ],
          [
            -0.06336,
            0.009507,
            0.886426
          ],
          [
            -0.06372,
            -0.00049,
            0.920839
          ],
          [
            -0.061636,
            0.004262,
            0.910675
          ],
          [
            -0.064725,
            -0.002508,
            0.887351
          ],
          [
            -0.06247,
            -0.00494,
            0.918774
          ],
          [
            0.041484,
            -0.014516,
            -0.827041
          ],
          [
            0.036151,
            -0.024618,
            -0.849763
          ],
          [
            -0.019243,
            -0.014329,
            -0.827632
          ],
          [
            -0.011324,
            -0.024836,
            -0.859038
          ],
          [
            0.029924,
            0.00525,
            -0.839727
          ],
          [
            -0.012438,
            0.006709,
            -0.844252
          ],
          [
            -0.000142,
            -0.000609,
            0.001786
          ],
          [
            -4.7e-05,
            9.7e-05,
            -0.00088
          ],
          [
            0.00025,
            0.003347,
            -6.8e-05
          ],
          [
            0.000179,
            0.000308,
            -0.000818
          ],
          [
            0.000532,
            0.000684,
            -0.000385
          ],
          [
            0.00028,
            0.003178,
            0.012888
          ],
          [
            0.000969,
            0.003307,
            -0.000218
          ],
          [
            -0.007005,
            0.008027,
            0.003199
          ],
          [
            -0.000965,
            0.002778,
            -0.00136
          ],
          [
            0.00809,
            0.007427,
            0.001063
          ],
          [
            -0.011719,
            -0.004317,
            0.004755
          ],
          [
            0.012597,
            -0.003412,
            0.00331
          ],
          [
            0.000651,
            0.014862,
            0.000882
          ],
          [
            0.011094,
            3.1e-05,
            -0.068403
          ],
          [
            0.004119,
            0.004013,
            0.003346
          ],
          [
            0.005744,
            -0.004498,
            -0.004098
          ],
          [
            -0.000274,
            -0.007819,
            0.004862
          ],
          [
            0.014462,
            0.007373,
            0.469824
          ],
          [
            0.011168,
            -0.004654,
            0.494014
          ],
          [
            0.027992,
            0.007622,
            0.471734
          ],
          [
            0.029149,
            -0.006091,
            0.491587
          ],
          [
            0.015547,
            0.00112,
            0.461553
          ],
          [
            0.026722,
            0.002035,
            0.456979
          ],
          [
            0.02498,
            0.003999,
            -0.571186
          ],
          [
            0.028158,
            -0.021131,
            -0.587775
          ],
          [
            0.025458,
            -0.002176,
            -0.562688
          ],
          [
            0.025458,
            -0.015407,
            -0.487731
          ],
          [
            0.024087,
            0.00256,
            -0.617562
          ],
          [
            0.024133,
            -0.013669,
            -0.50952
          ],
          [
            -0.000387,
            0.002789,
            0.00457
          ],
          [
            0.001065,
            0.001008,
            0.00561
          ],
          [
            0.001299,
            0.002992,
            0.004836
          ],
          [
            -0.000347,
            0.000776,
            0.005861
          ],
          [
            -0.000866,
            -0.000506,
            0.00362
          ],
          [
            0.00159,
            -0.000732,
            0.003628
          ],
          [
            0.001379,
            -0.015137,
            0.032881
          ],
          [
            0.00035,
            -0.001142,
            0.010727
          ],
          [
            0.000968,
            0.007818,
            0.007853
          ],
          [
            0.000307,
            0.0013,
            0.008242
          ],
          [
            0.001351,
            0.021206,
            0.02309
          ],
          [
            0.001294,
            0.011271,
            0.006124
          ],
          [
            -0.001495,
            0.003867,
            0.011036
          ],
          [
            -0.002602,
            0.006801,
            0.004904
          ],
          [
            0.001462,
            0.003888,
            0.010842
          ],
          [
            0.003673,
            0.006639,
            0.004252
          ],
          [
            -0.023969,
            0.002502,
            0.005967
          ],
          [
            0.028843,
            0.002219,
            0.007076
          ],
          [
            0.000677,
            -0.002206,
            -0.008754
          ],
          [
            -0.001246,
            0.023601,
            0.012176
          ]
        ],
        "Lattice": [
          [
            8.33,
            0.0,
            0.0
          ],
          [
            0.0,
            8.839539657,
            0.0
          ],
          [
            0.0,
            0.0,
            21.359563785
          ]
        ],
        "NumAtoms": 61,
        "Positions": [
          [
            0.0,
            0.0,
            0.0
          ],
          [
            0.0,
            2.94648,
            0.0
          ],
          [
            4.165,
            0.0,
            0.0
          ],
          [
            4.165,
            2.94648,
            0.0
          ],
          [
            0.0,
            5.89306,
            0.0
          ],
          [
            4.165,
            5.89306,
            0.0
          ],
          [
            2.0825,
            1.47329,
            1.47381
          ],
          [
            2.0825,
            4.41977,
            1.47381
          ],
          [
            6.2475,
            1.47329,
            1.47381
          ],
          [
            6.2475,
            4.41977,
            1.47381
          ],
          [
            2.0825,
            7.36625,
            1.47381
          ],
          [
            6.2475,
            7.36625,
            1.47381
          ],
          [
            0.00084,
            2.93869,
            2.94089
          ],
          [
            8.32929,
            5.89836,
            2.93969
          ],
          [
            4.16618,
            2.93204,
            2.95139
          ],
          [
            4.16448,
            5.89749,
            2.95846
          ],
          [
            4.16366,
            8.83384,
            2.95858
          ],
          [
            8.32985,
            8.83894,
            2.94218
          ],
          [
            2.05878,
            4.43931,
            4.4759
          ],
          [
            2.08309,
            7.35508,
            4.48677
          ],
          [
            6.26873,
            4.44129,
            4.47096
          ],
          [
            6.24488,
            7.36027,
            4.48675
          ],
          [
            2.09165,
            1.45691,
            4.4808
          ],
          [
            6.23968,
            1.45582,
            4.48177
          ],
          [
            0.00811,
            5.89687,
            5.79416
          ],
          [
            0.03066,
            8.82156,
            5.85292
          ],
          [
            4.1749,
            5.91618,
            6.00759
          ],
          [
            4.19099,
            8.78469,
            5.78653
          ],
          [
            0.00689,
            2.95513,
            5.79744
          ],
          [
            2.0825,
            0.0,
            0.0
          ],
          [
            2.0825,
            2.94648,
            0.0
          ],
          [
            6.2475,
            0.0,
            0.0
          ],
          [
            6.2475,
            2.94648,
            0.0
          ],
          [
            2.0825,
            5.89306,
            0.0
          ],
          [
            6.2475,
            5.89306,
            0.0
          ],
          [
            0.0,
            1.47329,
            1.47381
          ],
          [
            0.0,
            4.41977,
            1.47381
          ],
          [
            4.165,
            1.47329,
            1.47381
          ],
          [
            4.165,
            4.41977,
            1.47381
          ],
          [
            0.0,
            7.36625,
            1.47381
          ],
          [
            4.165,
            7.36625,
            1.47381
          ],
          [
            2.08803,
            8.8394,
            2.95968
          ],
          [
            2.08845,
            2.94639,
            2.9792
          ],
          [
            6.2403,
            6e-05,
            2.96079
          ],
          [
            6.2425,
            2.9458,
            2.97802
          ],
          [
            2.08447,
            5.88476,
            2.95285
          ],
          [
            6.24342,
            5.88566,
            2.95034
          ],
          [
            8.32654,
            1.46464,
            4.45998
          ],
          [
            8.32719,
            4.39961,
            4.41302
          ],
          [
            4.16305,
            1.45706,
            4.46369
          ],
          [
            4.16283,
            4.40277,
            4.46964
          ],
          [
            8.32561,
            7.39027,
            4.41909
          ],
          [
            4.15999,
            7.30813,
            4.48474
          ],
          [
            2.03993,
            2.91872,
            5.89461
          ],
          [
            1.98481,
            5.89531,
            5.81785
          ],
          [
            6.28998,
            2.91961,
            5.89256
          ],
          [
            6.34395,
            5.8985,
            5.80977
          ],
          [
            2.11294,
            0.00243,
            5.86612
          ],
          [
            6.21189,
            0.00519,
            5.87164
          ],
          [
            4.16638,
            4.56766,
            7.37458
          ],
          [
            4.16925,
            3.16679,
            6.16409
          ]
        ],
        "Stress": [
          [
            -83.30183,
            0.06974,
            0.55019
          ],
          [
            0.06974,
            -9.76701,
            0.35868
          ],
          [
            0.55019,
            0.35868,
            -34.59684
          ]
        ],
        "computation_code": "VASP",
        "pseudopotential_information": [
          [
            "PAW_PBE",
            "Ni",
            "02Aug2007"
          ],
          [
            "PAW_PBE",
            "O",
            "08Apr2002"
          ],
          [
            "PAW_PBE",
            "Zr_sv",
            "04Jan2005"
          ]
        ]
      }
    ],
    "EnergyStyle": "electronvolt",
    "ForcesStyle": "electronvoltperangstrom",
    "LatticeStyle": "angstrom",
    "PositionsStyle": "angstrom",
    "StressStyle": "kB"
  }
}