{
  "Dataset": {
    "AtomTypeStyle": "chemicalsymbol",
    "Data": [
      {
        "AtomTypes": [
          "Ni",
          "Ni",
          "Ni",
          "Ni",
          "Ni",
          "Ni",
          "Ni",
          "Ni",
          "Ni",
          "Ni",
          "Ni",
          "Ni",
          "Ni",
          "Ni",
          "Ni",
          "Ni",
          "Ni",
          "Ni",
          "Ni",
          "Ni",
          "Ni",
          "Ni",
          "Ni",
          "Ni",
          "Ni",
          "Ni",
          "Ni",
          "Ni",
          "Ni",
          "O",
          "O",
          "O",
          "O",
          "O",
          "O",
          "O",
          "O",
          "O",
          "O",
          "O",
          "O",
          "O",
          "O",
          "O",
          "O",
          "O",
          "O",
          "O",
          "O",
          "O",
          "O",
          "O",
          "O",
          "O",
          "O",
          "O",
          "O",
          "O",
          "O",
          "O",
          "Zr"
        ],
        "Energy": -323.11317937,
        "Forces": [
          [
            -0.026624,
            0.000609,
            0.895199
          ],
          [
            -0.019865,
            0.000971,
            0.877356
          ],
          [
            -0.102011,
            0.003926,
            0.965344
          ],
          [
            -0.10406,
            0.026512,
            0.947295
          ],
          [
            -0.017532,
            -0.001288,
            0.896935
          ],
          [
            -0.105852,
            -0.032411,
            0.958148
          ],
          [
            0.083315,
            -0.054637,
            -0.902681
          ],
          [
            0.103268,
            -0.002809,
            -0.920583
          ],
          [
            -0.014963,
            -0.009085,
            -0.735114
          ],
          [
            -0.025944,
            0.008821,
            -0.741533
          ],
          [
            0.08104,
            0.032024,
            -0.91775
          ],
          [
            -0.001412,
            -0.014506,
            -0.748619
          ],
          [
            -0.002136,
            -0.051237,
            0.066111
          ],
          [
            -0.047883,
            -0.058674,
            -0.088391
          ],
          [
            -0.011489,
            -0.143904,
            0.001403
          ],
          [
            -0.027358,
            0.009275,
            -0.059568
          ],
          [
            0.003427,
            0.075975,
            0.099578
          ],
          [
            0.016531,
            -0.096491,
            -0.09575
          ],
          [
            0.098046,
            -0.255482,
            0.04609
          ],
          [
            0.105196,
            0.195364,
            -0.162174
          ],
          [
            -0.288981,
            -0.080089,
            -0.496669
          ],
          [
            -0.110873,
            0.096299,
            -0.022454
          ],
          [
            0.192654,
            0.034534,
            0.205436
          ],
          [
            -0.180062,
            -0.064529,
            0.038425
          ],
          [
            -0.181492,
            -0.168548,
            0.029484
          ],
          [
            -0.035191,
            0.106208,
            -0.075782
          ],
          [
            0.120829,
            0.19837,
            0.009356
          ],
          [
            0.059084,
            0.137551,
            -0.480785
          ],
          [
            -0.026857,
            0.079384,
            0.036464
          ],
          [
            0.004311,
            0.00424,
            0.456283
          ],
          [
            -0.008109,
            -0.002182,
            0.450226
          ],
          [
            0.029478,
            0.001348,
            0.513158
          ],
          [
            0.041606,
            0.001378,
            0.56103
          ],
          [
            -0.009673,
            0.001974,
            0.449943
          ],
          [
            0.042434,
            -0.000371,
            0.576469
          ],
          [
            -0.046648,
            -0.005241,
            -0.677911
          ],
          [
            -0.040033,
            0.056652,
            -0.610541
          ],
          [
            0.126346,
            -0.065795,
            -0.502932
          ],
          [
            0.118369,
            0.056597,
            -0.651943
          ],
          [
            -0.047452,
            0.004934,
            -0.621935
          ],
          [
            0.134302,
            -0.017322,
            -0.44997
          ],
          [
            0.024112,
            0.008502,
            -0.01389
          ],
          [
            -0.055442,
            0.016739,
            -0.015683
          ],
          [
            -0.038411,
            0.043163,
            -0.00659
          ],
          [
            0.047024,
            -0.037654,
            -0.023115
          ],
          [
            0.049669,
            -0.009799,
            0.072753
          ],
          [
            -0.123229,
            -0.025984,
            0.018531
          ],
          [
            -0.066293,
            -0.086858,
            0.090752
          ],
          [
            -0.089754,
            0.037092,
            0.012124
          ],
          [
            -0.058756,
            -0.131094,
            0.229309
          ],
          [
            -0.195803,
            -0.156071,
            -0.04532
          ],
          [
            0.039977,
            0.063883,
            -0.083382
          ],
          [
            -0.020879,
            -0.050639,
            0.285093
          ],
          [
            0.302411,
            0.07521,
            0.012777
          ],
          [
            -0.235429,
            0.111695,
            0.102267
          ],
          [
            -0.121934,
            -0.026618,
            0.065735
          ],
          [
            0.255713,
            0.224497,
            0.011164
          ],
          [
            0.186291,
            -0.078426,
            0.058917
          ],
          [
            -0.154124,
            -0.006069,
            0.022683
          ],
          [
            0.348047,
            0.067212,
            -0.057076
          ],
          [
            0.029068,
            -0.047129,
            0.146303
          ]
        ],
        "Lattice": [
          [
            8.33,
            0.0,
            0.0
          ],
          [
            0.0,
            8.839539657,
            0.0
          ],
          [
            0.0,
            0.0,
            21.359563785
          ]
        ],
        "NumAtoms": 61,
        "Positions": [
          [
            0.0,
            0.0,
            0.0
          ],
          [
            0.0,
            2.94648,
            0.0
          ],
          [
            4.165,
            0.0,
            0.0
          ],
          [
            4.165,
            2.94648,
            0.0
          ],
          [
            0.0,
            5.89306,
            0.0
          ],
          [
            4.165,
            5.89306,
            0.0
          ],
          [
            2.0825,
            1.47329,
            1.47381
          ],
          [
            2.0825,
            4.41977,
            1.47381
          ],
          [
            6.2475,
            1.47329,
            1.47381
          ],
          [
            6.2475,
            4.41977,
            1.47381
          ],
          [
            2.0825,
            7.36625,
            1.47381
          ],
          [
            6.2475,
            7.36625,
            1.47381
          ],
          [
            0.01381,
            2.94785,
            2.92978
          ],
          [
            0.02001,
            5.91002,
            2.95006
          ],
          [
            4.15858,
            2.92439,
            2.95925
          ],
          [
            4.15705,
            5.90867,
            2.97815
          ],
          [
            4.17778,
            -0.01139,
            2.98365
          ],
          [
            0.01028,
            0.00333,
            2.94345
          ],
          [
            2.08954,
            4.4289,
            4.43747
          ],
          [
            2.10779,
            7.37303,
            4.48065
          ],
          [
            3.85859,
            3.01844,
            6.21033
          ],
          [
            6.27564,
            7.38278,
            4.52749
          ],
          [
            2.10604,
            1.44489,
            4.4447
          ],
          [
            6.28172,
            1.44875,
            4.5018
          ],
          [
            0.14836,
            5.96178,
            5.82817
          ],
          [
            0.036,
            1e-05,
            5.815
          ],
          [
            3.79292,
            5.93092,
            6.32443
          ],
          [
            4.22679,
            -0.01101,
            5.87168
          ],
          [
            0.14686,
            2.87956,
            5.79856
          ],
          [
            2.0825,
            0.0,
            0.0
          ],
          [
            2.0825,
            2.94648,
            0.0
          ],
          [
            6.2475,
            0.0,
            0.0
          ],
          [
            6.2475,
            2.94648,
            0.0
          ],
          [
            2.0825,
            5.89306,
            0.0
          ],
          [
            6.2475,
            5.89306,
            0.0
          ],
          [
            0.0,
            1.47329,
            1.47381
          ],
          [
            0.0,
            4.41977,
            1.47381
          ],
          [
            4.165,
            1.47329,
            1.47381
          ],
          [
            4.165,
            4.41977,
            1.47381
          ],
          [
            0.0,
            7.36625,
            1.47381
          ],
          [
            4.165,
            7.36625,
            1.47381
          ],
          [
            2.11042,
            -0.01135,
            2.95454
          ],
          [
            2.08307,
            2.93987,
            2.94656
          ],
          [
            6.24282,
            -0.0118,
            2.96629
          ],
          [
            6.26213,
            2.97613,
            3.01766
          ],
          [
            2.081,
            5.90178,
            2.94618
          ],
          [
            6.27063,
            5.86982,
            3.03156
          ],
          [
            0.03005,
            1.44574,
            4.38048
          ],
          [
            -0.00035,
            4.42742,
            4.41769
          ],
          [
            4.19681,
            1.49513,
            4.52588
          ],
          [
            4.13464,
            4.37889,
            4.34042
          ],
          [
            0.02062,
            7.39107,
            4.41877
          ],
          [
            4.19013,
            7.32217,
            4.53037
          ],
          [
            1.99311,
            2.91954,
            5.80161
          ],
          [
            2.0092,
            5.88544,
            5.80319
          ],
          [
            6.57209,
            2.85853,
            5.93605
          ],
          [
            6.5563,
            5.97234,
            5.97728
          ],
          [
            2.06024,
            -0.00051,
            5.85578
          ],
          [
            6.31499,
            0.00232,
            5.86542
          ],
          [
            4.31612,
            4.46986,
            7.16608
          ],
          [
            6.11839,
            4.43399,
            4.83828
          ]
        ],
        "computation_code": "VASP",
        "pseudopotential_information": [
          [
            "PAW_PBE",
            "Ni",
            "02Aug2007"
          ],
          [
            "PAW_PBE",
            "O",
            "08Apr2002"
          ],
          [
            "PAW_PBE",
            "Zr_sv",
            "04Jan2005"
          ]
        ]
      }
    ],
    "EnergyStyle": "electronvolt",
    "ForcesStyle": "electronvoltperangstrom",
    "LatticeStyle": "angstrom",
    "PositionsStyle": "angstrom",
    "StressStyle": "kB"
  }
}