{
  "Dataset": {
    "AtomTypeStyle": "chemicalsymbol",
    "Data": [
      {
        "AtomTypes": [
          "Ni",
          "Ni",
          "Ni",
          "Ni",
          "Ni",
          "Ni",
          "Ni",
          "Ni",
          "Ni",
          "Ni",
          "Ni",
          "Ni",
          "Ni",
          "Ni",
          "Ni",
          "Ni",
          "Ni",
          "Ni",
          "Ni",
          "Ni",
          "Ni",
          "Ni",
          "Ni",
          "Ni",
          "Ni",
          "Ni",
          "Ni",
          "Ni",
          "Ni",
          "O",
          "O",
          "O",
          "O",
          "O",
          "O",
          "O",
          "O",
          "O",
          "O",
          "O",
          "O",
          "O",
          "O",
          "O",
          "O",
          "O",
          "O",
          "O",
          "O",
          "O",
          "O",
          "O",
          "O",
          "O",
          "O",
          "O",
          "O",
          "O",
          "O",
          "O",
          "Zr"
        ],
        "Energy": -323.40395823,
        "Forces": [
          [
            -0.037897,
            -0.001861,
            0.873104
          ],
          [
            -0.025603,
            0.002367,
            0.911282
          ],
          [
            -0.0963,
            -0.007681,
            0.947004
          ],
          [
            -0.09671,
            0.053716,
            0.928334
          ],
          [
            -0.017011,
            8.5e-05,
            0.894421
          ],
          [
            -0.100544,
            -0.050763,
            0.971671
          ],
          [
            0.016381,
            -0.016758,
            -0.886603
          ],
          [
            0.056796,
            -0.051016,
            -0.851504
          ],
          [
            -0.016118,
            0.042971,
            -0.716416
          ],
          [
            -0.104767,
            -0.066391,
            -0.516672
          ],
          [
            0.050917,
            -0.040304,
            -0.890692
          ],
          [
            -0.069263,
            -0.068379,
            -0.737994
          ],
          [
            -0.019651,
            0.018415,
            0.026489
          ],
          [
            0.039611,
            0.055982,
            0.012407
          ],
          [
            -0.000495,
            0.03043,
            0.005967
          ],
          [
            -0.031169,
            0.038583,
            -0.010828
          ],
          [
            0.004291,
            0.008565,
            -0.112996
          ],
          [
            0.004163,
            -0.080434,
            0.019702
          ],
          [
            -0.012391,
            0.027954,
            0.008071
          ],
          [
            -0.036337,
            -0.118049,
            -0.034341
          ],
          [
            0.039897,
            0.054994,
            0.05026
          ],
          [
            0.121368,
            -0.052103,
            -0.034565
          ],
          [
            -0.058348,
            -0.000716,
            -0.0414
          ],
          [
            0.127991,
            0.063175,
            -0.089288
          ],
          [
            0.037858,
            -0.015945,
            0.045867
          ],
          [
            -0.020921,
            0.067872,
            0.000127
          ],
          [
            -0.030472,
            -0.137477,
            -0.211984
          ],
          [
            -0.02002,
            0.126652,
            0.550134
          ],
          [
            -0.083063,
            -0.024206,
            -0.018599
          ],
          [
            0.014664,
            0.004985,
            0.467865
          ],
          [
            -0.003206,
            -0.001856,
            0.459157
          ],
          [
            0.028091,
            -0.001863,
            0.505643
          ],
          [
            0.045658,
            0.003664,
            0.553169
          ],
          [
            -0.008963,
            0.007415,
            0.466402
          ],
          [
            0.052027,
            0.009976,
            0.592247
          ],
          [
            -0.056562,
            -0.017628,
            -0.686486
          ],
          [
            -0.081549,
            0.026183,
            -0.599699
          ],
          [
            0.092862,
            -0.173538,
            -0.627242
          ],
          [
            0.072864,
            0.020222,
            -0.798947
          ],
          [
            -0.074333,
            -0.035057,
            -0.642658
          ],
          [
            0.105904,
            -0.031495,
            -0.342502
          ],
          [
            -0.020839,
            0.019643,
            0.002252
          ],
          [
            -0.025656,
            0.004988,
            -0.04859
          ],
          [
            0.020581,
            0.006363,
            -0.005452
          ],
          [
            -0.011462,
            0.030884,
            -0.042862
          ],
          [
            0.019808,
            0.005669,
            -0.012737
          ],
          [
            -0.011752,
            -0.009481,
            0.040662
          ],
          [
            0.00818,
            0.022071,
            0.000933
          ],
          [
            0.021348,
            0.011151,
            0.029043
          ],
          [
            -0.017358,
            0.168484,
            -0.200654
          ],
          [
            0.059323,
            0.09915,
            -0.058068
          ],
          [
            0.004772,
            0.053402,
            0.010655
          ],
          [
            -0.036636,
            -0.178662,
            -0.192538
          ],
          [
            0.024581,
            -0.044807,
            0.024416
          ],
          [
            0.162394,
            -0.035317,
            0.034083
          ],
          [
            0.054017,
            0.016626,
            -0.069241
          ],
          [
            -0.02314,
            0.048648,
            0.069999
          ],
          [
            -0.241884,
            0.012324,
            -0.003963
          ],
          [
            0.240709,
            -0.005276,
            0.001472
          ],
          [
            -0.030472,
            0.094662,
            -0.1054
          ],
          [
            -0.006164,
            0.008791,
            0.088086
          ]
        ],
        "Lattice": [
          [
            8.33,
            0.0,
            0.0
          ],
          [
            0.0,
            8.839539657,
            0.0
          ],
          [
            0.0,
            0.0,
            21.359563785
          ]
        ],
        "NumAtoms": 61,
        "Positions": [
          [
            0.0,
            0.0,
            0.0
          ],
          [
            0.0,
            2.94648,
            0.0
          ],
          [
            4.165,
            0.0,
            0.0
          ],
          [
            4.165,
            2.94648,
            0.0
          ],
          [
            0.0,
            5.89306,
            0.0
          ],
          [
            4.165,
            5.89306,
            0.0
          ],
          [
            2.0825,
            1.47329,
            1.47381
          ],
          [
            2.0825,
            4.41977,
            1.47381
          ],
          [
            6.2475,
            1.47329,
            1.47381
          ],
          [
            6.2475,
            4.41977,
            1.47381
          ],
          [
            2.0825,
            7.36625,
            1.47381
          ],
          [
            6.2475,
            7.36625,
            1.47381
          ],
          [
            -0.01546,
            2.94331,
            2.9506
          ],
          [
            -0.01856,
            5.88558,
            2.94649
          ],
          [
            4.15867,
            2.88682,
            2.93869
          ],
          [
            4.1467,
            5.87491,
            2.98522
          ],
          [
            4.17258,
            -0.01288,
            2.97407
          ],
          [
            0.01158,
            0.00892,
            2.92551
          ],
          [
            2.0638,
            4.41908,
            4.42636
          ],
          [
            2.1078,
            7.38981,
            4.46367
          ],
          [
            3.81297,
            3.05856,
            6.17818
          ],
          [
            6.27621,
            7.39729,
            4.50279
          ],
          [
            2.09787,
            1.44565,
            4.4712
          ],
          [
            6.26553,
            1.46662,
            4.49553
          ],
          [
            0.1541,
            5.96937,
            5.7981
          ],
          [
            0.02446,
            -0.0146,
            5.79879
          ],
          [
            3.77078,
            6.0795,
            6.35753
          ],
          [
            4.27103,
            0.01935,
            5.882
          ],
          [
            0.1184,
            2.8946,
            5.80611
          ],
          [
            2.0825,
            0.0,
            0.0
          ],
          [
            2.0825,
            2.94648,
            0.0
          ],
          [
            6.2475,
            0.0,
            0.0
          ],
          [
            6.2475,
            2.94648,
            0.0
          ],
          [
            2.0825,
            5.89306,
            0.0
          ],
          [
            6.2475,
            5.89306,
            0.0
          ],
          [
            0.0,
            1.47329,
            1.47381
          ],
          [
            0.0,
            4.41977,
            1.47381
          ],
          [
            4.165,
            1.47329,
            1.47381
          ],
          [
            4.165,
            4.41977,
            1.47381
          ],
          [
            0.0,
            7.36625,
            1.47381
          ],
          [
            4.165,
            7.36625,
            1.47381
          ],
          [
            2.12565,
            -0.00999,
            2.95614
          ],
          [
            2.04941,
            2.92655,
            2.95553
          ],
          [
            6.21928,
            -0.01246,
            2.96204
          ],
          [
            6.25595,
            2.96092,
            3.03224
          ],
          [
            2.07112,
            5.898,
            2.958
          ],
          [
            6.22341,
            5.85883,
            3.05505
          ],
          [
            0.02243,
            1.436,
            4.40301
          ],
          [
            -0.05311,
            4.42482,
            4.44145
          ],
          [
            4.17182,
            1.43613,
            4.50325
          ],
          [
            4.08581,
            4.30064,
            4.27585
          ],
          [
            0.03186,
            7.40283,
            4.3643
          ],
          [
            4.1894,
            7.24111,
            4.66186
          ],
          [
            1.97895,
            2.94815,
            5.83533
          ],
          [
            1.996,
            5.8887,
            5.82678
          ],
          [
            6.55241,
            2.83289,
            5.96873
          ],
          [
            6.63381,
            6.07649,
            5.9836
          ],
          [
            2.05158,
            -0.01607,
            5.87535
          ],
          [
            6.3134,
            0.01761,
            5.85684
          ],
          [
            4.63681,
            4.55878,
            6.83794
          ],
          [
            6.03486,
            4.4782,
            4.9873
          ]
        ],
        "Stress": [
          [
            -59.90339,
            0.87465,
            1.27497
          ],
          [
            0.87465,
            -6.78121,
            1.18434
          ],
          [
            1.27497,
            1.18434,
            -35.70898
          ]
        ],
        "computation_code": "VASP",
        "pseudopotential_information": [
          [
            "PAW_PBE",
            "Ni",
            "02Aug2007"
          ],
          [
            "PAW_PBE",
            "O",
            "08Apr2002"
          ],
          [
            "PAW_PBE",
            "Zr_sv",
            "04Jan2005"
          ]
        ]
      }
    ],
    "EnergyStyle": "electronvolt",
    "ForcesStyle": "electronvoltperangstrom",
    "LatticeStyle": "angstrom",
    "PositionsStyle": "angstrom",
    "StressStyle": "kB"
  }
}