{
  "Dataset": {
    "AtomTypeStyle": "chemicalsymbol",
    "Data": [
      {
        "AtomTypes": [
          "Ni",
          "Ni",
          "Ni",
          "Ni",
          "Ni",
          "Ni",
          "Ni",
          "Ni",
          "Ni",
          "Ni",
          "Ni",
          "Ni",
          "Ni",
          "Ni",
          "Ni",
          "Ni",
          "Ni",
          "Ni",
          "Ni",
          "Ni",
          "Ni",
          "Ni",
          "Ni",
          "Ni",
          "Ni",
          "Ni",
          "Ni",
          "Ni",
          "Ni",
          "O",
          "O",
          "O",
          "O",
          "O",
          "O",
          "O",
          "O",
          "O",
          "O",
          "O",
          "O",
          "O",
          "O",
          "O",
          "O",
          "O",
          "O",
          "O",
          "O",
          "O",
          "O",
          "O",
          "O",
          "O",
          "O",
          "O",
          "O",
          "O",
          "O",
          "O",
          "Zr"
        ],
        "Energy": -322.7483386,
        "Forces": [
          [
            -0.027339,
            0.013871,
            0.874128
          ],
          [
            -0.035388,
            0.007603,
            0.879288
          ],
          [
            -0.098755,
            -0.007588,
            0.951158
          ],
          [
            -0.09122,
            0.039024,
            0.942168
          ],
          [
            -0.033176,
            -0.019849,
            0.91004
          ],
          [
            -0.08847,
            -0.031089,
            0.923114
          ],
          [
            0.087026,
            -0.069043,
            -0.951535
          ],
          [
            0.109564,
            0.017821,
            -0.814978
          ],
          [
            0.044838,
            -0.025768,
            -0.78772
          ],
          [
            0.028714,
            -0.044443,
            -0.807904
          ],
          [
            0.098841,
            -0.071829,
            -0.893528
          ],
          [
            0.011917,
            -0.010786,
            -0.760541
          ],
          [
            -0.183012,
            0.10034,
            0.088856
          ],
          [
            0.024622,
            0.03854,
            0.12497
          ],
          [
            0.043604,
            0.203288,
            -0.057006
          ],
          [
            0.004357,
            0.078633,
            -0.024264
          ],
          [
            -0.043105,
            -0.146006,
            0.055806
          ],
          [
            0.001333,
            0.083555,
            0.215808
          ],
          [
            -0.435924,
            0.211471,
            -0.448309
          ],
          [
            -0.327205,
            -0.048318,
            0.092568
          ],
          [
            -0.355434,
            -1.015044,
            -0.198409
          ],
          [
            0.001424,
            0.076409,
            -0.056099
          ],
          [
            -0.058119,
            -0.042816,
            -0.078408
          ],
          [
            0.215847,
            0.01219,
            0.050851
          ],
          [
            0.068573,
            0.43172,
            -0.83188
          ],
          [
            0.111707,
            -0.832661,
            0.225343
          ],
          [
            -0.065825,
            1.162174,
            1.214836
          ],
          [
            -0.004477,
            0.129917,
            -0.348916
          ],
          [
            -0.345754,
            -0.120963,
            -0.234265
          ],
          [
            0.009248,
            -0.004773,
            0.425562
          ],
          [
            0.001176,
            0.008283,
            0.450904
          ],
          [
            0.020552,
            -0.005073,
            0.506662
          ],
          [
            0.026865,
            0.007942,
            0.53111
          ],
          [
            -0.007326,
            0.008428,
            0.502089
          ],
          [
            0.03737,
            0.006055,
            0.555688
          ],
          [
            -0.003103,
            -0.06002,
            -0.729266
          ],
          [
            0.021381,
            0.020108,
            -0.591632
          ],
          [
            0.121389,
            -0.059342,
            -0.4941
          ],
          [
            0.106899,
            -0.037206,
            -0.6241
          ],
          [
            -0.008178,
            -0.052546,
            -0.638421
          ],
          [
            0.120668,
            0.028564,
            -0.565911
          ],
          [
            0.012979,
            0.104822,
            0.149369
          ],
          [
            0.019875,
            0.011387,
            0.032762
          ],
          [
            -0.038918,
            -0.017182,
            0.003116
          ],
          [
            -0.141909,
            0.165863,
            0.162998
          ],
          [
            0.008003,
            0.056512,
            -0.239262
          ],
          [
            -0.085907,
            0.000425,
            0.112813
          ],
          [
            0.145753,
            0.161881,
            -0.074389
          ],
          [
            -0.157322,
            -0.082148,
            0.099965
          ],
          [
            0.009014,
            0.123342,
            0.03626
          ],
          [
            0.02068,
            -0.625323,
            0.048785
          ],
          [
            -0.094907,
            -0.186279,
            -0.173489
          ],
          [
            0.039274,
            0.502806,
            0.003757
          ],
          [
            0.334286,
            0.179507,
            0.385486
          ],
          [
            0.00325,
            -0.255984,
            -0.387434
          ],
          [
            0.114296,
            0.008379,
            0.076368
          ],
          [
            -0.207209,
            0.036731,
            -0.001023
          ],
          [
            0.209981,
            0.35066,
            -0.003894
          ],
          [
            -0.299171,
            0.075758,
            -0.014817
          ],
          [
            0.545037,
            -0.459434,
            0.413856
          ],
          [
            0.456808,
            -0.132495,
            -0.214983
          ]
        ],
        "Lattice": [
          [
            8.33,
            0.0,
            0.0
          ],
          [
            0.0,
            8.839539657,
            0.0
          ],
          [
            0.0,
            0.0,
            21.359563785
          ]
        ],
        "NumAtoms": 61,
        "Positions": [
          [
            0.0,
            0.0,
            0.0
          ],
          [
            0.0,
            2.94648,
            0.0
          ],
          [
            4.165,
            0.0,
            0.0
          ],
          [
            4.165,
            2.94648,
            0.0
          ],
          [
            0.0,
            5.89306,
            0.0
          ],
          [
            4.165,
            5.89306,
            0.0
          ],
          [
            2.0825,
            1.47329,
            1.47381
          ],
          [
            2.0825,
            4.41977,
            1.47381
          ],
          [
            6.2475,
            1.47329,
            1.47381
          ],
          [
            6.2475,
            4.41977,
            1.47381
          ],
          [
            2.0825,
            7.36625,
            1.47381
          ],
          [
            6.2475,
            7.36625,
            1.47381
          ],
          [
            0.04571,
            2.92953,
            2.92883
          ],
          [
            0.03233,
            5.91143,
            2.95885
          ],
          [
            4.15422,
            2.89918,
            2.96905
          ],
          [
            4.15652,
            5.91615,
            2.94667
          ],
          [
            4.18589,
            0.00144,
            2.9798
          ],
          [
            0.01026,
            -0.01576,
            2.92787
          ],
          [
            2.098,
            4.40272,
            4.48416
          ],
          [
            2.10972,
            7.38596,
            4.46392
          ],
          [
            3.91523,
            3.07164,
            6.13653
          ],
          [
            6.2973,
            7.38125,
            4.53782
          ],
          [
            2.12259,
            1.42039,
            4.46296
          ],
          [
            6.24534,
            1.44086,
            4.50033
          ],
          [
            0.14146,
            5.93244,
            5.99384
          ],
          [
            0.02431,
            0.10899,
            5.78736
          ],
          [
            3.82947,
            5.83619,
            6.20297
          ],
          [
            4.22422,
            -0.02187,
            5.86331
          ],
          [
            0.17126,
            2.91697,
            5.82724
          ],
          [
            2.0825,
            0.0,
            0.0
          ],
          [
            2.0825,
            2.94648,
            0.0
          ],
          [
            6.2475,
            0.0,
            0.0
          ],
          [
            6.2475,
            2.94648,
            0.0
          ],
          [
            2.0825,
            5.89306,
            0.0
          ],
          [
            6.2475,
            5.89306,
            0.0
          ],
          [
            0.0,
            1.47329,
            1.47381
          ],
          [
            0.0,
            4.41977,
            1.47381
          ],
          [
            4.165,
            1.47329,
            1.47381
          ],
          [
            4.165,
            4.41977,
            1.47381
          ],
          [
            0.0,
            7.36625,
            1.47381
          ],
          [
            4.165,
            7.36625,
            1.47381
          ],
          [
            2.11281,
            -0.01652,
            2.92737
          ],
          [
            2.09944,
            2.93576,
            2.94747
          ],
          [
            6.24611,
            -0.00715,
            2.96472
          ],
          [
            6.27379,
            2.94866,
            2.99368
          ],
          [
            2.08393,
            5.88363,
            2.99264
          ],
          [
            6.28826,
            5.8697,
            3.00755
          ],
          [
            0.00529,
            1.46456,
            4.3748
          ],
          [
            0.02511,
            4.43363,
            4.4182
          ],
          [
            4.18968,
            1.49279,
            4.54894
          ],
          [
            4.14792,
            4.44797,
            4.33772
          ],
          [
            0.03526,
            7.41549,
            4.46933
          ],
          [
            4.20855,
            7.32121,
            4.47836
          ],
          [
            2.01364,
            2.88664,
            5.76772
          ],
          [
            1.96701,
            5.93679,
            5.88373
          ],
          [
            6.55187,
            2.86765,
            5.92773
          ],
          [
            6.58407,
            5.94951,
            5.98386
          ],
          [
            2.07275,
            -0.03596,
            5.85337
          ],
          [
            6.31784,
            8e-05,
            5.87157
          ],
          [
            4.20574,
            4.46292,
            7.21633
          ],
          [
            6.17445,
            4.43349,
            4.79511
          ]
        ],
        "Stress": [
          [
            -61.75216,
            -0.46568,
            0.54806
          ],
          [
            -0.46568,
            -6.23396,
            -0.80744
          ],
          [
            0.54806,
            -0.80744,
            -34.39427
          ]
        ],
        "computation_code": "VASP",
        "pseudopotential_information": [
          [
            "PAW_PBE",
            "Ni",
            "02Aug2007"
          ],
          [
            "PAW_PBE",
            "O",
            "08Apr2002"
          ],
          [
            "PAW_PBE",
            "Zr_sv",
            "04Jan2005"
          ]
        ]
      }
    ],
    "EnergyStyle": "electronvolt",
    "ForcesStyle": "electronvoltperangstrom",
    "LatticeStyle": "angstrom",
    "PositionsStyle": "angstrom",
    "StressStyle": "kB"
  }
}