{
  "Dataset": {
    "AtomTypeStyle": "chemicalsymbol",
    "Data": [
      {
        "AtomTypes": [
          "Ni",
          "Ni",
          "Ni",
          "Ni",
          "Ni",
          "Ni",
          "Ni",
          "Ni",
          "Ni",
          "Ni",
          "Ni",
          "Ni",
          "Ni",
          "Ni",
          "Ni",
          "Ni",
          "Ni",
          "Ni",
          "Ni",
          "Ni",
          "Ni",
          "Ni",
          "Ni",
          "Ni",
          "Ni",
          "Ni",
          "Ni",
          "Ni",
          "Ni",
          "O",
          "O",
          "O",
          "O",
          "O",
          "O",
          "O",
          "O",
          "O",
          "O",
          "O",
          "O",
          "O",
          "O",
          "O",
          "O",
          "O",
          "O",
          "O",
          "O",
          "O",
          "O",
          "O",
          "O",
          "O",
          "O",
          "O",
          "O",
          "O",
          "Nb"
        ],
        "Energy": -304.98222415,
        "Forces": [
          [
            -0.052847,
            0.005033,
            0.912198
          ],
          [
            -0.043932,
            0.000123,
            0.91099
          ],
          [
            -0.070911,
            -0.025656,
            0.872953
          ],
          [
            -0.074883,
            0.001369,
            0.742312
          ],
          [
            -0.052951,
            -0.00512,
            0.911452
          ],
          [
            -0.070969,
            0.024425,
            0.873746
          ],
          [
            -0.073533,
            -0.130656,
            -0.9098
          ],
          [
            -0.070857,
            0.12923,
            -0.911258
          ],
          [
            0.097946,
            -0.080976,
            -0.861051
          ],
          [
            0.09646,
            0.079447,
            -0.862491
          ],
          [
            0.001665,
            0.000882,
            -0.776334
          ],
          [
            0.037589,
            0.001603,
            -0.757227
          ],
          [
            0.001291,
            0.001002,
            -0.001301
          ],
          [
            0.000578,
            -0.000635,
            0.007508
          ],
          [
            2e-05,
            0.002973,
            -0.005937
          ],
          [
            0.001285,
            0.004498,
            -0.008434
          ],
          [
            0.002928,
            -0.001846,
            -0.009457
          ],
          [
            0.002032,
            -0.000832,
            0.00639
          ],
          [
            -0.005017,
            0.01068,
            -0.005494
          ],
          [
            0.022496,
            0.001069,
            0.01497
          ],
          [
            0.014742,
            0.002933,
            -0.002124
          ],
          [
            -0.024854,
            0.002307,
            0.015132
          ],
          [
            -0.006963,
            -0.009552,
            -0.006819
          ],
          [
            0.021176,
            -0.004817,
            -0.002663
          ],
          [
            -0.007376,
            0.009336,
            0.011054
          ],
          [
            -0.007761,
            -0.012443,
            0.009867
          ],
          [
            -0.010711,
            -0.133008,
            -0.008659
          ],
          [
            -0.019265,
            0.127705,
            0.017558
          ],
          [
            0.005343,
            0.000767,
            -0.039356
          ],
          [
            0.046494,
            0.012861,
            0.502568
          ],
          [
            0.051514,
            0.000168,
            0.556609
          ],
          [
            -0.007767,
            0.014075,
            0.51781
          ],
          [
            -0.01595,
            0.000256,
            0.611541
          ],
          [
            0.046035,
            -0.013022,
            0.502596
          ],
          [
            -0.007394,
            -0.014314,
            0.517806
          ],
          [
            0.000795,
            0.018403,
            -0.510771
          ],
          [
            0.001016,
            -0.019985,
            -0.510573
          ],
          [
            0.050103,
            -0.073844,
            -0.536927
          ],
          [
            0.050889,
            0.070282,
            -0.543654
          ],
          [
            -0.004943,
            0.001701,
            -0.526764
          ],
          [
            0.058672,
            0.000853,
            -0.729323
          ],
          [
            -0.003446,
            0.00742,
            -0.004484
          ],
          [
            0.018487,
            -0.000873,
            0.002264
          ],
          [
            0.008394,
            0.008291,
            -0.005845
          ],
          [
            -0.013319,
            0.000467,
            0.009621
          ],
          [
            -0.006563,
            -0.00469,
            -0.00629
          ],
          [
            0.009029,
            -0.007003,
            -0.006019
          ],
          [
            0.004476,
            0.017982,
            0.016952
          ],
          [
            0.002577,
            -0.021536,
            0.016771
          ],
          [
            0.008772,
            -0.011852,
            -0.006484
          ],
          [
            0.002892,
            0.01502,
            0.007295
          ],
          [
            0.000595,
            0.001939,
            -0.024578
          ],
          [
            0.003754,
            0.004479,
            -0.034768
          ],
          [
            -0.024303,
            -0.003052,
            0.008152
          ],
          [
            -0.010716,
            0.004389,
            0.035271
          ],
          [
            0.020451,
            -0.007132,
            0.004151
          ],
          [
            -0.019386,
            0.006643,
            0.006911
          ],
          [
            0.013988,
            0.009766,
            0.007092
          ],
          [
            0.002136,
            -0.017533,
            -0.014654
          ]
        ],
        "Lattice": [
          [
            8.33,
            0.0,
            0.0
          ],
          [
            0.0,
            8.839539657,
            0.0
          ],
          [
            0.0,
            0.0,
            21.359563785
          ]
        ],
        "NumAtoms": 59,
        "Positions": [
          [
            0.0,
            0.0,
            0.0
          ],
          [
            0.0,
            2.94648,
            0.0
          ],
          [
            4.165,
            0.0,
            0.0
          ],
          [
            4.165,
            2.94648,
            0.0
          ],
          [
            0.0,
            5.89306,
            0.0
          ],
          [
            4.165,
            5.89306,
            0.0
          ],
          [
            2.0825,
            1.47329,
            1.47381
          ],
          [
            2.0825,
            4.41977,
            1.47381
          ],
          [
            6.2475,
            1.47329,
            1.47381
          ],
          [
            6.2475,
            4.41977,
            1.47381
          ],
          [
            2.0825,
            7.36625,
            1.47381
          ],
          [
            6.2475,
            7.36625,
            1.47381
          ],
          [
            8.32447,
            2.94628,
            2.9661
          ],
          [
            0.00322,
            5.91124,
            2.96753
          ],
          [
            4.16851,
            2.94613,
            2.87381
          ],
          [
            4.1628,
            5.93125,
            2.96556
          ],
          [
            4.16242,
            8.80141,
            2.96523
          ],
          [
            0.00273,
            8.82135,
            2.96809
          ],
          [
            2.06046,
            4.43528,
            4.43
          ],
          [
            2.11248,
            7.36521,
            4.56358
          ],
          [
            6.29779,
            4.4613,
            4.45533
          ],
          [
            6.18515,
            7.36523,
            4.55871
          ],
          [
            2.06056,
            1.45755,
            4.43139
          ],
          [
            6.29693,
            1.4325,
            4.45657
          ],
          [
            8.3113,
            5.82544,
            5.88546
          ],
          [
            8.31168,
            0.06684,
            5.88591
          ],
          [
            4.13068,
            5.76161,
            5.97832
          ],
          [
            4.13242,
            0.13187,
            5.9699
          ],
          [
            0.7662,
            2.94683,
            5.8092
          ],
          [
            2.0825,
            0.0,
            0.0
          ],
          [
            2.0825,
            2.94648,
            0.0
          ],
          [
            6.2475,
            0.0,
            0.0
          ],
          [
            6.2475,
            2.94648,
            0.0
          ],
          [
            2.0825,
            5.89306,
            0.0
          ],
          [
            6.2475,
            5.89306,
            0.0
          ],
          [
            0.0,
            1.47329,
            1.47381
          ],
          [
            0.0,
            4.41977,
            1.47381
          ],
          [
            4.165,
            1.47329,
            1.47381
          ],
          [
            4.165,
            4.41977,
            1.47381
          ],
          [
            0.0,
            7.36625,
            1.47381
          ],
          [
            4.165,
            7.36625,
            1.47381
          ],
          [
            2.08552,
            8.83765,
            2.96463
          ],
          [
            2.0909,
            2.94655,
            2.98584
          ],
          [
            6.24445,
            0.014,
            2.96661
          ],
          [
            6.24037,
            2.9464,
            3.03487
          ],
          [
            2.08581,
            5.89491,
            2.9646
          ],
          [
            6.24506,
            5.87924,
            2.96639
          ],
          [
            8.32417,
            1.48563,
            4.42817
          ],
          [
            8.32437,
            4.40799,
            4.4289
          ],
          [
            4.14117,
            1.57127,
            4.46884
          ],
          [
            4.14255,
            4.32686,
            4.4607
          ],
          [
            8.32318,
            7.36448,
            4.50554
          ],
          [
            4.14694,
            7.36732,
            4.3805
          ],
          [
            2.04703,
            5.7953,
            5.87769
          ],
          [
            6.08125,
            2.94498,
            6.21121
          ],
          [
            6.237,
            5.83234,
            5.86157
          ],
          [
            2.04452,
            0.09433,
            5.87677
          ],
          [
            6.24051,
            0.05833,
            5.85989
          ],
          [
            4.33156,
            2.95455,
            5.91075
          ]
        ],
        "Stress": [
          [
            -73.84402,
            0.00483,
            0.30777
          ],
          [
            0.00483,
            -18.6351,
            -0.02539
          ],
          [
            0.30777,
            -0.02539,
            -34.05569
          ]
        ],
        "computation_code": "VASP",
        "pseudopotential_information": [
          [
            "PAW_PBE",
            "Ni",
            "02Aug2007"
          ],
          [
            "PAW_PBE",
            "O",
            "08Apr2002"
          ],
          [
            "PAW_PBE",
            "Nb_sv",
            "25May2007"
          ]
        ]
      }
    ],
    "EnergyStyle": "electronvolt",
    "ForcesStyle": "electronvoltperangstrom",
    "LatticeStyle": "angstrom",
    "PositionsStyle": "angstrom",
    "StressStyle": "kB"
  }
}