{
  "Dataset": {
    "AtomTypeStyle": "chemicalsymbol",
    "Data": [
      {
        "AtomTypes": [
          "Ni",
          "Ni",
          "Ni",
          "Ni",
          "Ni",
          "Ni",
          "Ni",
          "Ni",
          "Ni",
          "Ni",
          "Ni",
          "Ni",
          "Ni",
          "Ni",
          "Ni",
          "Ni",
          "Ni",
          "Ni",
          "Ni",
          "Ni",
          "Ni",
          "Ni",
          "Ni",
          "Ni",
          "Ni",
          "Ni",
          "Ni",
          "Ni",
          "Ni",
          "O",
          "O",
          "O",
          "O",
          "O",
          "O",
          "O",
          "O",
          "O",
          "O",
          "O",
          "O",
          "O",
          "O",
          "O",
          "O",
          "O",
          "O",
          "O",
          "O",
          "O",
          "O",
          "O",
          "O",
          "O",
          "O",
          "O",
          "O",
          "O",
          "Nb"
        ],
        "Energy": -307.41897806,
        "Forces": [
          [
            0.00395,
            0.0,
            0.919572
          ],
          [
            0.011584,
            0.008683,
            0.865717
          ],
          [
            -0.117071,
            0.0,
            0.969168
          ],
          [
            -0.123009,
            -0.057649,
            0.991534
          ],
          [
            0.011584,
            -0.008683,
            0.865717
          ],
          [
            -0.123009,
            0.057649,
            0.991534
          ],
          [
            0.13356,
            -0.003979,
            -0.802132
          ],
          [
            0.054381,
            0.0,
            -0.815622
          ],
          [
            -0.10085,
            -0.046401,
            -0.865814
          ],
          [
            -0.013379,
            0.0,
            -1.031275
          ],
          [
            0.13356,
            0.003979,
            -0.802132
          ],
          [
            -0.10085,
            0.046401,
            -0.865814
          ],
          [
            0.001934,
            -8.1e-05,
            -0.00136
          ],
          [
            0.001934,
            8.1e-05,
            -0.00136
          ],
          [
            0.002647,
            -0.000201,
            0.000164
          ],
          [
            -0.003563,
            0.000166,
            0.000636
          ],
          [
            -0.003563,
            -0.000166,
            0.000636
          ],
          [
            -0.001278,
            0.0,
            0.000152
          ],
          [
            0.002617,
            0.0,
            0.000243
          ],
          [
            0.000204,
            0.0,
            -0.002844
          ],
          [
            -0.000381,
            0.002311,
            -0.001427
          ],
          [
            0.002065,
            -0.001504,
            0.002798
          ],
          [
            -0.000381,
            -0.002311,
            -0.001427
          ],
          [
            0.002065,
            0.001504,
            0.002798
          ],
          [
            0.000333,
            -0.001612,
            -0.002517
          ],
          [
            0.001644,
            0.0,
            -0.005732
          ],
          [
            0.002647,
            0.000201,
            0.000164
          ],
          [
            -0.00026,
            0.0,
            0.001607
          ],
          [
            0.000333,
            0.001612,
            -0.002517
          ],
          [
            -0.042335,
            0.0,
            0.440589
          ],
          [
            -0.005764,
            0.004075,
            0.488638
          ],
          [
            0.084428,
            0.0,
            0.533189
          ],
          [
            0.04239,
            0.004053,
            0.647513
          ],
          [
            -0.005764,
            -0.004075,
            0.488638
          ],
          [
            0.04239,
            -0.004053,
            0.647513
          ],
          [
            -0.091925,
            0.057083,
            -0.608725
          ],
          [
            -0.078588,
            0.0,
            -0.598087
          ],
          [
            0.125886,
            0.099791,
            -0.692223
          ],
          [
            0.118231,
            0.0,
            -0.429379
          ],
          [
            -0.091925,
            -0.057083,
            -0.608725
          ],
          [
            0.125886,
            -0.099791,
            -0.692223
          ],
          [
            -0.000562,
            0.0,
            -0.000443
          ],
          [
            0.003458,
            0.002433,
            0.000831
          ],
          [
            0.000856,
            0.0,
            -0.00543
          ],
          [
            -0.000259,
            0.001028,
            -0.004093
          ],
          [
            0.003458,
            -0.002433,
            0.000831
          ],
          [
            -0.000259,
            -0.001028,
            -0.004093
          ],
          [
            -0.000227,
            -0.001032,
            7.7e-05
          ],
          [
            -0.012082,
            0.0,
            0.00197
          ],
          [
            -0.000227,
            0.001032,
            7.7e-05
          ],
          [
            0.005811,
            0.000139,
            -0.004376
          ],
          [
            -0.001864,
            -0.001418,
            0.001353
          ],
          [
            -0.001864,
            0.001418,
            0.001353
          ],
          [
            -0.006484,
            0.011492,
            -0.011583
          ],
          [
            -0.006484,
            -0.011492,
            -0.011583
          ],
          [
            0.005909,
            0.0,
            -0.003786
          ],
          [
            0.004569,
            0.0,
            -0.001874
          ],
          [
            0.005811,
            -0.000139,
            -0.004376
          ],
          [
            -0.001914,
            0.0,
            0.01796
          ]
        ],
        "Lattice": [
          [
            8.33,
            0.0,
            0.0
          ],
          [
            0.0,
            8.839539657,
            0.0
          ],
          [
            0.0,
            0.0,
            21.359563785
          ]
        ],
        "NumAtoms": 59,
        "Positions": [
          [
            0.0,
            0.0,
            0.0
          ],
          [
            0.0,
            2.94648,
            0.0
          ],
          [
            4.165,
            0.0,
            0.0
          ],
          [
            4.165,
            2.94648,
            0.0
          ],
          [
            0.0,
            5.89306,
            0.0
          ],
          [
            4.165,
            5.89306,
            0.0
          ],
          [
            2.0825,
            1.47329,
            1.47381
          ],
          [
            2.0825,
            4.41977,
            1.47381
          ],
          [
            6.2475,
            1.47329,
            1.47381
          ],
          [
            6.2475,
            4.41977,
            1.47381
          ],
          [
            2.0825,
            7.36625,
            1.47381
          ],
          [
            6.2475,
            7.36625,
            1.47381
          ],
          [
            0.04108,
            2.91277,
            2.93953
          ],
          [
            0.04108,
            5.92677,
            2.93953
          ],
          [
            4.05847,
            2.97899,
            5.78814
          ],
          [
            4.14836,
            2.98546,
            2.99193
          ],
          [
            4.14836,
            5.85408,
            2.99193
          ],
          [
            4.15274,
            -0.0,
            2.94625
          ],
          [
            0.00461,
            -0.0,
            2.97731
          ],
          [
            2.08477,
            4.41977,
            4.54601
          ],
          [
            2.093,
            7.36654,
            4.4745
          ],
          [
            6.23247,
            7.42075,
            4.48732
          ],
          [
            2.093,
            1.473,
            4.4745
          ],
          [
            6.23247,
            1.41879,
            4.48732
          ],
          [
            0.24955,
            6.16464,
            6.04027
          ],
          [
            0.04885,
            -0.0,
            5.94583
          ],
          [
            4.05847,
            5.86055,
            5.78814
          ],
          [
            4.14166,
            -0.0,
            5.87605
          ],
          [
            0.24955,
            2.6749,
            6.04027
          ],
          [
            2.0825,
            0.0,
            0.0
          ],
          [
            2.0825,
            2.94648,
            0.0
          ],
          [
            6.2475,
            0.0,
            0.0
          ],
          [
            6.2475,
            2.94648,
            0.0
          ],
          [
            2.0825,
            5.89306,
            0.0
          ],
          [
            6.2475,
            5.89306,
            0.0
          ],
          [
            0.0,
            1.47329,
            1.47381
          ],
          [
            0.0,
            4.41977,
            1.47381
          ],
          [
            4.165,
            1.47329,
            1.47381
          ],
          [
            4.165,
            4.41977,
            1.47381
          ],
          [
            0.0,
            7.36625,
            1.47381
          ],
          [
            4.165,
            7.36625,
            1.47381
          ],
          [
            2.06816,
            -0.0,
            2.94517
          ],
          [
            2.10249,
            2.96939,
            2.97958
          ],
          [
            6.25649,
            -0.0,
            2.94058
          ],
          [
            6.19846,
            3.02074,
            3.04648
          ],
          [
            2.10249,
            5.87015,
            2.97958
          ],
          [
            6.19846,
            5.8188,
            3.04648
          ],
          [
            8.28698,
            1.49396,
            4.41522
          ],
          [
            8.27767,
            4.41977,
            4.30302
          ],
          [
            8.28698,
            7.34558,
            4.41522
          ],
          [
            4.18464,
            7.37438,
            4.39561
          ],
          [
            2.1503,
            2.95947,
            5.85406
          ],
          [
            2.1503,
            5.88007,
            5.85406
          ],
          [
            6.07612,
            2.99232,
            5.87799
          ],
          [
            6.07612,
            5.84722,
            5.87799
          ],
          [
            2.10886,
            -0.0,
            5.82552
          ],
          [
            6.22607,
            -0.0,
            5.86769
          ],
          [
            4.18464,
            1.46516,
            4.39561
          ],
          [
            6.37863,
            4.41977,
            4.71216
          ]
        ],
        "Stress": [
          [
            -72.18011,
            0.0,
            0.46774
          ],
          [
            0.0,
            -14.76667,
            0.0
          ],
          [
            0.46774,
            0.0,
            -34.89791
          ]
        ],
        "computation_code": "VASP",
        "pseudopotential_information": [
          [
            "PAW_PBE",
            "Ni",
            "02Aug2007"
          ],
          [
            "PAW_PBE",
            "O",
            "08Apr2002"
          ],
          [
            "PAW_PBE",
            "Nb_sv",
            "25May2007"
          ]
        ]
      }
    ],
    "EnergyStyle": "electronvolt",
    "ForcesStyle": "electronvoltperangstrom",
    "LatticeStyle": "angstrom",
    "PositionsStyle": "angstrom",
    "StressStyle": "kB"
  }
}