{
  "Dataset": {
    "AtomTypeStyle": "chemicalsymbol",
    "Data": [
      {
        "AtomTypes": [
          "Ni",
          "Ni",
          "Ni",
          "Ni",
          "Ni",
          "Ni",
          "Ni",
          "Ni",
          "Ni",
          "Ni",
          "Ni",
          "Ni",
          "Ni",
          "Ni",
          "Ni",
          "Ni",
          "Ni",
          "Ni",
          "Ni",
          "Ni",
          "Ni",
          "Ni",
          "Ni",
          "Ni",
          "Ni",
          "Ni",
          "Ni",
          "Ni",
          "Ni",
          "O",
          "O",
          "O",
          "O",
          "O",
          "O",
          "O",
          "O",
          "O",
          "O",
          "O",
          "O",
          "O",
          "O",
          "O",
          "O",
          "O",
          "O",
          "O",
          "O",
          "O",
          "O",
          "O",
          "O",
          "O",
          "O",
          "O",
          "O",
          "O",
          "Nb"
        ],
        "Energy": -304.98446779,
        "Forces": [
          [
            -0.052835,
            0.004476,
            0.913175
          ],
          [
            -0.043835,
            9.1e-05,
            0.911086
          ],
          [
            -0.071027,
            -0.025706,
            0.872379
          ],
          [
            -0.075029,
            0.001211,
            0.741723
          ],
          [
            -0.052926,
            -0.004566,
            0.912476
          ],
          [
            -0.071061,
            0.024601,
            0.873132
          ],
          [
            -0.073542,
            -0.130368,
            -0.910668
          ],
          [
            -0.071166,
            0.12907,
            -0.912114
          ],
          [
            0.098457,
            -0.080608,
            -0.861496
          ],
          [
            0.097108,
            0.07937,
            -0.862903
          ],
          [
            5.5e-05,
            0.001151,
            -0.775511
          ],
          [
            0.039824,
            0.001604,
            -0.75608
          ],
          [
            0.001615,
            0.000502,
            -0.002241
          ],
          [
            0.000589,
            0.000167,
            0.00541
          ],
          [
            0.000739,
            0.00199,
            -0.004937
          ],
          [
            0.001565,
            0.003347,
            -0.006478
          ],
          [
            0.002793,
            -0.000401,
            -0.007346
          ],
          [
            0.001761,
            -0.001168,
            0.004456
          ],
          [
            -0.003249,
            0.007887,
            -0.005547
          ],
          [
            0.018123,
            0.001413,
            0.01355
          ],
          [
            0.010926,
            0.001063,
            -0.001865
          ],
          [
            -0.020417,
            0.002042,
            0.014806
          ],
          [
            -0.003803,
            -0.007365,
            -0.007005
          ],
          [
            0.014864,
            -0.002795,
            -0.002795
          ],
          [
            -0.006179,
            0.005724,
            0.006798
          ],
          [
            -0.006529,
            -0.007783,
            0.005489
          ],
          [
            -0.010031,
            -0.09773,
            -0.003395
          ],
          [
            -0.01715,
            0.09565,
            0.01686
          ],
          [
            0.005052,
            0.000245,
            -0.029882
          ],
          [
            0.046737,
            0.012834,
            0.502177
          ],
          [
            0.051718,
            0.000204,
            0.556528
          ],
          [
            -0.008136,
            0.014129,
            0.517439
          ],
          [
            -0.016259,
            0.000262,
            0.61193
          ],
          [
            0.046298,
            -0.013093,
            0.502167
          ],
          [
            -0.007779,
            -0.014432,
            0.517413
          ],
          [
            0.000858,
            0.020071,
            -0.509472
          ],
          [
            0.001093,
            -0.021561,
            -0.509371
          ],
          [
            0.050579,
            -0.073059,
            -0.538286
          ],
          [
            0.05119,
            0.070582,
            -0.544413
          ],
          [
            -0.004859,
            0.001587,
            -0.528346
          ],
          [
            0.058855,
            0.000826,
            -0.734042
          ],
          [
            -0.002508,
            0.004075,
            -0.003453
          ],
          [
            0.01236,
            -0.000306,
            0.000871
          ],
          [
            0.007044,
            0.005657,
            -0.003785
          ],
          [
            -0.007104,
            0.000396,
            0.007143
          ],
          [
            -0.004237,
            -0.002345,
            -0.004271
          ],
          [
            0.006623,
            -0.004704,
            -0.003686
          ],
          [
            0.003637,
            0.01165,
            0.012205
          ],
          [
            0.002086,
            -0.014748,
            0.011535
          ],
          [
            0.007607,
            -0.007808,
            -0.011273
          ],
          [
            0.003558,
            0.006125,
            0.002656
          ],
          [
            0.000803,
            0.002016,
            -0.015141
          ],
          [
            0.002127,
            0.00262,
            -0.02263
          ],
          [
            -0.016224,
            -0.004015,
            0.007307
          ],
          [
            -0.009389,
            0.003584,
            0.031613
          ],
          [
            0.012789,
            -0.007302,
            0.003781
          ],
          [
            -0.011474,
            0.00779,
            0.007237
          ],
          [
            0.00612,
            0.010369,
            0.006991
          ],
          [
            0.0012,
            -0.014519,
            -0.011898
          ]
        ],
        "Lattice": [
          [
            8.33,
            0.0,
            0.0
          ],
          [
            0.0,
            8.839539657,
            0.0
          ],
          [
            0.0,
            0.0,
            21.359563785
          ]
        ],
        "NumAtoms": 59,
        "Positions": [
          [
            0.0,
            0.0,
            0.0
          ],
          [
            0.0,
            2.94648,
            0.0
          ],
          [
            4.165,
            0.0,
            0.0
          ],
          [
            4.165,
            2.94648,
            0.0
          ],
          [
            0.0,
            5.89306,
            0.0
          ],
          [
            4.165,
            5.89306,
            0.0
          ],
          [
            2.0825,
            1.47329,
            1.47381
          ],
          [
            2.0825,
            4.41977,
            1.47381
          ],
          [
            6.2475,
            1.47329,
            1.47381
          ],
          [
            6.2475,
            4.41977,
            1.47381
          ],
          [
            2.0825,
            7.36625,
            1.47381
          ],
          [
            6.2475,
            7.36625,
            1.47381
          ],
          [
            8.32456,
            2.94632,
            2.966
          ],
          [
            0.00326,
            5.91122,
            2.9679
          ],
          [
            4.16853,
            2.94628,
            2.8735
          ],
          [
            4.16288,
            5.93148,
            2.96512
          ],
          [
            4.16259,
            8.80135,
            2.96474
          ],
          [
            0.00284,
            8.8213,
            2.9684
          ],
          [
            2.06022,
            4.43582,
            4.42967
          ],
          [
            2.11366,
            7.36528,
            4.56442
          ],
          [
            6.29854,
            4.46141,
            4.45521
          ],
          [
            6.18382,
            7.36536,
            4.55958
          ],
          [
            2.06025,
            1.45705,
            4.43098
          ],
          [
            6.29799,
            1.43228,
            4.4564
          ],
          [
            8.31091,
            5.82588,
            5.88598
          ],
          [
            8.31127,
            0.06625,
            5.88635
          ],
          [
            4.13008,
            5.75491,
            5.97799
          ],
          [
            4.13137,
            0.13835,
            5.97091
          ],
          [
            0.7665,
            2.94686,
            5.80718
          ],
          [
            2.0825,
            0.0,
            0.0
          ],
          [
            2.0825,
            2.94648,
            0.0
          ],
          [
            6.2475,
            0.0,
            0.0
          ],
          [
            6.2475,
            2.94648,
            0.0
          ],
          [
            2.0825,
            5.89306,
            0.0
          ],
          [
            6.2475,
            5.89306,
            0.0
          ],
          [
            0.0,
            1.47329,
            1.47381
          ],
          [
            0.0,
            4.41977,
            1.47381
          ],
          [
            4.165,
            1.47329,
            1.47381
          ],
          [
            4.165,
            4.41977,
            1.47381
          ],
          [
            0.0,
            7.36625,
            1.47381
          ],
          [
            4.165,
            7.36625,
            1.47381
          ],
          [
            2.08535,
            8.83798,
            2.9644
          ],
          [
            2.09179,
            2.94652,
            2.98594
          ],
          [
            6.2449,
            0.0144,
            2.96633
          ],
          [
            6.23978,
            2.94643,
            3.03536
          ],
          [
            2.0855,
            5.89471,
            2.9643
          ],
          [
            6.24551,
            5.8789,
            2.96611
          ],
          [
            8.32441,
            1.48649,
            4.42902
          ],
          [
            8.32451,
            4.40694,
            4.42972
          ],
          [
            4.14164,
            1.5707,
            4.46832
          ],
          [
            4.14274,
            4.32746,
            4.46099
          ],
          [
            8.32322,
            7.36459,
            4.50439
          ],
          [
            4.14711,
            7.36752,
            4.37885
          ],
          [
            2.04585,
            5.79509,
            5.87814
          ],
          [
            6.08068,
            2.94521,
            6.21316
          ],
          [
            6.23797,
            5.83192,
            5.8618
          ],
          [
            2.04363,
            0.09475,
            5.87719
          ],
          [
            6.2411,
            0.05891,
            5.86031
          ],
          [
            4.33165,
            2.95362,
            5.90998
          ]
        ],
        "Stress": [
          [
            -73.84565,
            0.00395,
            0.30872
          ],
          [
            0.00395,
            -18.55743,
            -0.01852
          ],
          [
            0.30872,
            -0.01852,
            -34.02076
          ]
        ],
        "computation_code": "VASP",
        "pseudopotential_information": [
          [
            "PAW_PBE",
            "Ni",
            "02Aug2007"
          ],
          [
            "PAW_PBE",
            "O",
            "08Apr2002"
          ],
          [
            "PAW_PBE",
            "Nb_sv",
            "25May2007"
          ]
        ]
      }
    ],
    "EnergyStyle": "electronvolt",
    "ForcesStyle": "electronvoltperangstrom",
    "LatticeStyle": "angstrom",
    "PositionsStyle": "angstrom",
    "StressStyle": "kB"
  }
}