{
  "Dataset": {
    "AtomTypeStyle": "chemicalsymbol",
    "Data": [
      {
        "AtomTypes": [
          "Ni",
          "Ni",
          "Ni",
          "Ni",
          "Ni",
          "Ni",
          "Ni",
          "Ni",
          "Ni",
          "Ni",
          "Ni",
          "Ni",
          "Ni",
          "Ni",
          "Ni",
          "Ni",
          "Ni",
          "Ni",
          "Ni",
          "Ni",
          "Ni",
          "Ni",
          "Ni",
          "Ni",
          "Ni",
          "Ni",
          "Ni",
          "Ni",
          "Ni",
          "O",
          "O",
          "O",
          "O",
          "O",
          "O",
          "O",
          "O",
          "O",
          "O",
          "O",
          "O",
          "O",
          "O",
          "O",
          "O",
          "O",
          "O",
          "O",
          "O",
          "O",
          "O",
          "O",
          "O",
          "O",
          "O",
          "O",
          "O",
          "O",
          "Nb"
        ],
        "Energy": -306.21635068,
        "Forces": [
          [
            -0.002283,
            0.033575,
            0.876777
          ],
          [
            0.012617,
            -0.035556,
            0.842586
          ],
          [
            -0.121677,
            0.019626,
            0.848892
          ],
          [
            -0.126239,
            -0.022079,
            0.809392
          ],
          [
            0.013051,
            7.9e-05,
            0.825443
          ],
          [
            -0.123357,
            0.001904,
            0.833943
          ],
          [
            -0.019457,
            -0.07875,
            -0.825019
          ],
          [
            0.036776,
            0.021123,
            -0.813098
          ],
          [
            0.064995,
            -0.11708,
            -0.75963
          ],
          [
            0.017525,
            -0.084317,
            -1.135913
          ],
          [
            0.023262,
            0.045327,
            -0.835044
          ],
          [
            0.018665,
            0.156045,
            -0.95205
          ],
          [
            -0.004487,
            0.006594,
            0.005288
          ],
          [
            -0.009068,
            0.004833,
            -0.001874
          ],
          [
            -0.001319,
            0.010203,
            -0.001249
          ],
          [
            -0.003181,
            -0.00033,
            0.002142
          ],
          [
            -0.008378,
            0.009978,
            0.012881
          ],
          [
            -0.006354,
            0.004798,
            0.025284
          ],
          [
            -0.017529,
            5.9e-05,
            -0.00999
          ],
          [
            -0.000743,
            0.014978,
            0.003995
          ],
          [
            0.008383,
            0.013436,
            0.015166
          ],
          [
            -0.020865,
            -0.006338,
            0.037119
          ],
          [
            0.006212,
            -0.008934,
            0.033239
          ],
          [
            0.005095,
            -0.016534,
            -0.007952
          ],
          [
            0.000719,
            0.054432,
            -0.026852
          ],
          [
            0.016939,
            0.022535,
            -0.151274
          ],
          [
            0.03911,
            -0.027422,
            0.007716
          ],
          [
            0.014077,
            -0.033307,
            -0.096648
          ],
          [
            -0.006204,
            -0.095057,
            -0.014873
          ],
          [
            0.023127,
            -0.008129,
            0.493895
          ],
          [
            0.014743,
            0.010667,
            0.526988
          ],
          [
            0.012981,
            -0.003473,
            0.572264
          ],
          [
            0.016902,
            0.030053,
            0.693295
          ],
          [
            0.008505,
            0.000711,
            0.561367
          ],
          [
            0.022559,
            0.011571,
            0.718959
          ],
          [
            -0.07059,
            0.05122,
            -0.675995
          ],
          [
            -0.085406,
            0.093732,
            -0.460909
          ],
          [
            0.123835,
            0.004732,
            -0.649071
          ],
          [
            0.147585,
            0.082256,
            -0.376971
          ],
          [
            -0.087234,
            -0.113987,
            -0.547835
          ],
          [
            0.135907,
            -0.124617,
            -0.522127
          ],
          [
            -0.000842,
            0.006233,
            -0.012913
          ],
          [
            -0.002068,
            0.003873,
            -0.008187
          ],
          [
            -0.007659,
            0.004274,
            -0.003145
          ],
          [
            -0.010065,
            0.003268,
            -0.002376
          ],
          [
            -0.002175,
            -0.001927,
            -0.018568
          ],
          [
            -0.009047,
            0.014257,
            -0.003833
          ],
          [
            -0.001189,
            -0.036288,
            0.060505
          ],
          [
            -0.006489,
            -0.004939,
            0.000445
          ],
          [
            -0.002756,
            -0.003738,
            0.044738
          ],
          [
            -0.017253,
            0.006406,
            -0.013084
          ],
          [
            -0.004471,
            0.024644,
            0.036255
          ],
          [
            -0.004647,
            0.02252,
            0.040976
          ],
          [
            0.014663,
            0.008769,
            -0.012289
          ],
          [
            -0.008072,
            0.026245,
            0.021997
          ],
          [
            -0.02433,
            0.008424,
            -0.001148
          ],
          [
            -0.028739,
            0.010994,
            0.003169
          ],
          [
            0.036579,
            0.00694,
            -0.003806
          ],
          [
            0.009362,
            -0.028511,
            -0.010992
          ]
        ],
        "Lattice": [
          [
            8.33,
            0.0,
            0.0
          ],
          [
            0.0,
            8.839539657,
            0.0
          ],
          [
            0.0,
            0.0,
            21.359563785
          ]
        ],
        "NumAtoms": 59,
        "Positions": [
          [
            0.0,
            0.0,
            0.0
          ],
          [
            0.0,
            2.94648,
            0.0
          ],
          [
            4.165,
            0.0,
            0.0
          ],
          [
            4.165,
            2.94648,
            0.0
          ],
          [
            0.0,
            5.89306,
            0.0
          ],
          [
            4.165,
            5.89306,
            0.0
          ],
          [
            2.0825,
            1.47329,
            1.47381
          ],
          [
            2.0825,
            4.41977,
            1.47381
          ],
          [
            6.2475,
            1.47329,
            1.47381
          ],
          [
            6.2475,
            4.41977,
            1.47381
          ],
          [
            2.0825,
            7.36625,
            1.47381
          ],
          [
            6.2475,
            7.36625,
            1.47381
          ],
          [
            0.0281,
            2.94147,
            2.94718
          ],
          [
            0.04076,
            5.91632,
            2.94767
          ],
          [
            4.13858,
            2.90773,
            2.93612
          ],
          [
            4.12621,
            5.93181,
            2.96101
          ],
          [
            4.17011,
            8.82906,
            2.97232
          ],
          [
            8.32753,
            8.82981,
            2.96348
          ],
          [
            2.10383,
            4.39947,
            4.5511
          ],
          [
            2.06641,
            7.39341,
            4.50279
          ],
          [
            6.25315,
            7.50005,
            4.52931
          ],
          [
            2.07559,
            1.46976,
            4.46063
          ],
          [
            6.24226,
            1.56127,
            4.55953
          ],
          [
            0.13963,
            5.91338,
            5.84094
          ],
          [
            4.00537,
            2.71195,
            5.97224
          ],
          [
            0.02268,
            0.22253,
            5.96241
          ],
          [
            3.91811,
            6.20794,
            6.08635
          ],
          [
            4.10728,
            0.09544,
            5.96997
          ],
          [
            0.10945,
            2.72683,
            5.93507
          ],
          [
            2.0825,
            0.0,
            0.0
          ],
          [
            2.0825,
            2.94648,
            0.0
          ],
          [
            6.2475,
            0.0,
            0.0
          ],
          [
            6.2475,
            2.94648,
            0.0
          ],
          [
            2.0825,
            5.89306,
            0.0
          ],
          [
            6.2475,
            5.89306,
            0.0
          ],
          [
            0.0,
            1.47329,
            1.47381
          ],
          [
            0.0,
            4.41977,
            1.47381
          ],
          [
            4.165,
            1.47329,
            1.47381
          ],
          [
            4.165,
            4.41977,
            1.47381
          ],
          [
            0.0,
            7.36625,
            1.47381
          ],
          [
            4.165,
            7.36625,
            1.47381
          ],
          [
            2.07976,
            8.82439,
            2.95252
          ],
          [
            2.0837,
            2.97273,
            2.97563
          ],
          [
            6.25215,
            8.8239,
            2.94812
          ],
          [
            6.26502,
            3.00479,
            3.05177
          ],
          [
            2.08882,
            5.87737,
            3.00841
          ],
          [
            6.24991,
            5.81141,
            3.06236
          ],
          [
            8.30298,
            1.47188,
            4.33334
          ],
          [
            8.21633,
            4.44925,
            4.42653
          ],
          [
            4.18522,
            1.45957,
            4.36299
          ],
          [
            4.25281,
            4.36656,
            4.4191
          ],
          [
            8.28332,
            7.33989,
            4.46068
          ],
          [
            4.22001,
            7.34428,
            4.43585
          ],
          [
            2.00827,
            5.88705,
            5.89508
          ],
          [
            6.3979,
            5.72333,
            6.04577
          ],
          [
            2.06339,
            0.01552,
            5.84277
          ],
          [
            2.05335,
            2.93285,
            5.86325
          ],
          [
            6.25078,
            0.08637,
            5.89745
          ],
          [
            6.14569,
            4.48419,
            4.6849
          ]
        ],
        "Stress": [
          [
            -72.30729,
            -0.09237,
            0.40643
          ],
          [
            -0.09237,
            -16.68618,
            -0.11291
          ],
          [
            0.40643,
            -0.11291,
            -34.87536
          ]
        ],
        "computation_code": "VASP",
        "pseudopotential_information": [
          [
            "PAW_PBE",
            "Ni",
            "02Aug2007"
          ],
          [
            "PAW_PBE",
            "O",
            "08Apr2002"
          ],
          [
            "PAW_PBE",
            "Nb_sv",
            "25May2007"
          ]
        ]
      }
    ],
    "EnergyStyle": "electronvolt",
    "ForcesStyle": "electronvoltperangstrom",
    "LatticeStyle": "angstrom",
    "PositionsStyle": "angstrom",
    "StressStyle": "kB"
  }
}