{
  "Dataset": {
    "AtomTypeStyle": "chemicalsymbol",
    "Data": [
      {
        "AtomTypes": [
          "Ni",
          "Ni",
          "Ni",
          "Ni",
          "Ni",
          "Ni",
          "Ni",
          "Ni",
          "Ni",
          "Ni",
          "Ni",
          "Ni",
          "Ni",
          "Ni",
          "Ni",
          "Ni",
          "Ni",
          "Ni",
          "Ni",
          "Ni",
          "Ni",
          "Ni",
          "Ni",
          "Ni",
          "Ni",
          "Ni",
          "Ni",
          "Ni",
          "Ni",
          "O",
          "O",
          "O",
          "O",
          "O",
          "O",
          "O",
          "O",
          "O",
          "O",
          "O",
          "O",
          "O",
          "O",
          "O",
          "O",
          "O",
          "O",
          "O",
          "O",
          "O",
          "O",
          "O",
          "O",
          "O",
          "O",
          "O",
          "O",
          "O",
          "Nb"
        ],
        "Energy": -306.23297085,
        "Forces": [
          [
            -0.004762,
            0.029956,
            0.875682
          ],
          [
            0.013088,
            -0.031119,
            0.842736
          ],
          [
            -0.120869,
            0.013158,
            0.849244
          ],
          [
            -0.126416,
            -0.012389,
            0.807322
          ],
          [
            0.010389,
            -0.001428,
            0.824664
          ],
          [
            -0.121542,
            -0.002662,
            0.837889
          ],
          [
            -0.034422,
            -0.083816,
            -0.809893
          ],
          [
            0.032228,
            0.02857,
            -0.81066
          ],
          [
            0.056658,
            -0.126125,
            -0.751256
          ],
          [
            -0.006521,
            -0.039798,
            -1.093088
          ],
          [
            0.013163,
            0.063807,
            -0.823948
          ],
          [
            -0.000313,
            0.142103,
            -0.926575
          ],
          [
            0.017506,
            0.02974,
            0.018353
          ],
          [
            -0.008148,
            0.025882,
            0.02151
          ],
          [
            -0.007951,
            0.031783,
            -0.010388
          ],
          [
            -0.004424,
            -0.045028,
            0.014233
          ],
          [
            -0.027155,
            -0.000802,
            -0.015814
          ],
          [
            0.008794,
            0.000509,
            0.033093
          ],
          [
            -0.024342,
            -0.003698,
            -0.015196
          ],
          [
            -0.00532,
            0.015555,
            0.00594
          ],
          [
            0.030407,
            -0.065417,
            0.023118
          ],
          [
            -0.009395,
            0.005389,
            0.029802
          ],
          [
            -0.043523,
            -0.022223,
            -0.005038
          ],
          [
            -0.094323,
            0.004733,
            -0.018779
          ],
          [
            0.00283,
            0.061653,
            -0.105133
          ],
          [
            0.016295,
            0.004215,
            0.000251
          ],
          [
            0.011293,
            0.003849,
            -0.025438
          ],
          [
            -0.01112,
            -0.002574,
            0.072423
          ],
          [
            -0.017725,
            0.027103,
            -0.029198
          ],
          [
            0.024471,
            -0.005733,
            0.495987
          ],
          [
            0.014274,
            0.005611,
            0.527968
          ],
          [
            0.014248,
            0.004626,
            0.568499
          ],
          [
            0.02009,
            0.023902,
            0.698642
          ],
          [
            0.007458,
            -0.000167,
            0.552343
          ],
          [
            0.026856,
            0.006216,
            0.704266
          ],
          [
            -0.083459,
            0.043312,
            -0.675285
          ],
          [
            -0.099436,
            0.072027,
            -0.475524
          ],
          [
            0.120564,
            0.007105,
            -0.638786
          ],
          [
            0.139059,
            0.073786,
            -0.391829
          ],
          [
            -0.085239,
            -0.095132,
            -0.557191
          ],
          [
            0.119919,
            -0.082498,
            -0.523623
          ],
          [
            0.011064,
            0.00159,
            -0.071234
          ],
          [
            0.003784,
            -0.000268,
            -0.039474
          ],
          [
            0.025762,
            0.016119,
            -0.038831
          ],
          [
            -0.013311,
            -0.021408,
            0.004077
          ],
          [
            0.011496,
            -0.021181,
            -0.044299
          ],
          [
            -0.005794,
            0.002858,
            -0.01583
          ],
          [
            0.015819,
            -0.010175,
            0.012307
          ],
          [
            0.024071,
            0.005888,
            0.00826
          ],
          [
            0.048768,
            0.030568,
            0.03234
          ],
          [
            -0.043207,
            -0.048625,
            0.003229
          ],
          [
            -0.025917,
            0.006663,
            0.002511
          ],
          [
            0.026185,
            -0.050371,
            -0.039353
          ],
          [
            0.038564,
            -0.020491,
            0.042956
          ],
          [
            -0.006005,
            -0.092578,
            -0.115335
          ],
          [
            -0.051798,
            0.003284,
            0.029921
          ],
          [
            0.036521,
            -0.018533,
            0.003346
          ],
          [
            0.018816,
            -0.000661,
            -0.009123
          ],
          [
            0.121996,
            0.11334,
            0.133206
          ]
        ],
        "Lattice": [
          [
            8.33,
            0.0,
            0.0
          ],
          [
            0.0,
            8.839539657,
            0.0
          ],
          [
            0.0,
            0.0,
            21.359563785
          ]
        ],
        "NumAtoms": 59,
        "Positions": [
          [
            0.0,
            0.0,
            0.0
          ],
          [
            0.0,
            2.94648,
            0.0
          ],
          [
            4.165,
            0.0,
            0.0
          ],
          [
            4.165,
            2.94648,
            0.0
          ],
          [
            0.0,
            5.89306,
            0.0
          ],
          [
            4.165,
            5.89306,
            0.0
          ],
          [
            2.0825,
            1.47329,
            1.47381
          ],
          [
            2.0825,
            4.41977,
            1.47381
          ],
          [
            6.2475,
            1.47329,
            1.47381
          ],
          [
            6.2475,
            4.41977,
            1.47381
          ],
          [
            2.0825,
            7.36625,
            1.47381
          ],
          [
            6.2475,
            7.36625,
            1.47381
          ],
          [
            0.02198,
            2.9365,
            2.94709
          ],
          [
            0.03058,
            5.91483,
            2.94333
          ],
          [
            4.13499,
            2.90633,
            2.93466
          ],
          [
            4.12673,
            5.94072,
            2.95944
          ],
          [
            4.17002,
            8.83638,
            2.97322
          ],
          [
            8.32454,
            8.82887,
            2.96217
          ],
          [
            2.0809,
            4.40261,
            4.53963
          ],
          [
            2.07001,
            7.38916,
            4.49625
          ],
          [
            6.25674,
            7.49394,
            4.52166
          ],
          [
            2.0754,
            1.47702,
            4.4689
          ],
          [
            6.24064,
            1.56844,
            4.57491
          ],
          [
            0.1553,
            5.89539,
            5.83956
          ],
          [
            4.01496,
            2.83073,
            5.91857
          ],
          [
            0.03316,
            0.2015,
            5.9543
          ],
          [
            3.96143,
            6.14398,
            6.08667
          ],
          [
            4.12371,
            0.04542,
            5.93375
          ],
          [
            0.09759,
            2.69882,
            5.94972
          ],
          [
            2.0825,
            0.0,
            0.0
          ],
          [
            2.0825,
            2.94648,
            0.0
          ],
          [
            6.2475,
            0.0,
            0.0
          ],
          [
            6.2475,
            2.94648,
            0.0
          ],
          [
            2.0825,
            5.89306,
            0.0
          ],
          [
            6.2475,
            5.89306,
            0.0
          ],
          [
            0.0,
            1.47329,
            1.47381
          ],
          [
            0.0,
            4.41977,
            1.47381
          ],
          [
            4.165,
            1.47329,
            1.47381
          ],
          [
            4.165,
            4.41977,
            1.47381
          ],
          [
            0.0,
            7.36625,
            1.47381
          ],
          [
            4.165,
            7.36625,
            1.47381
          ],
          [
            2.07845,
            8.82839,
            2.95766
          ],
          [
            2.07825,
            2.97285,
            2.9777
          ],
          [
            6.24555,
            8.82452,
            2.9506
          ],
          [
            6.25856,
            3.00675,
            3.0555
          ],
          [
            2.08549,
            5.8807,
            3.00334
          ],
          [
            6.23769,
            5.82065,
            3.06103
          ],
          [
            8.29609,
            1.46742,
            4.33392
          ],
          [
            8.20314,
            4.45393,
            4.41453
          ],
          [
            4.17611,
            1.46436,
            4.37792
          ],
          [
            4.24333,
            4.37729,
            4.40642
          ],
          [
            8.28817,
            7.33278,
            4.46697
          ],
          [
            4.2137,
            7.35487,
            4.45379
          ],
          [
            2.02568,
            5.89413,
            5.87925
          ],
          [
            6.38083,
            5.73133,
            6.04754
          ],
          [
            2.07979,
            0.01369,
            5.83758
          ],
          [
            2.02566,
            2.94888,
            5.86541
          ],
          [
            6.25133,
            0.07881,
            5.89501
          ],
          [
            6.14469,
            4.46325,
            4.69766
          ]
        ],
        "Stress": [
          [
            -71.99853,
            -0.15117,
            0.48934
          ],
          [
            -0.15117,
            -16.27057,
            -0.21633
          ],
          [
            0.48934,
            -0.21633,
            -34.60382
          ]
        ],
        "computation_code": "VASP",
        "pseudopotential_information": [
          [
            "PAW_PBE",
            "Ni",
            "02Aug2007"
          ],
          [
            "PAW_PBE",
            "O",
            "08Apr2002"
          ],
          [
            "PAW_PBE",
            "Nb_sv",
            "25May2007"
          ]
        ]
      }
    ],
    "EnergyStyle": "electronvolt",
    "ForcesStyle": "electronvoltperangstrom",
    "LatticeStyle": "angstrom",
    "PositionsStyle": "angstrom",
    "StressStyle": "kB"
  }
}