{
  "Dataset": {
    "AtomTypeStyle": "chemicalsymbol",
    "Data": [
      {
        "AtomTypes": [
          "Ni",
          "Ni",
          "Ni",
          "Ni",
          "Ni",
          "Ni",
          "Ni",
          "Ni",
          "Ni",
          "Ni",
          "Ni",
          "Ni",
          "Ni",
          "Ni",
          "Ni",
          "Ni",
          "Ni",
          "Ni",
          "Ni",
          "Ni",
          "Ni",
          "Ni",
          "Ni",
          "Ni",
          "Ni",
          "Ni",
          "Ni",
          "Ni",
          "Ni",
          "O",
          "O",
          "O",
          "O",
          "O",
          "O",
          "O",
          "O",
          "O",
          "O",
          "O",
          "O",
          "O",
          "O",
          "O",
          "O",
          "O",
          "O",
          "O",
          "O",
          "O",
          "O",
          "O",
          "O",
          "O",
          "O",
          "O",
          "O",
          "O",
          "Nb"
        ],
        "Energy": -305.65969627,
        "Forces": [
          [
            -0.059967,
            0.020427,
            0.954469
          ],
          [
            -0.058001,
            0.003973,
            0.961545
          ],
          [
            -0.063483,
            -0.057565,
            0.872709
          ],
          [
            -0.062809,
            0.080777,
            0.860547
          ],
          [
            -0.061147,
            -0.021712,
            0.945528
          ],
          [
            -0.062661,
            -0.019014,
            0.909381
          ],
          [
            -0.115228,
            -0.025985,
            -0.873718
          ],
          [
            0.033288,
            -0.001022,
            -0.798257
          ],
          [
            0.180141,
            -0.034355,
            -0.92475
          ],
          [
            0.014865,
            0.01736,
            -0.830087
          ],
          [
            0.015769,
            0.023631,
            -0.770433
          ],
          [
            0.0256,
            -0.000983,
            -0.777237
          ],
          [
            -0.007787,
            -0.009684,
            -0.014009
          ],
          [
            -0.002589,
            -0.006574,
            -0.043697
          ],
          [
            -0.002071,
            0.05695,
            0.017912
          ],
          [
            -0.000484,
            0.020408,
            -0.01548
          ],
          [
            -0.01221,
            -0.001859,
            -0.055353
          ],
          [
            -0.001216,
            0.012227,
            -0.008416
          ],
          [
            -0.00761,
            -0.000743,
            0.007256
          ],
          [
            -0.029416,
            -0.002375,
            -0.022662
          ],
          [
            0.023594,
            -0.021345,
            -0.008971
          ],
          [
            0.042466,
            -0.001064,
            -0.034856
          ],
          [
            0.006965,
            0.007868,
            0.001012
          ],
          [
            0.054785,
            0.019771,
            -0.010627
          ],
          [
            -0.014573,
            0.015751,
            0.176045
          ],
          [
            -0.012232,
            0.001018,
            -0.087014
          ],
          [
            0.000315,
            0.028299,
            0.030212
          ],
          [
            -0.017204,
            0.039517,
            0.15972
          ],
          [
            -0.031825,
            -0.073935,
            0.007304
          ],
          [
            0.056273,
            0.004483,
            0.491013
          ],
          [
            0.050732,
            -0.007167,
            0.543546
          ],
          [
            -0.021237,
            0.00612,
            0.492314
          ],
          [
            -0.017359,
            -0.007537,
            0.545457
          ],
          [
            0.022822,
            0.004605,
            0.485518
          ],
          [
            0.012811,
            0.004391,
            0.489351
          ],
          [
            0.02831,
            -0.003393,
            -0.549656
          ],
          [
            0.027086,
            -0.048361,
            -0.571743
          ],
          [
            0.034874,
            -0.089598,
            -0.52754
          ],
          [
            0.022137,
            -0.073704,
            -0.52283
          ],
          [
            0.02482,
            0.050336,
            -0.541733
          ],
          [
            0.018973,
            0.081274,
            -0.734696
          ],
          [
            -0.000744,
            -0.005982,
            -0.012307
          ],
          [
            0.022466,
            -0.000952,
            0.001436
          ],
          [
            -0.015446,
            0.005775,
            -0.004977
          ],
          [
            -0.017749,
            0.009334,
            -0.002704
          ],
          [
            0.009469,
            -0.017105,
            0.010989
          ],
          [
            -0.026615,
            0.002995,
            0.003435
          ],
          [
            -0.033327,
            -0.033159,
            -0.028456
          ],
          [
            0.016764,
            -0.058614,
            -0.042494
          ],
          [
            -0.001183,
            0.050333,
            -0.078601
          ],
          [
            -0.005709,
            0.118588,
            -0.016395
          ],
          [
            0.00559,
            -0.065198,
            -0.059133
          ],
          [
            -0.001745,
            -0.011449,
            -0.02559
          ],
          [
            0.078012,
            -0.018526,
            -0.023243
          ],
          [
            -0.010459,
            0.014035,
            -0.017978
          ],
          [
            -0.071565,
            0.021246,
            -0.011112
          ],
          [
            -0.122028,
            -0.014394,
            0.012066
          ],
          [
            0.090073,
            0.028595,
            -0.015895
          ],
          [
            0.048681,
            -0.016731,
            0.083884
          ]
        ],
        "Lattice": [
          [
            8.33,
            0.0,
            0.0
          ],
          [
            0.0,
            8.839539657,
            0.0
          ],
          [
            0.0,
            0.0,
            21.359563785
          ]
        ],
        "NumAtoms": 59,
        "Positions": [
          [
            0.0,
            0.0,
            0.0
          ],
          [
            0.0,
            2.94648,
            0.0
          ],
          [
            4.165,
            0.0,
            0.0
          ],
          [
            4.165,
            2.94648,
            0.0
          ],
          [
            0.0,
            5.89306,
            0.0
          ],
          [
            4.165,
            5.89306,
            0.0
          ],
          [
            2.0825,
            1.47329,
            1.47381
          ],
          [
            2.0825,
            4.41977,
            1.47381
          ],
          [
            6.2475,
            1.47329,
            1.47381
          ],
          [
            6.2475,
            4.41977,
            1.47381
          ],
          [
            2.0825,
            7.36625,
            1.47381
          ],
          [
            6.2475,
            7.36625,
            1.47381
          ],
          [
            0.00334,
            2.94234,
            2.97398
          ],
          [
            -0.00058,
            5.91273,
            2.96319
          ],
          [
            4.17659,
            2.87547,
            2.93557
          ],
          [
            4.16634,
            5.93463,
            2.94802
          ],
          [
            4.17741,
            0.00981,
            2.95053
          ],
          [
            0.00379,
            8.82384,
            2.97089
          ],
          [
            2.03022,
            4.44501,
            4.4543
          ],
          [
            2.11989,
            7.34163,
            4.53799
          ],
          [
            6.29605,
            4.4349,
            4.45558
          ],
          [
            6.20628,
            7.34069,
            4.54054
          ],
          [
            2.13369,
            1.42512,
            4.45712
          ],
          [
            6.19387,
            1.43553,
            4.4456
          ],
          [
            0.00058,
            5.83111,
            5.87782
          ],
          [
            0.01171,
            0.09422,
            5.85911
          ],
          [
            4.16451,
            5.73642,
            5.98356
          ],
          [
            4.17164,
            -0.003,
            5.87247
          ],
          [
            0.10038,
            2.77873,
            5.95766
          ],
          [
            2.0825,
            0.0,
            0.0
          ],
          [
            2.0825,
            2.94648,
            0.0
          ],
          [
            6.2475,
            0.0,
            0.0
          ],
          [
            6.2475,
            2.94648,
            0.0
          ],
          [
            2.0825,
            5.89306,
            0.0
          ],
          [
            6.2475,
            5.89306,
            0.0
          ],
          [
            0.0,
            1.47329,
            1.47381
          ],
          [
            0.0,
            4.41977,
            1.47381
          ],
          [
            4.165,
            1.47329,
            1.47381
          ],
          [
            4.165,
            4.41977,
            1.47381
          ],
          [
            0.0,
            7.36625,
            1.47381
          ],
          [
            4.165,
            7.36625,
            1.47381
          ],
          [
            2.09256,
            0.01799,
            2.96449
          ],
          [
            2.09784,
            2.93465,
            3.00686
          ],
          [
            6.24681,
            0.01641,
            2.9623
          ],
          [
            6.23787,
            2.9339,
            3.00222
          ],
          [
            2.08413,
            5.88928,
            2.96024
          ],
          [
            6.24657,
            5.88458,
            2.96173
          ],
          [
            0.00166,
            1.46966,
            4.41561
          ],
          [
            -0.0031,
            4.43035,
            4.40039
          ],
          [
            4.15963,
            4.38689,
            4.40227
          ],
          [
            0.00128,
            7.37046,
            4.50562
          ],
          [
            4.16434,
            7.42549,
            4.3524
          ],
          [
            2.23434,
            2.88539,
            5.97561
          ],
          [
            2.06707,
            5.82677,
            5.86705
          ],
          [
            6.06667,
            2.87757,
            5.96034
          ],
          [
            6.26039,
            5.8163,
            5.86295
          ],
          [
            2.15552,
            0.02908,
            5.83788
          ],
          [
            6.18454,
            0.02697,
            5.83753
          ],
          [
            4.16156,
            3.01416,
            5.79494
          ]
        ],
        "Stress": [
          [
            -82.30822,
            0.04786,
            0.23792
          ],
          [
            0.04786,
            -16.98767,
            0.32738
          ],
          [
            0.23792,
            0.32738,
            -34.22304
          ]
        ],
        "computation_code": "VASP",
        "pseudopotential_information": [
          [
            "PAW_PBE",
            "Ni",
            "02Aug2007"
          ],
          [
            "PAW_PBE",
            "O",
            "08Apr2002"
          ],
          [
            "PAW_PBE",
            "Nb_sv",
            "25May2007"
          ]
        ]
      }
    ],
    "EnergyStyle": "electronvolt",
    "ForcesStyle": "electronvoltperangstrom",
    "LatticeStyle": "angstrom",
    "PositionsStyle": "angstrom",
    "StressStyle": "kB"
  }
}