{
  "Dataset": {
    "AtomTypeStyle": "chemicalsymbol",
    "Data": [
      {
        "AtomTypes": [
          "Ni",
          "Ni",
          "Ni",
          "Ni",
          "Ni",
          "Ni",
          "Ni",
          "Ni",
          "Ni",
          "Ni",
          "Ni",
          "Ni",
          "Ni",
          "Ni",
          "Ni",
          "Ni",
          "Ni",
          "Ni",
          "Ni",
          "Ni",
          "Ni",
          "Ni",
          "Ni",
          "Ni",
          "Ni",
          "Ni",
          "Ni",
          "Ni",
          "Ni",
          "O",
          "O",
          "O",
          "O",
          "O",
          "O",
          "O",
          "O",
          "O",
          "O",
          "O",
          "O",
          "O",
          "O",
          "O",
          "O",
          "O",
          "O",
          "O",
          "O",
          "O",
          "O",
          "O",
          "O",
          "O",
          "O",
          "O",
          "O",
          "O",
          "Nb"
        ],
        "Energy": -304.76915443,
        "Forces": [
          [
            -0.053513,
            0.005804,
            0.892923
          ],
          [
            -0.04505,
            6.8e-05,
            0.890652
          ],
          [
            -0.069362,
            -0.019831,
            0.854908
          ],
          [
            -0.072917,
            -6.4e-05,
            0.738529
          ],
          [
            -0.053382,
            -0.006231,
            0.891195
          ],
          [
            -0.069745,
            0.019879,
            0.849247
          ],
          [
            -0.071728,
            -0.12811,
            -0.905375
          ],
          [
            -0.067644,
            0.125368,
            -0.906894
          ],
          [
            0.098246,
            -0.085854,
            -0.851601
          ],
          [
            0.095481,
            0.079828,
            -0.856067
          ],
          [
            0.012613,
            0.000487,
            -0.797385
          ],
          [
            0.029586,
            0.004113,
            -0.758487
          ],
          [
            0.004905,
            -3.2e-05,
            0.052955
          ],
          [
            -0.018906,
            0.048956,
            -0.031436
          ],
          [
            -0.016062,
            0.022583,
            0.080921
          ],
          [
            -0.00276,
            0.112917,
            0.200196
          ],
          [
            -0.003637,
            -0.144972,
            0.147483
          ],
          [
            -0.023761,
            -0.05524,
            -0.039358
          ],
          [
            0.115822,
            0.049363,
            0.067716
          ],
          [
            0.086215,
            -0.034045,
            -0.009156
          ],
          [
            -0.172556,
            0.066591,
            0.06176
          ],
          [
            0.0144,
            -0.045174,
            -0.071063
          ],
          [
            0.00282,
            0.006403,
            0.079221
          ],
          [
            -0.170612,
            -0.042351,
            0.039186
          ],
          [
            -0.010139,
            0.098311,
            0.070252
          ],
          [
            0.006584,
            -0.099517,
            0.082824
          ],
          [
            0.045312,
            -0.817179,
            -0.028068
          ],
          [
            -0.028162,
            0.822041,
            -0.014851
          ],
          [
            0.022726,
            -0.018872,
            -0.169073
          ],
          [
            0.042481,
            0.018547,
            0.51341
          ],
          [
            0.048207,
            -0.001054,
            0.570374
          ],
          [
            -0.00347,
            0.016749,
            0.528497
          ],
          [
            -0.012898,
            -2.8e-05,
            0.618819
          ],
          [
            0.042279,
            -0.017694,
            0.514559
          ],
          [
            -0.002815,
            -0.016675,
            0.530035
          ],
          [
            0.004862,
            -0.004033,
            -0.525304
          ],
          [
            0.002852,
            0.006785,
            -0.517617
          ],
          [
            0.0434,
            -0.095294,
            -0.624487
          ],
          [
            0.047731,
            0.08604,
            -0.574599
          ],
          [
            -0.005758,
            -0.002493,
            -0.485002
          ],
          [
            0.063454,
            0.001345,
            -0.631388
          ],
          [
            -0.043108,
            0.06267,
            -0.020823
          ],
          [
            -0.021254,
            -0.00765,
            -0.076319
          ],
          [
            0.035262,
            0.035899,
            -0.032978
          ],
          [
            0.007404,
            -0.017157,
            -0.049571
          ],
          [
            -0.03208,
            -0.064715,
            -0.019793
          ],
          [
            0.026838,
            -0.025859,
            -0.044543
          ],
          [
            0.098073,
            0.177029,
            0.129799
          ],
          [
            0.09691,
            -0.154014,
            0.113151
          ],
          [
            0.19237,
            0.192204,
            0.674925
          ],
          [
            -0.029538,
            0.114685,
            0.233443
          ],
          [
            -0.0382,
            -0.005012,
            -0.063867
          ],
          [
            0.014874,
            0.003315,
            -0.485532
          ],
          [
            -0.282996,
            0.048684,
            -0.027866
          ],
          [
            -0.323586,
            -0.004242,
            0.030237
          ],
          [
            0.209847,
            0.06738,
            0.000119
          ],
          [
            -0.258345,
            -0.086247,
            -0.052652
          ],
          [
            0.19959,
            -0.060785,
            -0.015396
          ],
          [
            0.29284,
            -0.23362,
            -0.770783
          ]
        ],
        "Lattice": [
          [
            8.33,
            0.0,
            0.0
          ],
          [
            0.0,
            8.839539657,
            0.0
          ],
          [
            0.0,
            0.0,
            21.359563785
          ]
        ],
        "NumAtoms": 59,
        "Positions": [
          [
            0.0,
            0.0,
            0.0
          ],
          [
            0.0,
            2.94648,
            0.0
          ],
          [
            4.165,
            0.0,
            0.0
          ],
          [
            4.165,
            2.94648,
            0.0
          ],
          [
            0.0,
            5.89306,
            0.0
          ],
          [
            4.165,
            5.89306,
            0.0
          ],
          [
            2.0825,
            1.47329,
            1.47381
          ],
          [
            2.0825,
            4.41977,
            1.47381
          ],
          [
            6.2475,
            1.47329,
            1.47381
          ],
          [
            6.2475,
            4.41977,
            1.47381
          ],
          [
            2.0825,
            7.36625,
            1.47381
          ],
          [
            6.2475,
            7.36625,
            1.47381
          ],
          [
            8.32442,
            2.94529,
            2.96009
          ],
          [
            0.0038,
            5.9104,
            2.96497
          ],
          [
            4.17086,
            2.94197,
            2.87656
          ],
          [
            4.16352,
            5.91966,
            2.95497
          ],
          [
            4.1625,
            8.81674,
            2.95939
          ],
          [
            0.00372,
            8.82335,
            2.96603
          ],
          [
            2.05806,
            4.42698,
            4.42603
          ],
          [
            2.09571,
            7.36769,
            4.55907
          ],
          [
            6.29844,
            4.45265,
            4.45278
          ],
          [
            6.19555,
            7.36709,
            4.55915
          ],
          [
            2.06852,
            1.46167,
            4.42656
          ],
          [
            6.29033,
            1.44064,
            4.45481
          ],
          [
            8.31437,
            5.81454,
            5.87165
          ],
          [
            8.31427,
            0.07941,
            5.87127
          ],
          [
            4.12994,
            5.87774,
            5.99014
          ],
          [
            4.14069,
            0.01863,
            5.96566
          ],
          [
            0.76191,
            2.94767,
            5.83886
          ],
          [
            2.0825,
            0.0,
            0.0
          ],
          [
            2.0825,
            2.94648,
            0.0
          ],
          [
            6.2475,
            0.0,
            0.0
          ],
          [
            6.2475,
            2.94648,
            0.0
          ],
          [
            2.0825,
            5.89306,
            0.0
          ],
          [
            6.2475,
            5.89306,
            0.0
          ],
          [
            0.0,
            1.47329,
            1.47381
          ],
          [
            0.0,
            4.41977,
            1.47381
          ],
          [
            4.165,
            1.47329,
            1.47381
          ],
          [
            4.165,
            4.41977,
            1.47381
          ],
          [
            0.0,
            7.36625,
            1.47381
          ],
          [
            4.165,
            7.36625,
            1.47381
          ],
          [
            2.08904,
            8.82735,
            2.96708
          ],
          [
            2.07987,
            2.9487,
            2.9884
          ],
          [
            6.24033,
            0.00657,
            2.9715
          ],
          [
            6.25083,
            2.94763,
            3.03331
          ],
          [
            2.09194,
            5.90307,
            2.96913
          ],
          [
            6.23891,
            5.88515,
            2.97259
          ],
          [
            8.31788,
            1.46314,
            4.41219
          ],
          [
            8.31833,
            4.42989,
            4.4133
          ],
          [
            4.12613,
            1.56922,
            4.42326
          ],
          [
            4.14472,
            4.29908,
            4.44414
          ],
          [
            8.32609,
            7.36462,
            4.52602
          ],
          [
            4.14308,
            7.36468,
            4.43526
          ],
          [
            2.07703,
            5.79175,
            5.87691
          ],
          [
            6.09315,
            2.94371,
            6.19703
          ],
          [
            6.21331,
            5.82985,
            5.86037
          ],
          [
            2.07314,
            0.099,
            5.8808
          ],
          [
            6.2171,
            0.06055,
            5.86105
          ],
          [
            4.32547,
            2.98014,
            5.95744
          ]
        ],
        "Stress": [
          [
            -74.69241,
            0.01577,
            0.25182
          ],
          [
            0.01577,
            -20.41224,
            -0.384
          ],
          [
            0.25182,
            -0.384,
            -35.56492
          ]
        ],
        "computation_code": "VASP",
        "pseudopotential_information": [
          [
            "PAW_PBE",
            "Ni",
            "02Aug2007"
          ],
          [
            "PAW_PBE",
            "O",
            "08Apr2002"
          ],
          [
            "PAW_PBE",
            "Nb_sv",
            "25May2007"
          ]
        ]
      }
    ],
    "EnergyStyle": "electronvolt",
    "ForcesStyle": "electronvoltperangstrom",
    "LatticeStyle": "angstrom",
    "PositionsStyle": "angstrom",
    "StressStyle": "kB"
  }
}