{
  "Dataset": {
    "AtomTypeStyle": "chemicalsymbol",
    "Data": [
      {
        "AtomTypes": [
          "Ni",
          "Ni",
          "Ni",
          "Ni",
          "Ni",
          "Ni",
          "Ni",
          "Ni",
          "Ni",
          "Ni",
          "Ni",
          "Ni",
          "Ni",
          "Ni",
          "Ni",
          "Ni",
          "Ni",
          "Ni",
          "Ni",
          "Ni",
          "Ni",
          "Ni",
          "Ni",
          "Ni",
          "Ni",
          "Ni",
          "Ni",
          "Ni",
          "Ni",
          "O",
          "O",
          "O",
          "O",
          "O",
          "O",
          "O",
          "O",
          "O",
          "O",
          "O",
          "O",
          "O",
          "O",
          "O",
          "O",
          "O",
          "O",
          "O",
          "O",
          "O",
          "O",
          "O",
          "O",
          "O",
          "O",
          "O",
          "O",
          "O",
          "Nb"
        ],
        "Energy": -305.66706358,
        "Forces": [
          [
            -0.060781,
            0.019632,
            0.948011
          ],
          [
            -0.059442,
            0.001938,
            0.953144
          ],
          [
            -0.063493,
            -0.052586,
            0.871802
          ],
          [
            -0.062943,
            0.077821,
            0.871458
          ],
          [
            -0.062206,
            -0.019243,
            0.940436
          ],
          [
            -0.062642,
            -0.02143,
            0.908497
          ],
          [
            -0.100862,
            -0.020622,
            -0.874943
          ],
          [
            0.043991,
            -0.006409,
            -0.799936
          ],
          [
            0.164007,
            -0.023125,
            -0.931878
          ],
          [
            0.003334,
            0.020581,
            -0.835933
          ],
          [
            0.012371,
            0.015136,
            -0.774545
          ],
          [
            0.022027,
            -0.000159,
            -0.784228
          ],
          [
            0.003774,
            0.002127,
            -0.008801
          ],
          [
            -0.000985,
            -0.002999,
            0.010031
          ],
          [
            0.002467,
            0.009082,
            0.007418
          ],
          [
            -0.001924,
            2.8e-05,
            -0.001338
          ],
          [
            -0.00371,
            -0.000233,
            -0.004936
          ],
          [
            -0.00429,
            -0.002901,
            -0.020611
          ],
          [
            -0.002402,
            -0.004707,
            0.005632
          ],
          [
            -0.007059,
            -0.011202,
            -0.008512
          ],
          [
            0.012962,
            0.018588,
            0.002722
          ],
          [
            -0.001236,
            0.004878,
            -0.008501
          ],
          [
            0.014432,
            -0.002002,
            -0.005605
          ],
          [
            -0.025478,
            0.015903,
            -0.021571
          ],
          [
            0.011188,
            0.006975,
            -0.071884
          ],
          [
            -0.009113,
            0.002357,
            0.058523
          ],
          [
            0.003211,
            0.013276,
            -0.008146
          ],
          [
            -0.011863,
            0.003067,
            -0.010513
          ],
          [
            -0.020283,
            -0.007953,
            -0.013077
          ],
          [
            0.053548,
            0.003299,
            0.488863
          ],
          [
            0.045911,
            -0.0052,
            0.542855
          ],
          [
            -0.016748,
            0.004329,
            0.489073
          ],
          [
            -0.011211,
            -0.007173,
            0.542676
          ],
          [
            0.021097,
            0.005005,
            0.48622
          ],
          [
            0.016162,
            0.004098,
            0.488081
          ],
          [
            0.028702,
            0.002957,
            -0.563047
          ],
          [
            0.030075,
            -0.050704,
            -0.56866
          ],
          [
            0.034935,
            -0.066515,
            -0.512477
          ],
          [
            0.019486,
            -0.0661,
            -0.525927
          ],
          [
            0.024441,
            0.042759,
            -0.545341
          ],
          [
            0.014317,
            0.081327,
            -0.745785
          ],
          [
            0.000571,
            -0.000247,
            0.000842
          ],
          [
            0.003574,
            -0.001798,
            0.000367
          ],
          [
            -0.001746,
            0.002506,
            0.001832
          ],
          [
            -0.001254,
            0.000554,
            0.003346
          ],
          [
            -4.9e-05,
            -0.000527,
            -0.000688
          ],
          [
            0.001753,
            0.001116,
            0.001463
          ],
          [
            -0.002533,
            0.010937,
            -0.014506
          ],
          [
            -0.001179,
            0.0108,
            0.02019
          ],
          [
            0.004359,
            -0.011177,
            0.020582
          ],
          [
            -0.003436,
            -0.030612,
            -0.000683
          ],
          [
            -0.001217,
            0.004027,
            0.007052
          ],
          [
            0.009774,
            -0.003564,
            -0.004178
          ],
          [
            -0.022102,
            0.001271,
            0.002053
          ],
          [
            0.023135,
            0.003723,
            0.006559
          ],
          [
            0.026154,
            0.006795,
            0.002497
          ],
          [
            0.018117,
            -0.002347,
            -0.000523
          ],
          [
            -0.029934,
            0.005645,
            -0.001127
          ],
          [
            -0.017755,
            0.018999,
            -0.014326
          ]
        ],
        "Lattice": [
          [
            8.33,
            0.0,
            0.0
          ],
          [
            0.0,
            8.839539657,
            0.0
          ],
          [
            0.0,
            0.0,
            21.359563785
          ]
        ],
        "NumAtoms": 59,
        "Positions": [
          [
            0.0,
            0.0,
            0.0
          ],
          [
            0.0,
            2.94648,
            0.0
          ],
          [
            4.165,
            0.0,
            0.0
          ],
          [
            4.165,
            2.94648,
            0.0
          ],
          [
            0.0,
            5.89306,
            0.0
          ],
          [
            4.165,
            5.89306,
            0.0
          ],
          [
            2.0825,
            1.47329,
            1.47381
          ],
          [
            2.0825,
            4.41977,
            1.47381
          ],
          [
            6.2475,
            1.47329,
            1.47381
          ],
          [
            6.2475,
            4.41977,
            1.47381
          ],
          [
            2.0825,
            7.36625,
            1.47381
          ],
          [
            6.2475,
            7.36625,
            1.47381
          ],
          [
            0.0044,
            2.94218,
            2.97112
          ],
          [
            -0.00139,
            5.91089,
            2.96207
          ],
          [
            4.1769,
            2.8817,
            2.94219
          ],
          [
            4.16555,
            5.93636,
            2.94677
          ],
          [
            4.17582,
            0.00988,
            2.94775
          ],
          [
            0.00251,
            8.82467,
            2.96809
          ],
          [
            2.02947,
            4.44184,
            4.45525
          ],
          [
            2.11812,
            7.34185,
            4.53527
          ],
          [
            6.30006,
            4.4366,
            4.4554
          ],
          [
            6.20754,
            7.34447,
            4.53845
          ],
          [
            2.13804,
            1.42312,
            4.458
          ],
          [
            6.18914,
            1.4386,
            4.44273
          ],
          [
            0.00309,
            5.83465,
            5.87649
          ],
          [
            0.00834,
            0.09904,
            5.85935
          ],
          [
            4.16598,
            5.74379,
            5.98159
          ],
          [
            4.16836,
            0.00014,
            5.87449
          ],
          [
            0.09016,
            2.7628,
            5.95485
          ],
          [
            2.0825,
            0.0,
            0.0
          ],
          [
            2.0825,
            2.94648,
            0.0
          ],
          [
            6.2475,
            0.0,
            0.0
          ],
          [
            6.2475,
            2.94648,
            0.0
          ],
          [
            2.0825,
            5.89306,
            0.0
          ],
          [
            6.2475,
            5.89306,
            0.0
          ],
          [
            0.0,
            1.47329,
            1.47381
          ],
          [
            0.0,
            4.41977,
            1.47381
          ],
          [
            4.165,
            1.47329,
            1.47381
          ],
          [
            4.165,
            4.41977,
            1.47381
          ],
          [
            0.0,
            7.36625,
            1.47381
          ],
          [
            4.165,
            7.36625,
            1.47381
          ],
          [
            2.09246,
            0.01705,
            2.96299
          ],
          [
            2.10272,
            2.93304,
            3.00733
          ],
          [
            6.24311,
            0.0177,
            2.96007
          ],
          [
            6.23543,
            2.93694,
            3.00113
          ],
          [
            2.08379,
            5.88673,
            2.961
          ],
          [
            6.24435,
            5.88552,
            2.9614
          ],
          [
            -0.00321,
            1.46911,
            4.40479
          ],
          [
            -0.00092,
            4.42715,
            4.40181
          ],
          [
            4.1613,
            4.39162,
            4.40319
          ],
          [
            -0.00062,
            7.37431,
            4.50283
          ],
          [
            4.16407,
            7.42486,
            4.3513
          ],
          [
            2.23562,
            2.8806,
            5.96903
          ],
          [
            2.06839,
            5.8251,
            5.86358
          ],
          [
            6.07163,
            2.88145,
            5.95912
          ],
          [
            6.26182,
            5.82218,
            5.86049
          ],
          [
            2.15018,
            0.02526,
            5.83918
          ],
          [
            6.17989,
            0.03402,
            5.83415
          ],
          [
            4.16658,
            3.0181,
            5.80436
          ]
        ],
        "Stress": [
          [
            -82.89673,
            0.10759,
            0.23881
          ],
          [
            0.10759,
            -17.28083,
            0.32492
          ],
          [
            0.23881,
            0.32492,
            -34.47529
          ]
        ],
        "computation_code": "VASP",
        "pseudopotential_information": [
          [
            "PAW_PBE",
            "Ni",
            "02Aug2007"
          ],
          [
            "PAW_PBE",
            "O",
            "08Apr2002"
          ],
          [
            "PAW_PBE",
            "Nb_sv",
            "25May2007"
          ]
        ]
      }
    ],
    "EnergyStyle": "electronvolt",
    "ForcesStyle": "electronvoltperangstrom",
    "LatticeStyle": "angstrom",
    "PositionsStyle": "angstrom",
    "StressStyle": "kB"
  }
}