{
  "Dataset": {
    "AtomTypeStyle": "chemicalsymbol",
    "Data": [
      {
        "AtomTypes": [
          "Ni",
          "Ni",
          "Ni",
          "Ni",
          "Ni",
          "Ni",
          "Ni",
          "Ni",
          "Ni",
          "Ni",
          "Ni",
          "Ni",
          "Ni",
          "Ni",
          "Ni",
          "Ni",
          "Ni",
          "Ni",
          "Ni",
          "Ni",
          "Ni",
          "Ni",
          "Ni",
          "Ni",
          "Ni",
          "Ni",
          "Ni",
          "Ni",
          "Ni",
          "O",
          "O",
          "O",
          "O",
          "O",
          "O",
          "O",
          "O",
          "O",
          "O",
          "O",
          "O",
          "O",
          "O",
          "O",
          "O",
          "O",
          "O",
          "O",
          "O",
          "O",
          "O",
          "O",
          "O",
          "O",
          "O",
          "O",
          "O",
          "O",
          "O",
          "O",
          "O",
          "Nb"
        ],
        "Energy": -328.16990008,
        "Forces": [
          [
            -0.05343,
            -0.003066,
            0.886273
          ],
          [
            -0.061725,
            0.008431,
            0.876765
          ],
          [
            -0.073341,
            0.00791,
            0.961213
          ],
          [
            -0.062877,
            -0.016302,
            0.898192
          ],
          [
            -0.063279,
            -0.003547,
            0.894043
          ],
          [
            -0.065165,
            0.009483,
            0.92767
          ],
          [
            0.078049,
            -0.008859,
            -0.856248
          ],
          [
            0.024074,
            0.019025,
            -0.852509
          ],
          [
            -0.049722,
            -0.021737,
            -0.886156
          ],
          [
            0.004784,
            0.025726,
            -0.855993
          ],
          [
            0.053759,
            -0.013843,
            -0.806256
          ],
          [
            -0.023627,
            0.028535,
            -0.839296
          ],
          [
            4e-05,
            -0.002021,
            -0.015192
          ],
          [
            0.000262,
            0.000165,
            0.000287
          ],
          [
            -0.001011,
            0.001813,
            -0.005324
          ],
          [
            -0.000944,
            0.001144,
            -0.002174
          ],
          [
            -0.000921,
            0.005942,
            -0.003568
          ],
          [
            -0.002514,
            -0.002007,
            0.002082
          ],
          [
            0.01007,
            0.006656,
            -0.007373
          ],
          [
            0.001426,
            -0.002118,
            0.002864
          ],
          [
            -0.007229,
            0.007447,
            -0.009789
          ],
          [
            -0.001372,
            0.000158,
            -0.000846
          ],
          [
            0.008006,
            -0.00764,
            -0.004352
          ],
          [
            -0.0051,
            -0.012966,
            -0.008399
          ],
          [
            -0.000525,
            0.006331,
            -0.004505
          ],
          [
            -0.002028,
            -0.011528,
            0.002142
          ],
          [
            -0.002198,
            0.006111,
            0.012801
          ],
          [
            -0.002308,
            -0.001666,
            2.8e-05
          ],
          [
            -0.003859,
            0.000927,
            0.068783
          ],
          [
            0.001112,
            0.004202,
            0.470851
          ],
          [
            0.002932,
            -0.002849,
            0.491565
          ],
          [
            0.03954,
            -0.001778,
            0.49403
          ],
          [
            0.036513,
            -0.004834,
            0.481661
          ],
          [
            0.011556,
            0.002983,
            0.463055
          ],
          [
            0.030028,
            0.001981,
            0.451964
          ],
          [
            0.02941,
            -0.010607,
            -0.55051
          ],
          [
            0.028031,
            0.01401,
            -0.556985
          ],
          [
            0.02073,
            -0.038859,
            -0.487791
          ],
          [
            0.031656,
            0.038543,
            -0.463882
          ],
          [
            0.02622,
            0.015625,
            -0.619112
          ],
          [
            0.02536,
            0.015303,
            -0.546439
          ],
          [
            0.001095,
            0.003109,
            -6.4e-05
          ],
          [
            -0.003268,
            0.001389,
            -0.00221
          ],
          [
            7.4e-05,
            0.002334,
            0.003146
          ],
          [
            0.003178,
            0.000386,
            0.000632
          ],
          [
            -0.001728,
            -0.003418,
            -0.000865
          ],
          [
            0.001715,
            -0.002198,
            0.001096
          ],
          [
            -0.000793,
            -0.012908,
            -0.017728
          ],
          [
            0.002536,
            0.017436,
            -0.008021
          ],
          [
            0.005177,
            -0.014248,
            0.001125
          ],
          [
            -0.000697,
            -0.00732,
            -0.004775
          ],
          [
            0.002095,
            -0.004428,
            -0.002706
          ],
          [
            0.003921,
            0.006593,
            -0.009526
          ],
          [
            0.017082,
            0.001987,
            0.002978
          ],
          [
            -0.003277,
            -0.003192,
            0.008394
          ],
          [
            -0.018156,
            -0.000591,
            2.1e-05
          ],
          [
            0.007991,
            -0.005127,
            0.010066
          ],
          [
            0.002535,
            0.000518,
            0.009435
          ],
          [
            -0.005963,
            0.003295,
            0.012288
          ],
          [
            0.004657,
            -0.011666,
            -0.00225
          ],
          [
            -0.009143,
            -0.028706,
            -0.011621
          ],
          [
            0.010586,
            -0.00547,
            0.007012
          ]
        ],
        "Lattice": [
          [
            8.33,
            0.0,
            0.0
          ],
          [
            0.0,
            8.839539657,
            0.0
          ],
          [
            0.0,
            0.0,
            21.359563785
          ]
        ],
        "NumAtoms": 62,
        "Positions": [
          [
            0.0,
            0.0,
            0.0
          ],
          [
            0.0,
            2.94648,
            0.0
          ],
          [
            4.165,
            0.0,
            0.0
          ],
          [
            4.165,
            2.94648,
            0.0
          ],
          [
            0.0,
            5.89306,
            0.0
          ],
          [
            4.165,
            5.89306,
            0.0
          ],
          [
            2.0825,
            1.47329,
            1.47381
          ],
          [
            2.0825,
            4.41977,
            1.47381
          ],
          [
            6.2475,
            1.47329,
            1.47381
          ],
          [
            6.2475,
            4.41977,
            1.47381
          ],
          [
            2.0825,
            7.36625,
            1.47381
          ],
          [
            6.2475,
            7.36625,
            1.47381
          ],
          [
            0.0009,
            2.94903,
            2.93473
          ],
          [
            0.00361,
            5.90501,
            2.94678
          ],
          [
            4.16505,
            2.95054,
            2.93749
          ],
          [
            4.16617,
            5.90818,
            2.96371
          ],
          [
            4.16418,
            8.81448,
            2.98954
          ],
          [
            -0.00018,
            8.83302,
            2.94402
          ],
          [
            2.08525,
            4.46003,
            4.46968
          ],
          [
            2.11026,
            7.3829,
            4.52734
          ],
          [
            6.25937,
            4.46116,
            4.46051
          ],
          [
            6.22893,
            7.39357,
            4.51889
          ],
          [
            2.07611,
            1.42835,
            4.44919
          ],
          [
            6.2443,
            1.44284,
            4.45399
          ],
          [
            0.02387,
            5.92557,
            5.7983
          ],
          [
            0.00958,
            8.83316,
            5.82443
          ],
          [
            4.25591,
            5.93187,
            5.9359
          ],
          [
            4.16852,
            0.17777,
            5.98998
          ],
          [
            0.04917,
            2.93479,
            5.81087
          ],
          [
            2.0825,
            0.0,
            0.0
          ],
          [
            2.0825,
            2.94648,
            0.0
          ],
          [
            6.2475,
            0.0,
            0.0
          ],
          [
            6.2475,
            2.94648,
            0.0
          ],
          [
            2.0825,
            5.89306,
            0.0
          ],
          [
            6.2475,
            5.89306,
            0.0
          ],
          [
            0.0,
            1.47329,
            1.47381
          ],
          [
            0.0,
            4.41977,
            1.47381
          ],
          [
            4.165,
            1.47329,
            1.47381
          ],
          [
            4.165,
            4.41977,
            1.47381
          ],
          [
            0.0,
            7.36625,
            1.47381
          ],
          [
            4.165,
            7.36625,
            1.47381
          ],
          [
            2.0875,
            -0.00023,
            2.95696
          ],
          [
            2.08692,
            2.95147,
            2.9781
          ],
          [
            6.24154,
            0.00553,
            2.95857
          ],
          [
            6.24253,
            2.95138,
            2.97882
          ],
          [
            2.0805,
            5.88694,
            2.95714
          ],
          [
            6.25476,
            5.88664,
            2.95621
          ],
          [
            8.31735,
            1.49547,
            4.45113
          ],
          [
            0.00122,
            4.38825,
            4.4603
          ],
          [
            4.15792,
            1.53258,
            4.46621
          ],
          [
            4.1598,
            4.37091,
            4.54321
          ],
          [
            8.32697,
            7.38837,
            4.41518
          ],
          [
            4.17093,
            7.30224,
            4.44526
          ],
          [
            2.13223,
            2.88324,
            5.8603
          ],
          [
            2.01161,
            5.8952,
            5.83081
          ],
          [
            6.14571,
            2.94202,
            5.86237
          ],
          [
            6.32967,
            5.89533,
            5.83456
          ],
          [
            2.02474,
            0.03201,
            5.86529
          ],
          [
            6.30038,
            0.04583,
            5.86086
          ],
          [
            3.80364,
            4.48813,
            7.33629
          ],
          [
            4.34023,
            3.26661,
            7.99633
          ],
          [
            4.16285,
            2.94116,
            6.10636
          ]
        ],
        "Stress": [
          [
            -85.15393,
            0.37016,
            0.46875
          ],
          [
            0.37016,
            -14.26748,
            -0.38521
          ],
          [
            0.46875,
            -0.38521,
            -35.60701
          ]
        ],
        "computation_code": "VASP",
        "pseudopotential_information": [
          [
            "PAW_PBE",
            "Ni",
            "02Aug2007"
          ],
          [
            "PAW_PBE",
            "O",
            "08Apr2002"
          ],
          [
            "PAW_PBE",
            "Nb_sv",
            "25May2007"
          ]
        ]
      }
    ],
    "EnergyStyle": "electronvolt",
    "ForcesStyle": "electronvoltperangstrom",
    "LatticeStyle": "angstrom",
    "PositionsStyle": "angstrom",
    "StressStyle": "kB"
  }
}