{
  "Dataset": {
    "AtomTypeStyle": "chemicalsymbol",
    "Data": [
      {
        "AtomTypes": [
          "Ni",
          "Ni",
          "Ni",
          "Ni",
          "Ni",
          "Ni",
          "Ni",
          "Ni",
          "Ni",
          "Ni",
          "Ni",
          "Ni",
          "Ni",
          "Ni",
          "Ni",
          "Ni",
          "Ni",
          "Ni",
          "Ni",
          "Ni",
          "Ni",
          "Ni",
          "Ni",
          "Ni",
          "Ni",
          "Ni",
          "Ni",
          "Ni",
          "Ni",
          "O",
          "O",
          "O",
          "O",
          "O",
          "O",
          "O",
          "O",
          "O",
          "O",
          "O",
          "O",
          "O",
          "O",
          "O",
          "O",
          "O",
          "O",
          "O",
          "O",
          "O",
          "O",
          "O",
          "O",
          "O",
          "O",
          "O",
          "O",
          "O",
          "O",
          "O",
          "O",
          "Nb"
        ],
        "Energy": -327.91292687,
        "Forces": [
          [
            -0.006872,
            2.1e-05,
            0.903704
          ],
          [
            -0.000338,
            0.044414,
            0.861373
          ],
          [
            -0.116877,
            6.6e-05,
            0.971368
          ],
          [
            -0.124449,
            -0.001856,
            0.975721
          ],
          [
            -0.00028,
            -0.044435,
            0.861473
          ],
          [
            -0.124467,
            0.001779,
            0.975765
          ],
          [
            0.11606,
            -0.014163,
            -0.836404
          ],
          [
            0.060915,
            -5.6e-05,
            -0.82428
          ],
          [
            -0.082665,
            -0.016939,
            -0.830275
          ],
          [
            -0.003793,
            -0.00017,
            -0.825295
          ],
          [
            0.115919,
            0.013859,
            -0.836289
          ],
          [
            -0.082493,
            0.017145,
            -0.830406
          ],
          [
            -0.000762,
            0.007544,
            0.01054
          ],
          [
            -0.000769,
            -0.007128,
            0.010407
          ],
          [
            -0.002507,
            0.003513,
            0.00053
          ],
          [
            -0.002925,
            -0.003283,
            0.000564
          ],
          [
            -0.003283,
            -8.3e-05,
            -0.005832
          ],
          [
            -8e-06,
            -6.2e-05,
            0.004311
          ],
          [
            -0.000527,
            0.000332,
            0.009681
          ],
          [
            0.00066,
            -0.005801,
            -0.00288
          ],
          [
            0.003767,
            0.008287,
            0.000373
          ],
          [
            -0.00256,
            -0.00301,
            -0.007179
          ],
          [
            0.000331,
            0.005663,
            -0.002591
          ],
          [
            -0.003408,
            0.002541,
            -0.006791
          ],
          [
            0.001651,
            -0.01328,
            0.011122
          ],
          [
            0.006248,
            0.000793,
            0.032363
          ],
          [
            0.00412,
            -0.007681,
            0.000794
          ],
          [
            -0.006474,
            0.000413,
            0.01667
          ],
          [
            0.00125,
            0.013487,
            0.010661
          ],
          [
            -0.003135,
            -1e-05,
            0.446733
          ],
          [
            0.016782,
            -0.014059,
            0.463881
          ],
          [
            0.044957,
            -6.8e-05,
            0.53229
          ],
          [
            0.021821,
            -0.010899,
            0.620596
          ],
          [
            0.0168,
            0.014105,
            0.46397
          ],
          [
            0.02179,
            0.010959,
            0.62091
          ],
          [
            -0.086451,
            -0.083137,
            -0.733716
          ],
          [
            -0.064062,
            0.000265,
            -0.867796
          ],
          [
            0.123671,
            0.068419,
            -0.507436
          ],
          [
            0.14233,
            0.000486,
            -0.410873
          ],
          [
            -0.086578,
            0.082449,
            -0.73321
          ],
          [
            0.123671,
            -0.068864,
            -0.506875
          ],
          [
            0.002253,
            -1e-05,
            -0.008234
          ],
          [
            0.001702,
            0.001582,
            -0.004791
          ],
          [
            0.001036,
            0.000334,
            0.001555
          ],
          [
            -0.000829,
            -0.003827,
            -0.002745
          ],
          [
            0.001852,
            -0.001661,
            -0.004915
          ],
          [
            -0.000865,
            0.003782,
            -0.00279
          ],
          [
            0.000508,
            -0.000407,
            -0.013607
          ],
          [
            -0.01316,
            0.000462,
            0.002885
          ],
          [
            0.001871,
            0.002884,
            0.00262
          ],
          [
            -0.019898,
            -0.000261,
            -0.000245
          ],
          [
            0.000712,
            -0.000662,
            -0.0138
          ],
          [
            0.002068,
            -0.002879,
            0.002128
          ],
          [
            -0.006193,
            0.001669,
            -0.004174
          ],
          [
            -0.00458,
            -0.001432,
            -0.004493
          ],
          [
            0.007437,
            -0.020752,
            0.018134
          ],
          [
            0.008177,
            0.020955,
            0.01806
          ],
          [
            0.013318,
            -0.000336,
            0.000467
          ],
          [
            -0.003425,
            -0.000427,
            -0.001733
          ],
          [
            -0.009078,
            0.004847,
            0.00147
          ],
          [
            -0.009884,
            -0.003981,
            0.002004
          ],
          [
            0.009917,
            -0.00144,
            -0.025468
          ]
        ],
        "Lattice": [
          [
            8.33,
            0.0,
            0.0
          ],
          [
            0.0,
            8.839539657,
            0.0
          ],
          [
            0.0,
            0.0,
            21.359563785
          ]
        ],
        "NumAtoms": 62,
        "Positions": [
          [
            0.0,
            0.0,
            0.0
          ],
          [
            0.0,
            2.94648,
            0.0
          ],
          [
            4.165,
            0.0,
            0.0
          ],
          [
            4.165,
            2.94648,
            0.0
          ],
          [
            0.0,
            5.89306,
            0.0
          ],
          [
            4.165,
            5.89306,
            0.0
          ],
          [
            2.0825,
            1.47329,
            1.47381
          ],
          [
            2.0825,
            4.41977,
            1.47381
          ],
          [
            6.2475,
            1.47329,
            1.47381
          ],
          [
            6.2475,
            4.41977,
            1.47381
          ],
          [
            2.0825,
            7.36625,
            1.47381
          ],
          [
            6.2475,
            7.36625,
            1.47381
          ],
          [
            0.02899,
            2.89948,
            2.91913
          ],
          [
            0.02904,
            5.93999,
            2.91926
          ],
          [
            4.15366,
            2.9468,
            2.98621
          ],
          [
            4.15353,
            5.89279,
            2.98634
          ],
          [
            4.14894,
            8.83951,
            2.9713
          ],
          [
            0.00107,
            8.8395,
            2.9644
          ],
          [
            1.99989,
            4.4196,
            4.501
          ],
          [
            2.05916,
            7.37171,
            4.47246
          ],
          [
            3.93156,
            2.92786,
            6.00664
          ],
          [
            6.25401,
            7.40847,
            4.48522
          ],
          [
            2.05961,
            1.46763,
            4.47222
          ],
          [
            6.25427,
            1.43153,
            4.48494
          ],
          [
            0.11695,
            6.1207,
            6.07209
          ],
          [
            0.039,
            0.0005,
            5.93113
          ],
          [
            3.93037,
            5.91129,
            6.00703
          ],
          [
            4.17273,
            8.83945,
            5.89764
          ],
          [
            0.11817,
            2.71802,
            6.0723
          ],
          [
            2.0825,
            0.0,
            0.0
          ],
          [
            2.0825,
            2.94648,
            0.0
          ],
          [
            6.2475,
            0.0,
            0.0
          ],
          [
            6.2475,
            2.94648,
            0.0
          ],
          [
            2.0825,
            5.89306,
            0.0
          ],
          [
            6.2475,
            5.89306,
            0.0
          ],
          [
            0.0,
            1.47329,
            1.47381
          ],
          [
            0.0,
            4.41977,
            1.47381
          ],
          [
            4.165,
            1.47329,
            1.47381
          ],
          [
            4.165,
            4.41977,
            1.47381
          ],
          [
            0.0,
            7.36625,
            1.47381
          ],
          [
            4.165,
            7.36625,
            1.47381
          ],
          [
            2.09971,
            8.83948,
            2.94774
          ],
          [
            2.11291,
            2.96187,
            2.96629
          ],
          [
            6.21118,
            8.83949,
            2.94928
          ],
          [
            6.2145,
            3.00156,
            3.0438
          ],
          [
            2.11279,
            5.87762,
            2.96637
          ],
          [
            6.21451,
            5.83808,
            3.044
          ],
          [
            8.30163,
            1.45948,
            4.38763
          ],
          [
            8.28568,
            4.41953,
            4.20012
          ],
          [
            4.17796,
            1.52356,
            4.49011
          ],
          [
            4.32669,
            4.41985,
            4.58251
          ],
          [
            8.3013,
            7.38011,
            4.38773
          ],
          [
            4.17764,
            7.31584,
            4.49044
          ],
          [
            2.02272,
            2.93775,
            5.81198
          ],
          [
            2.02165,
            5.90137,
            5.812
          ],
          [
            6.37395,
            2.94848,
            5.92404
          ],
          [
            6.37286,
            5.89168,
            5.92469
          ],
          [
            2.1205,
            8.8395,
            5.84791
          ],
          [
            6.22168,
            0.00036,
            5.86314
          ],
          [
            4.12831,
            5.08864,
            7.736
          ],
          [
            4.12998,
            3.75003,
            7.73561
          ],
          [
            6.43464,
            4.42034,
            4.78194
          ]
        ],
        "Stress": [
          [
            -71.30164,
            -0.00651,
            0.3196
          ],
          [
            -0.00651,
            -12.41597,
            0.00651
          ],
          [
            0.3196,
            0.00651,
            -36.32705
          ]
        ],
        "computation_code": "VASP",
        "pseudopotential_information": [
          [
            "PAW_PBE",
            "Ni",
            "02Aug2007"
          ],
          [
            "PAW_PBE",
            "O",
            "08Apr2002"
          ],
          [
            "PAW_PBE",
            "Nb_sv",
            "25May2007"
          ]
        ]
      }
    ],
    "EnergyStyle": "electronvolt",
    "ForcesStyle": "electronvoltperangstrom",
    "LatticeStyle": "angstrom",
    "PositionsStyle": "angstrom",
    "StressStyle": "kB"
  }
}