{
  "Dataset": {
    "AtomTypeStyle": "chemicalsymbol",
    "Data": [
      {
        "AtomTypes": [
          "Ni",
          "Ni",
          "Ni",
          "Ni",
          "Ni",
          "Ni",
          "Ni",
          "Ni",
          "Ni",
          "Ni",
          "Ni",
          "Ni",
          "Ni",
          "Ni",
          "Ni",
          "Ni",
          "Ni",
          "Ni",
          "Ni",
          "Ni",
          "Ni",
          "Ni",
          "Ni",
          "Ni",
          "Ni",
          "Ni",
          "Ni",
          "Ni",
          "Ni",
          "O",
          "O",
          "O",
          "O",
          "O",
          "O",
          "O",
          "O",
          "O",
          "O",
          "O",
          "O",
          "O",
          "O",
          "O",
          "O",
          "O",
          "O",
          "O",
          "O",
          "O",
          "O",
          "O",
          "O",
          "O",
          "O",
          "O",
          "O",
          "O",
          "O",
          "O",
          "O",
          "Nb"
        ],
        "Energy": -328.16764778,
        "Forces": [
          [
            -0.053096,
            -0.003109,
            0.888607
          ],
          [
            -0.062278,
            0.007942,
            0.879753
          ],
          [
            -0.073172,
            0.005143,
            0.959296
          ],
          [
            -0.06246,
            -0.017353,
            0.893387
          ],
          [
            -0.063685,
            -0.006403,
            0.896374
          ],
          [
            -0.064862,
            0.010399,
            0.924518
          ],
          [
            0.070798,
            -0.010787,
            -0.863809
          ],
          [
            0.01588,
            0.016201,
            -0.863107
          ],
          [
            -0.044796,
            -0.024143,
            -0.892256
          ],
          [
            0.01354,
            0.023383,
            -0.862888
          ],
          [
            0.052111,
            -0.011314,
            -0.806655
          ],
          [
            -0.02412,
            0.028443,
            -0.841461
          ],
          [
            -0.004492,
            0.009903,
            -0.011315
          ],
          [
            -0.003261,
            -0.005356,
            -0.008251
          ],
          [
            0.005559,
            -0.019642,
            0.021099
          ],
          [
            0.005639,
            0.001345,
            0.008996
          ],
          [
            0.004815,
            -0.019966,
            0.00539
          ],
          [
            0.00385,
            0.0037,
            -0.006021
          ],
          [
            0.004635,
            -0.000709,
            0.043732
          ],
          [
            -0.009365,
            -0.001778,
            0.028726
          ],
          [
            0.000956,
            0.010345,
            0.008498
          ],
          [
            0.018562,
            0.00052,
            0.042401
          ],
          [
            0.011794,
            0.00178,
            0.051602
          ],
          [
            0.006115,
            -0.024169,
            0.034664
          ],
          [
            0.016062,
            0.018808,
            0.032643
          ],
          [
            -0.005274,
            -0.009046,
            -0.006815
          ],
          [
            0.003317,
            -0.008152,
            -0.046011
          ],
          [
            -0.000354,
            -0.000732,
            0.017695
          ],
          [
            0.015569,
            -0.009577,
            0.017939
          ],
          [
            0.003076,
            0.002217,
            0.472624
          ],
          [
            0.006095,
            -0.003967,
            0.491766
          ],
          [
            0.038191,
            -0.003275,
            0.496603
          ],
          [
            0.033783,
            -0.006238,
            0.480661
          ],
          [
            0.01366,
            0.002902,
            0.464066
          ],
          [
            0.02826,
            0.001929,
            0.452111
          ],
          [
            0.028748,
            -0.019356,
            -0.55296
          ],
          [
            0.030271,
            0.011857,
            -0.556691
          ],
          [
            0.020244,
            -0.032289,
            -0.487359
          ],
          [
            0.030638,
            0.038616,
            -0.467533
          ],
          [
            0.026726,
            0.015583,
            -0.61717
          ],
          [
            0.023489,
            0.017474,
            -0.55
          ],
          [
            -0.000887,
            -0.020138,
            -0.01278
          ],
          [
            0.017431,
            -0.00302,
            -0.000637
          ],
          [
            0.012409,
            -0.009437,
            -0.015818
          ],
          [
            -0.021937,
            -0.001048,
            0.008124
          ],
          [
            0.004553,
            0.008523,
            -0.005562
          ],
          [
            -0.009308,
            0.001279,
            0.002196
          ],
          [
            -0.00585,
            0.004365,
            0.013004
          ],
          [
            -0.008418,
            -5.8e-05,
            -0.013388
          ],
          [
            -0.012512,
            0.022823,
            -0.024628
          ],
          [
            0.005921,
            0.026394,
            0.004081
          ],
          [
            0.00086,
            0.016188,
            -0.003383
          ],
          [
            -0.006619,
            -0.020553,
            0.00613
          ],
          [
            0.008319,
            -0.009725,
            -0.036197
          ],
          [
            0.000924,
            0.011767,
            -0.01377
          ],
          [
            0.018147,
            0.006397,
            -0.006213
          ],
          [
            -0.001913,
            0.016284,
            -0.003754
          ],
          [
            -0.008512,
            -0.001518,
            -0.019348
          ],
          [
            0.017367,
            -0.001982,
            -0.027068
          ],
          [
            -0.042037,
            0.084873,
            -0.047937
          ],
          [
            0.013744,
            -0.079888,
            0.075854
          ],
          [
            -0.04285,
            -0.042656,
            -0.051754
          ]
        ],
        "Lattice": [
          [
            8.33,
            0.0,
            0.0
          ],
          [
            0.0,
            8.839539657,
            0.0
          ],
          [
            0.0,
            0.0,
            21.359563785
          ]
        ],
        "NumAtoms": 62,
        "Positions": [
          [
            0.0,
            0.0,
            0.0
          ],
          [
            0.0,
            2.94648,
            0.0
          ],
          [
            4.165,
            0.0,
            0.0
          ],
          [
            4.165,
            2.94648,
            0.0
          ],
          [
            0.0,
            5.89306,
            0.0
          ],
          [
            4.165,
            5.89306,
            0.0
          ],
          [
            2.0825,
            1.47329,
            1.47381
          ],
          [
            2.0825,
            4.41977,
            1.47381
          ],
          [
            6.2475,
            1.47329,
            1.47381
          ],
          [
            6.2475,
            4.41977,
            1.47381
          ],
          [
            2.0825,
            7.36625,
            1.47381
          ],
          [
            6.2475,
            7.36625,
            1.47381
          ],
          [
            0.00143,
            2.94725,
            2.93538
          ],
          [
            0.00396,
            5.90499,
            2.94736
          ],
          [
            4.16445,
            2.95186,
            2.93561
          ],
          [
            4.16562,
            5.90832,
            2.96223
          ],
          [
            4.16344,
            8.81739,
            2.98888
          ],
          [
            -0.00115,
            8.8318,
            2.945
          ],
          [
            2.08511,
            4.45889,
            4.46607
          ],
          [
            2.11087,
            7.38244,
            4.52603
          ],
          [
            6.25955,
            4.45986,
            4.45834
          ],
          [
            6.22663,
            7.3928,
            4.51584
          ],
          [
            2.0755,
            1.42764,
            4.44727
          ],
          [
            6.24343,
            1.44239,
            4.4512
          ],
          [
            0.02245,
            5.92265,
            5.79441
          ],
          [
            0.00791,
            8.83249,
            5.82598
          ],
          [
            4.25498,
            5.93514,
            5.93995
          ],
          [
            4.16642,
            0.1791,
            5.99016
          ],
          [
            0.04902,
            2.9339,
            5.81004
          ],
          [
            2.0825,
            0.0,
            0.0
          ],
          [
            2.0825,
            2.94648,
            0.0
          ],
          [
            6.2475,
            0.0,
            0.0
          ],
          [
            6.2475,
            2.94648,
            0.0
          ],
          [
            2.0825,
            5.89306,
            0.0
          ],
          [
            6.2475,
            5.89306,
            0.0
          ],
          [
            0.0,
            1.47329,
            1.47381
          ],
          [
            0.0,
            4.41977,
            1.47381
          ],
          [
            4.165,
            1.47329,
            1.47381
          ],
          [
            4.165,
            4.41977,
            1.47381
          ],
          [
            0.0,
            7.36625,
            1.47381
          ],
          [
            4.165,
            7.36625,
            1.47381
          ],
          [
            2.08703,
            0.00158,
            2.95759
          ],
          [
            2.08502,
            2.95107,
            2.97754
          ],
          [
            6.24016,
            0.006,
            2.95968
          ],
          [
            6.24506,
            2.95105,
            2.97727
          ],
          [
            2.07961,
            5.88564,
            2.95657
          ],
          [
            6.25615,
            5.88586,
            2.95553
          ],
          [
            8.31745,
            1.49301,
            4.44936
          ],
          [
            0.0022,
            4.38613,
            4.46072
          ],
          [
            4.15939,
            1.53066,
            4.46898
          ],
          [
            4.15959,
            4.3669,
            4.53872
          ],
          [
            8.32624,
            7.38645,
            4.41492
          ],
          [
            4.17134,
            7.30375,
            4.44131
          ],
          [
            2.13381,
            2.88254,
            5.86426
          ],
          [
            2.00985,
            5.89285,
            5.82969
          ],
          [
            6.1454,
            2.93958,
            5.8615
          ],
          [
            6.32952,
            5.89136,
            5.83383
          ],
          [
            2.02368,
            0.03117,
            5.86753
          ],
          [
            6.29713,
            0.04529,
            5.86398
          ],
          [
            3.7985,
            4.49905,
            7.32913
          ],
          [
            4.35062,
            3.2918,
            7.9903
          ],
          [
            4.16561,
            2.94632,
            6.10589
          ]
        ],
        "Stress": [
          [
            -85.30855,
            0.31549,
            0.51227
          ],
          [
            0.31549,
            -14.43071,
            -0.4808
          ],
          [
            0.51227,
            -0.4808,
            -35.61115
          ]
        ],
        "computation_code": "VASP",
        "pseudopotential_information": [
          [
            "PAW_PBE",
            "Ni",
            "02Aug2007"
          ],
          [
            "PAW_PBE",
            "O",
            "08Apr2002"
          ],
          [
            "PAW_PBE",
            "Nb_sv",
            "25May2007"
          ]
        ]
      }
    ],
    "EnergyStyle": "electronvolt",
    "ForcesStyle": "electronvoltperangstrom",
    "LatticeStyle": "angstrom",
    "PositionsStyle": "angstrom",
    "StressStyle": "kB"
  }
}