{
  "Dataset": {
    "AtomTypeStyle": "chemicalsymbol",
    "Data": [
      {
        "AtomTypes": [
          "Ni",
          "Ni",
          "Ni",
          "Ni",
          "Ni",
          "Ni",
          "Ni",
          "Ni",
          "Ni",
          "Ni",
          "Ni",
          "Ni",
          "Ni",
          "Ni",
          "Ni",
          "Ni",
          "Ni",
          "Ni",
          "Ni",
          "Ni",
          "Ni",
          "Ni",
          "Ni",
          "Ni",
          "Ni",
          "Ni",
          "Ni",
          "Ni",
          "Ni",
          "O",
          "O",
          "O",
          "O",
          "O",
          "O",
          "O",
          "O",
          "O",
          "O",
          "O",
          "O",
          "O",
          "O",
          "O",
          "O",
          "O",
          "O",
          "O",
          "O",
          "O",
          "O",
          "O",
          "O",
          "O",
          "O",
          "O",
          "O",
          "O",
          "Nb"
        ],
        "Energy": -306.22231312,
        "Forces": [
          [
            -0.003098,
            0.035081,
            0.885431
          ],
          [
            0.012304,
            -0.037506,
            0.848957
          ],
          [
            -0.121699,
            0.017978,
            0.856476
          ],
          [
            -0.126924,
            -0.021715,
            0.813813
          ],
          [
            0.012451,
            0.000423,
            0.829224
          ],
          [
            -0.123667,
            0.002695,
            0.841378
          ],
          [
            -0.028651,
            -0.07255,
            -0.841337
          ],
          [
            0.032131,
            0.023973,
            -0.84391
          ],
          [
            0.062712,
            -0.116143,
            -0.754888
          ],
          [
            0.011872,
            -0.06887,
            -1.128797
          ],
          [
            0.01976,
            0.049246,
            -0.858738
          ],
          [
            0.006285,
            0.158986,
            -0.93944
          ],
          [
            -0.029713,
            -0.041898,
            -0.008608
          ],
          [
            -0.019108,
            -0.012123,
            -0.010779
          ],
          [
            0.004991,
            -0.034802,
            -0.035505
          ],
          [
            0.025303,
            0.021674,
            -0.03077
          ],
          [
            0.029834,
            0.012641,
            0.02313
          ],
          [
            -0.005824,
            0.004119,
            -0.012118
          ],
          [
            -0.0219,
            0.01218,
            0.003592
          ],
          [
            0.004463,
            0.024495,
            0.023062
          ],
          [
            -0.009672,
            0.014236,
            -0.024355
          ],
          [
            0.009785,
            -0.065189,
            0.003267
          ],
          [
            0.049089,
            0.002256,
            0.001896
          ],
          [
            0.00831,
            0.016504,
            0.004517
          ],
          [
            0.022264,
            -0.004894,
            -0.016141
          ],
          [
            -0.022126,
            0.02195,
            -0.080159
          ],
          [
            0.012837,
            0.032617,
            -0.010094
          ],
          [
            0.007184,
            -0.021133,
            -0.277478
          ],
          [
            -0.026983,
            -0.012957,
            0.020583
          ],
          [
            0.023887,
            -0.008187,
            0.4843
          ],
          [
            0.015854,
            0.010736,
            0.521863
          ],
          [
            0.013769,
            -0.002771,
            0.563637
          ],
          [
            0.016533,
            0.030609,
            0.690249
          ],
          [
            0.00824,
            -0.000296,
            0.552017
          ],
          [
            0.023907,
            0.007828,
            0.711256
          ],
          [
            -0.074085,
            0.059112,
            -0.672533
          ],
          [
            -0.093229,
            0.098868,
            -0.462611
          ],
          [
            0.120936,
            0.015217,
            -0.6322
          ],
          [
            0.147298,
            0.085692,
            -0.384565
          ],
          [
            -0.08855,
            -0.103542,
            -0.54905
          ],
          [
            0.129921,
            -0.117124,
            -0.507605
          ],
          [
            0.011224,
            -0.002266,
            0.068154
          ],
          [
            0.009277,
            -0.002146,
            0.036756
          ],
          [
            -0.022929,
            -0.015615,
            0.02712
          ],
          [
            0.004324,
            0.021751,
            0.029676
          ],
          [
            -0.000704,
            0.011964,
            0.043431
          ],
          [
            -0.008515,
            -0.022973,
            0.021993
          ],
          [
            -0.005909,
            -0.008035,
            0.026853
          ],
          [
            -0.027181,
            0.011774,
            -0.010272
          ],
          [
            -0.052319,
            -0.110676,
            0.056336
          ],
          [
            0.00025,
            0.023327,
            0.009557
          ],
          [
            0.04033,
            0.004106,
            0.022677
          ],
          [
            -0.034998,
            0.094589,
            0.080153
          ],
          [
            0.035386,
            0.000183,
            -0.02261
          ],
          [
            -0.024666,
            -0.039038,
            -0.042955
          ],
          [
            0.111994,
            -0.00489,
            -0.007567
          ],
          [
            0.000934,
            0.025104,
            0.002251
          ],
          [
            -0.091235,
            -0.023948,
            0.042307
          ],
          [
            0.018044,
            0.019375,
            0.019172
          ]
        ],
        "Lattice": [
          [
            8.33,
            0.0,
            0.0
          ],
          [
            0.0,
            8.839539657,
            0.0
          ],
          [
            0.0,
            0.0,
            21.359563785
          ]
        ],
        "NumAtoms": 59,
        "Positions": [
          [
            0.0,
            0.0,
            0.0
          ],
          [
            0.0,
            2.94648,
            0.0
          ],
          [
            4.165,
            0.0,
            0.0
          ],
          [
            4.165,
            2.94648,
            0.0
          ],
          [
            0.0,
            5.89306,
            0.0
          ],
          [
            4.165,
            5.89306,
            0.0
          ],
          [
            2.0825,
            1.47329,
            1.47381
          ],
          [
            2.0825,
            4.41977,
            1.47381
          ],
          [
            6.2475,
            1.47329,
            1.47381
          ],
          [
            6.2475,
            4.41977,
            1.47381
          ],
          [
            2.0825,
            7.36625,
            1.47381
          ],
          [
            6.2475,
            7.36625,
            1.47381
          ],
          [
            0.02796,
            2.9444,
            2.94828
          ],
          [
            0.03805,
            5.9188,
            2.94704
          ],
          [
            4.13712,
            2.91201,
            2.93708
          ],
          [
            4.12411,
            5.93163,
            2.96319
          ],
          [
            4.16628,
            8.83238,
            2.974
          ],
          [
            8.32529,
            8.83053,
            2.96599
          ],
          [
            2.09844,
            4.39998,
            4.5468
          ],
          [
            2.06842,
            7.39273,
            4.49937
          ],
          [
            6.25337,
            7.49875,
            4.53165
          ],
          [
            2.07645,
            1.47626,
            4.46465
          ],
          [
            6.23511,
            1.56425,
            4.56505
          ],
          [
            0.14177,
            5.90371,
            5.83885
          ],
          [
            4.00472,
            2.74153,
            5.96177
          ],
          [
            0.03128,
            0.21207,
            5.96144
          ],
          [
            3.93346,
            6.18921,
            6.09003
          ],
          [
            4.11243,
            0.0816,
            5.96098
          ],
          [
            0.1073,
            2.71042,
            5.9381
          ],
          [
            2.0825,
            0.0,
            0.0
          ],
          [
            2.0825,
            2.94648,
            0.0
          ],
          [
            6.2475,
            0.0,
            0.0
          ],
          [
            6.2475,
            2.94648,
            0.0
          ],
          [
            2.0825,
            5.89306,
            0.0
          ],
          [
            6.2475,
            5.89306,
            0.0
          ],
          [
            0.0,
            1.47329,
            1.47381
          ],
          [
            0.0,
            4.41977,
            1.47381
          ],
          [
            4.165,
            1.47329,
            1.47381
          ],
          [
            4.165,
            4.41977,
            1.47381
          ],
          [
            0.0,
            7.36625,
            1.47381
          ],
          [
            4.165,
            7.36625,
            1.47381
          ],
          [
            2.0787,
            8.82697,
            2.94643
          ],
          [
            2.08182,
            2.97377,
            2.97195
          ],
          [
            6.25012,
            8.82613,
            2.94627
          ],
          [
            6.26161,
            3.00539,
            3.05065
          ],
          [
            2.08743,
            5.87668,
            3.00046
          ],
          [
            6.2466,
            5.81723,
            3.06014
          ],
          [
            8.30136,
            1.47004,
            4.33313
          ],
          [
            8.21368,
            4.44872,
            4.42446
          ],
          [
            4.18572,
            1.46669,
            4.37163
          ],
          [
            4.24955,
            4.36884,
            4.41353
          ],
          [
            8.28054,
            7.33714,
            4.46288
          ],
          [
            4.21961,
            7.34528,
            4.44366
          ],
          [
            2.01252,
            5.89052,
            5.89028
          ],
          [
            6.39415,
            5.72795,
            6.04772
          ],
          [
            2.06448,
            0.01622,
            5.84076
          ],
          [
            2.04419,
            2.93687,
            5.86437
          ],
          [
            6.25344,
            0.08837,
            5.89372
          ],
          [
            6.14511,
            4.48063,
            4.68764
          ]
        ],
        "Stress": [
          [
            -72.71703,
            -0.10609,
            0.42916
          ],
          [
            -0.10609,
            -17.12008,
            -0.08512
          ],
          [
            0.42916,
            -0.08512,
            -35.17979
          ]
        ],
        "computation_code": "VASP",
        "pseudopotential_information": [
          [
            "PAW_PBE",
            "Ni",
            "02Aug2007"
          ],
          [
            "PAW_PBE",
            "O",
            "08Apr2002"
          ],
          [
            "PAW_PBE",
            "Nb_sv",
            "25May2007"
          ]
        ]
      }
    ],
    "EnergyStyle": "electronvolt",
    "ForcesStyle": "electronvoltperangstrom",
    "LatticeStyle": "angstrom",
    "PositionsStyle": "angstrom",
    "StressStyle": "kB"
  }
}