{
  "Dataset": {
    "AtomTypeStyle": "chemicalsymbol",
    "Data": [
      {
        "AtomTypes": [
          "Ni",
          "Ni",
          "Ni",
          "Ni",
          "Ni",
          "Ni",
          "Ni",
          "Ni",
          "Ni",
          "Ni",
          "Ni",
          "Ni",
          "Ni",
          "Ni",
          "Ni",
          "Ni",
          "Ni",
          "Ni",
          "Ni",
          "Ni",
          "Ni",
          "Ni",
          "Ni",
          "Ni",
          "Ni",
          "Ni",
          "Ni",
          "Ni",
          "Ni",
          "O",
          "O",
          "O",
          "O",
          "O",
          "O",
          "O",
          "O",
          "O",
          "O",
          "O",
          "O",
          "O",
          "O",
          "O",
          "O",
          "O",
          "O",
          "O",
          "O",
          "O",
          "O",
          "O",
          "O",
          "O",
          "O",
          "O",
          "O",
          "O",
          "O",
          "Nb"
        ],
        "Energy": -316.16649948,
        "Forces": [
          [
            -0.013115,
            0.0,
            0.959407
          ],
          [
            0.001677,
            0.019411,
            0.933612
          ],
          [
            -0.117023,
            0.0,
            0.94082
          ],
          [
            -0.120046,
            0.037132,
            0.885139
          ],
          [
            0.001677,
            -0.019411,
            0.933612
          ],
          [
            -0.120046,
            -0.037132,
            0.885139
          ],
          [
            -0.040827,
            -0.064912,
            -0.786265
          ],
          [
            -0.027652,
            0.0,
            -0.792539
          ],
          [
            0.055572,
            -0.07214,
            -0.826028
          ],
          [
            0.032735,
            0.0,
            -0.882191
          ],
          [
            -0.040827,
            0.064912,
            -0.786265
          ],
          [
            0.055572,
            0.07214,
            -0.826028
          ],
          [
            0.006832,
            -0.001121,
            0.003634
          ],
          [
            0.006832,
            0.001121,
            0.003634
          ],
          [
            -0.001796,
            -0.002282,
            -0.000789
          ],
          [
            -0.001796,
            0.002282,
            -0.000789
          ],
          [
            0.004683,
            0.0,
            0.010052
          ],
          [
            -0.004743,
            0.0,
            -0.002833
          ],
          [
            0.019553,
            0.0,
            0.01604
          ],
          [
            0.009289,
            -0.003845,
            0.012258
          ],
          [
            0.006752,
            -0.02137,
            0.005407
          ],
          [
            -0.001018,
            0.003512,
            0.005394
          ],
          [
            0.009289,
            0.003845,
            0.012258
          ],
          [
            -0.001018,
            -0.003512,
            0.005394
          ],
          [
            0.009097,
            -0.005229,
            0.01011
          ],
          [
            -0.000297,
            0.0,
            0.023961
          ],
          [
            0.006752,
            0.02137,
            0.005407
          ],
          [
            0.002328,
            0.0,
            -0.022175
          ],
          [
            0.009097,
            0.005229,
            0.01011
          ],
          [
            0.037508,
            0.0,
            0.450714
          ],
          [
            0.026584,
            -0.010856,
            0.481336
          ],
          [
            0.000226,
            0.0,
            0.524755
          ],
          [
            0.011569,
            -0.004473,
            0.631454
          ],
          [
            0.026584,
            0.010856,
            0.481336
          ],
          [
            0.011569,
            0.004473,
            0.631454
          ],
          [
            -0.064103,
            0.021167,
            -0.626975
          ],
          [
            -0.086825,
            0.0,
            -0.567332
          ],
          [
            0.115181,
            -0.069491,
            -0.694108
          ],
          [
            0.117721,
            0.0,
            -0.760573
          ],
          [
            -0.064103,
            -0.021167,
            -0.626975
          ],
          [
            0.115181,
            0.069491,
            -0.694108
          ],
          [
            -0.000774,
            0.0,
            0.002175
          ],
          [
            0.002038,
            -0.002002,
            0.000187
          ],
          [
            0.001352,
            0.0,
            0.006174
          ],
          [
            -0.002865,
            0.002227,
            0.004309
          ],
          [
            0.002038,
            0.002002,
            0.000187
          ],
          [
            -0.002865,
            -0.002227,
            0.004309
          ],
          [
            0.002493,
            0.006559,
            -0.004481
          ],
          [
            -0.012079,
            0.0,
            0.006398
          ],
          [
            0.003459,
            -0.005737,
            0.007132
          ],
          [
            0.026612,
            0.0,
            0.012949
          ],
          [
            0.002493,
            -0.006559,
            -0.004481
          ],
          [
            0.003459,
            0.005737,
            0.007132
          ],
          [
            0.00084,
            0.006766,
            -0.001345
          ],
          [
            0.00084,
            -0.006766,
            -0.001345
          ],
          [
            -0.002471,
            0.004403,
            0.012686
          ],
          [
            -0.002471,
            -0.004403,
            0.012686
          ],
          [
            0.021755,
            0.0,
            -0.004121
          ],
          [
            -0.019055,
            0.0,
            -0.005719
          ],
          [
            -0.019426,
            0.0,
            -0.021298
          ]
        ],
        "Lattice": [
          [
            8.33,
            0.0,
            0.0
          ],
          [
            0.0,
            8.839539657,
            0.0
          ],
          [
            0.0,
            0.0,
            21.359563785
          ]
        ],
        "NumAtoms": 60,
        "Positions": [
          [
            0.0,
            0.0,
            0.0
          ],
          [
            0.0,
            2.94648,
            0.0
          ],
          [
            4.165,
            0.0,
            0.0
          ],
          [
            4.165,
            2.94648,
            0.0
          ],
          [
            0.0,
            5.89306,
            0.0
          ],
          [
            4.165,
            5.89306,
            0.0
          ],
          [
            2.0825,
            1.47329,
            1.47381
          ],
          [
            2.0825,
            4.41977,
            1.47381
          ],
          [
            6.2475,
            1.47329,
            1.47381
          ],
          [
            6.2475,
            4.41977,
            1.47381
          ],
          [
            2.0825,
            7.36625,
            1.47381
          ],
          [
            6.2475,
            7.36625,
            1.47381
          ],
          [
            0.01616,
            2.92303,
            2.95915
          ],
          [
            0.01616,
            5.91651,
            2.95915
          ],
          [
            4.13564,
            2.89599,
            2.92826
          ],
          [
            4.13564,
            5.94355,
            2.92826
          ],
          [
            4.15828,
            -0.0,
            2.98103
          ],
          [
            0.01353,
            -0.0,
            2.9708
          ],
          [
            2.15528,
            4.41977,
            4.50562
          ],
          [
            2.07864,
            7.35997,
            4.49809
          ],
          [
            4.04034,
            2.7569,
            6.05192
          ],
          [
            6.26053,
            7.4108,
            4.49708
          ],
          [
            2.07864,
            1.47957,
            4.49809
          ],
          [
            6.26053,
            1.42874,
            4.49708
          ],
          [
            0.19066,
            5.69788,
            5.92946
          ],
          [
            0.03782,
            -0.0,
            5.86682
          ],
          [
            4.04034,
            6.08264,
            6.05192
          ],
          [
            4.14229,
            -0.0,
            5.92601
          ],
          [
            0.19066,
            3.14166,
            5.92946
          ],
          [
            2.0825,
            0.0,
            0.0
          ],
          [
            2.0825,
            2.94648,
            0.0
          ],
          [
            6.2475,
            0.0,
            0.0
          ],
          [
            6.2475,
            2.94648,
            0.0
          ],
          [
            2.0825,
            5.89306,
            0.0
          ],
          [
            6.2475,
            5.89306,
            0.0
          ],
          [
            0.0,
            1.47329,
            1.47381
          ],
          [
            0.0,
            4.41977,
            1.47381
          ],
          [
            4.165,
            1.47329,
            1.47381
          ],
          [
            4.165,
            4.41977,
            1.47381
          ],
          [
            0.0,
            7.36625,
            1.47381
          ],
          [
            4.165,
            7.36625,
            1.47381
          ],
          [
            2.08801,
            -0.0,
            2.95599
          ],
          [
            2.0699,
            2.96113,
            2.97628
          ],
          [
            6.24934,
            -0.0,
            2.94783
          ],
          [
            6.25645,
            2.99583,
            3.04279
          ],
          [
            2.0699,
            5.87841,
            2.97628
          ],
          [
            6.25645,
            5.84371,
            3.04279
          ],
          [
            8.31565,
            1.47569,
            4.44167
          ],
          [
            8.16957,
            4.41977,
            4.3824
          ],
          [
            4.19717,
            1.48084,
            4.42811
          ],
          [
            4.2134,
            4.41977,
            4.24873
          ],
          [
            8.31565,
            7.36385,
            4.44167
          ],
          [
            4.19717,
            7.3587,
            4.42811
          ],
          [
            2.09139,
            2.96052,
            5.86533
          ],
          [
            2.09139,
            5.87902,
            5.86533
          ],
          [
            6.29308,
            2.98227,
            5.93255
          ],
          [
            6.29308,
            5.85727,
            5.93255
          ],
          [
            2.06739,
            -0.0,
            5.85783
          ],
          [
            6.27511,
            -0.0,
            5.87509
          ],
          [
            6.07822,
            4.41977,
            4.74524
          ]
        ],
        "Stress": [
          [
            -73.48343,
            0.0,
            0.69758
          ],
          [
            0.0,
            -13.68138,
            0.0
          ],
          [
            0.69758,
            0.0,
            -34.71714
          ]
        ],
        "computation_code": "VASP",
        "pseudopotential_information": [
          [
            "PAW_PBE",
            "Ni",
            "02Aug2007"
          ],
          [
            "PAW_PBE",
            "O",
            "08Apr2002"
          ],
          [
            "PAW_PBE",
            "Nb_sv",
            "25May2007"
          ]
        ]
      }
    ],
    "EnergyStyle": "electronvolt",
    "ForcesStyle": "electronvoltperangstrom",
    "LatticeStyle": "angstrom",
    "PositionsStyle": "angstrom",
    "StressStyle": "kB"
  }
}