{
  "Dataset": {
    "AtomTypeStyle": "chemicalsymbol",
    "Data": [
      {
        "AtomTypes": [
          "Ni",
          "Ni",
          "Ni",
          "Ni",
          "Ni",
          "Ni",
          "Ni",
          "Ni",
          "Ni",
          "Ni",
          "Ni",
          "Ni",
          "Ni",
          "Ni",
          "Ni",
          "Ni",
          "Ni",
          "Ni",
          "Ni",
          "Ni",
          "Ni",
          "Ni",
          "Ni",
          "Ni",
          "Ni",
          "Ni",
          "Ni",
          "Ni",
          "Ni",
          "O",
          "O",
          "O",
          "O",
          "O",
          "O",
          "O",
          "O",
          "O",
          "O",
          "O",
          "O",
          "O",
          "O",
          "O",
          "O",
          "O",
          "O",
          "O",
          "O",
          "O",
          "O",
          "O",
          "O",
          "O",
          "O",
          "O",
          "O",
          "O",
          "Nb"
        ],
        "Energy": -306.23340822,
        "Forces": [
          [
            -0.00549,
            0.029662,
            0.875944
          ],
          [
            0.012568,
            -0.030931,
            0.843096
          ],
          [
            -0.120226,
            0.012635,
            0.848831
          ],
          [
            -0.125712,
            -0.010954,
            0.807957
          ],
          [
            0.009518,
            -0.001327,
            0.825335
          ],
          [
            -0.12059,
            -0.003633,
            0.837981
          ],
          [
            -0.035335,
            -0.085449,
            -0.807946
          ],
          [
            0.033131,
            0.029049,
            -0.809815
          ],
          [
            0.057208,
            -0.127024,
            -0.748948
          ],
          [
            -0.008972,
            -0.036376,
            -1.086204
          ],
          [
            0.011852,
            0.064809,
            -0.822984
          ],
          [
            0.000284,
            0.139077,
            -0.923341
          ],
          [
            0.012938,
            0.030912,
            0.020592
          ],
          [
            -0.013859,
            0.03337,
            0.023197
          ],
          [
            -0.005864,
            0.037113,
            -0.026421
          ],
          [
            -0.000503,
            -0.055949,
            0.011896
          ],
          [
            -0.028859,
            0.004333,
            -0.033224
          ],
          [
            0.005896,
            0.006582,
            0.045001
          ],
          [
            -0.033055,
            0.00232,
            -0.020045
          ],
          [
            -0.025769,
            0.017239,
            0.001695
          ],
          [
            0.053362,
            -0.081432,
            0.015449
          ],
          [
            -0.03704,
            -0.000341,
            0.020816
          ],
          [
            -0.02254,
            -0.015091,
            -0.021155
          ],
          [
            -0.113243,
            0.007168,
            -0.025144
          ],
          [
            0.000932,
            0.093653,
            -0.08568
          ],
          [
            0.020927,
            0.015356,
            -0.049392
          ],
          [
            0.008041,
            -0.014532,
            -0.023573
          ],
          [
            -0.018488,
            -0.005514,
            0.181202
          ],
          [
            -0.027899,
            0.009493,
            -0.033094
          ],
          [
            0.025038,
            -0.00546,
            0.496629
          ],
          [
            0.014288,
            0.005292,
            0.528581
          ],
          [
            0.014025,
            0.005358,
            0.567641
          ],
          [
            0.020443,
            0.023457,
            0.698431
          ],
          [
            0.007594,
            -0.000325,
            0.552496
          ],
          [
            0.027152,
            0.005874,
            0.702311
          ],
          [
            -0.082661,
            0.042138,
            -0.677455
          ],
          [
            -0.098612,
            0.069167,
            -0.478299
          ],
          [
            0.119395,
            0.006191,
            -0.636402
          ],
          [
            0.13671,
            0.071544,
            -0.390874
          ],
          [
            -0.083199,
            -0.09616,
            -0.560514
          ],
          [
            0.117981,
            -0.078396,
            -0.525389
          ],
          [
            0.017357,
            0.003553,
            -0.077288
          ],
          [
            0.009179,
            0.00057,
            -0.043329
          ],
          [
            0.023143,
            0.01727,
            -0.041936
          ],
          [
            -0.017356,
            -0.019198,
            0.011265
          ],
          [
            0.013644,
            -0.025606,
            -0.049675
          ],
          [
            -0.007207,
            0.000441,
            -0.013032
          ],
          [
            0.020428,
            -0.02279,
            0.032505
          ],
          [
            0.028245,
            0.008678,
            0.011112
          ],
          [
            0.053249,
            0.051052,
            0.008648
          ],
          [
            -0.048972,
            -0.051713,
            0.002595
          ],
          [
            -0.026761,
            0.015336,
            0.01824
          ],
          [
            0.026971,
            -0.084937,
            -0.067626
          ],
          [
            0.05071,
            -0.023687,
            0.046881
          ],
          [
            -0.007606,
            -0.106133,
            -0.132832
          ],
          [
            -0.108775,
            0.004751,
            0.030946
          ],
          [
            0.04332,
            -0.017276,
            0.00654
          ],
          [
            0.076037,
            0.00093,
            -0.001693
          ],
          [
            0.153026,
            0.135863,
            0.139495
          ]
        ],
        "Lattice": [
          [
            8.33,
            0.0,
            0.0
          ],
          [
            0.0,
            8.839539657,
            0.0
          ],
          [
            0.0,
            0.0,
            21.359563785
          ]
        ],
        "NumAtoms": 59,
        "Positions": [
          [
            0.0,
            0.0,
            0.0
          ],
          [
            0.0,
            2.94648,
            0.0
          ],
          [
            4.165,
            0.0,
            0.0
          ],
          [
            4.165,
            2.94648,
            0.0
          ],
          [
            0.0,
            5.89306,
            0.0
          ],
          [
            4.165,
            5.89306,
            0.0
          ],
          [
            2.0825,
            1.47329,
            1.47381
          ],
          [
            2.0825,
            4.41977,
            1.47381
          ],
          [
            6.2475,
            1.47329,
            1.47381
          ],
          [
            6.2475,
            4.41977,
            1.47381
          ],
          [
            2.0825,
            7.36625,
            1.47381
          ],
          [
            6.2475,
            7.36625,
            1.47381
          ],
          [
            0.02182,
            2.93592,
            2.947
          ],
          [
            0.03005,
            5.91409,
            2.94308
          ],
          [
            4.13454,
            2.90574,
            2.93511
          ],
          [
            4.12673,
            5.94182,
            2.95932
          ],
          [
            4.17028,
            8.83636,
            2.97311
          ],
          [
            8.32493,
            8.8283,
            2.96171
          ],
          [
            2.07869,
            4.40266,
            4.5386
          ],
          [
            2.07062,
            7.38854,
            4.49602
          ],
          [
            6.25705,
            7.49315,
            4.52084
          ],
          [
            2.07553,
            1.47745,
            4.47012
          ],
          [
            6.24046,
            1.56794,
            4.57682
          ],
          [
            0.1571,
            5.89463,
            5.83983
          ],
          [
            4.01654,
            2.84266,
            5.91131
          ],
          [
            0.03299,
            0.20056,
            5.95401
          ],
          [
            3.9648,
            6.13856,
            6.08554
          ],
          [
            4.12517,
            0.04068,
            5.93049
          ],
          [
            0.09673,
            2.69876,
            5.95087
          ],
          [
            2.0825,
            0.0,
            0.0
          ],
          [
            2.0825,
            2.94648,
            0.0
          ],
          [
            6.2475,
            0.0,
            0.0
          ],
          [
            6.2475,
            2.94648,
            0.0
          ],
          [
            2.0825,
            5.89306,
            0.0
          ],
          [
            6.2475,
            5.89306,
            0.0
          ],
          [
            0.0,
            1.47329,
            1.47381
          ],
          [
            0.0,
            4.41977,
            1.47381
          ],
          [
            4.165,
            1.47329,
            1.47381
          ],
          [
            4.165,
            4.41977,
            1.47381
          ],
          [
            0.0,
            7.36625,
            1.47381
          ],
          [
            4.165,
            7.36625,
            1.47381
          ],
          [
            2.07819,
            8.82838,
            2.95844
          ],
          [
            2.07749,
            2.97261,
            2.9781
          ],
          [
            6.24572,
            8.82443,
            2.95075
          ],
          [
            6.25826,
            3.00624,
            3.05569
          ],
          [
            2.08534,
            5.88117,
            3.00355
          ],
          [
            6.23659,
            5.82124,
            3.06074
          ],
          [
            8.29548,
            1.46702,
            4.33381
          ],
          [
            8.20227,
            4.45467,
            4.41315
          ],
          [
            4.17576,
            1.46439,
            4.37878
          ],
          [
            4.24221,
            4.37781,
            4.40552
          ],
          [
            8.2888,
            7.33253,
            4.46704
          ],
          [
            4.21354,
            7.35582,
            4.4543
          ],
          [
            2.02684,
            5.89432,
            5.87852
          ],
          [
            6.37932,
            5.73198,
            6.04783
          ],
          [
            2.08147,
            0.01341,
            5.83774
          ],
          [
            2.02319,
            2.94991,
            5.86543
          ],
          [
            6.25091,
            0.0774,
            5.89452
          ],
          [
            6.14475,
            4.46032,
            4.6996
          ]
        ],
        "Stress": [
          [
            -71.82395,
            -0.15619,
            0.49739
          ],
          [
            -0.15619,
            -16.09364,
            -0.22572
          ],
          [
            0.49739,
            -0.22572,
            -34.51854
          ]
        ],
        "computation_code": "VASP",
        "pseudopotential_information": [
          [
            "PAW_PBE",
            "Ni",
            "02Aug2007"
          ],
          [
            "PAW_PBE",
            "O",
            "08Apr2002"
          ],
          [
            "PAW_PBE",
            "Nb_sv",
            "25May2007"
          ]
        ]
      }
    ],
    "EnergyStyle": "electronvolt",
    "ForcesStyle": "electronvoltperangstrom",
    "LatticeStyle": "angstrom",
    "PositionsStyle": "angstrom",
    "StressStyle": "kB"
  }
}