{
  "Dataset": {
    "AtomTypeStyle": "chemicalsymbol",
    "Data": [
      {
        "AtomTypes": [
          "Ni",
          "Ni",
          "Ni",
          "Ni",
          "Ni",
          "Ni",
          "Ni",
          "Ni",
          "Ni",
          "Ni",
          "Ni",
          "Ni",
          "Ni",
          "Ni",
          "Ni",
          "Ni",
          "Ni",
          "Ni",
          "Ni",
          "Ni",
          "Ni",
          "Ni",
          "Ni",
          "Ni",
          "Ni",
          "Ni",
          "Ni",
          "Ni",
          "Ni",
          "O",
          "O",
          "O",
          "O",
          "O",
          "O",
          "O",
          "O",
          "O",
          "O",
          "O",
          "O",
          "O",
          "O",
          "O",
          "O",
          "O",
          "O",
          "O",
          "O",
          "O",
          "O",
          "O",
          "O",
          "O",
          "O",
          "O",
          "O",
          "O",
          "O",
          "O",
          "Nb"
        ],
        "Energy": -323.48257133,
        "Forces": [
          [
            -0.057298,
            0.00207,
            0.915041
          ],
          [
            -0.066074,
            0.004308,
            0.897839
          ],
          [
            -0.074506,
            0.007713,
            0.96423
          ],
          [
            -0.062798,
            -0.005597,
            0.869537
          ],
          [
            -0.066269,
            -0.007117,
            0.911349
          ],
          [
            -0.065124,
            -0.003554,
            0.921662
          ],
          [
            0.030226,
            -0.049548,
            -0.845587
          ],
          [
            0.01756,
            0.012567,
            -0.861428
          ],
          [
            0.006717,
            -0.069723,
            -0.857278
          ],
          [
            0.017401,
            0.009036,
            -0.835842
          ],
          [
            0.031694,
            0.002819,
            -0.805371
          ],
          [
            0.00592,
            0.035505,
            -0.835738
          ],
          [
            -0.006969,
            0.004152,
            -0.066473
          ],
          [
            0.000265,
            -0.022005,
            -0.110381
          ],
          [
            0.006193,
            0.145466,
            0.05054
          ],
          [
            -0.00497,
            -0.027876,
            -0.026918
          ],
          [
            -0.020865,
            0.061214,
            -0.075052
          ],
          [
            -0.01107,
            0.071137,
            -0.13493
          ],
          [
            0.090921,
            -0.037444,
            0.008901
          ],
          [
            0.0403,
            0.038618,
            -0.025529
          ],
          [
            -0.056413,
            -0.049455,
            -0.03534
          ],
          [
            0.043165,
            0.03699,
            0.04106
          ],
          [
            0.002409,
            -0.004969,
            0.014824
          ],
          [
            0.04734,
            0.026089,
            0.002603
          ],
          [
            -0.027011,
            0.060879,
            0.144899
          ],
          [
            -0.075584,
            -0.013733,
            -0.016397
          ],
          [
            0.002931,
            -0.016974,
            -0.120267
          ],
          [
            0.039595,
            -0.027704,
            -0.007234
          ],
          [
            -0.011988,
            -0.029447,
            -0.083631
          ],
          [
            0.013854,
            0.003895,
            0.477034
          ],
          [
            0.01015,
            -0.004441,
            0.505172
          ],
          [
            0.028074,
            -0.000215,
            0.498037
          ],
          [
            0.030403,
            -0.006837,
            0.489757
          ],
          [
            0.014935,
            0.004986,
            0.474292
          ],
          [
            0.02772,
            0.00493,
            0.460403
          ],
          [
            0.034942,
            -0.031587,
            -0.547148
          ],
          [
            0.033829,
            0.032974,
            -0.515541
          ],
          [
            0.023142,
            -0.121598,
            -0.647067
          ],
          [
            0.029992,
            0.031083,
            -0.48498
          ],
          [
            0.032199,
            -0.009178,
            -0.596226
          ],
          [
            0.022762,
            -0.00356,
            -0.536198
          ],
          [
            -0.004087,
            -0.007248,
            0.016707
          ],
          [
            0.022364,
            0.016199,
            0.01438
          ],
          [
            -0.022658,
            -0.001546,
            -0.01875
          ],
          [
            -0.03342,
            0.026057,
            0.038005
          ],
          [
            -0.005844,
            0.01777,
            0.015651
          ],
          [
            -0.011433,
            4.1e-05,
            0.016704
          ],
          [
            0.002814,
            0.044154,
            0.052317
          ],
          [
            -0.012278,
            -0.075545,
            0.010804
          ],
          [
            -0.024365,
            0.04186,
            0.009257
          ],
          [
            0.007818,
            -0.065435,
            0.187047
          ],
          [
            0.005047,
            -0.000414,
            0.059763
          ],
          [
            -0.043515,
            -0.076339,
            0.102068
          ],
          [
            -0.037284,
            -0.014011,
            0.003027
          ],
          [
            0.061931,
            -0.00314,
            -0.006591
          ],
          [
            0.027869,
            -0.001221,
            0.005975
          ],
          [
            -0.05887,
            0.029864,
            -0.002918
          ],
          [
            0.031237,
            0.02878,
            -0.022448
          ],
          [
            0.026596,
            0.001614,
            -0.037084
          ],
          [
            -0.006641,
            -0.049013,
            0.137668
          ],
          [
            -0.002983,
            0.033705,
            -0.158207
          ]
        ],
        "Lattice": [
          [
            8.33,
            0.0,
            0.0
          ],
          [
            0.0,
            8.839539657,
            0.0
          ],
          [
            0.0,
            0.0,
            21.359563785
          ]
        ],
        "NumAtoms": 61,
        "Positions": [
          [
            0.0,
            0.0,
            0.0
          ],
          [
            0.0,
            2.94648,
            0.0
          ],
          [
            4.165,
            0.0,
            0.0
          ],
          [
            4.165,
            2.94648,
            0.0
          ],
          [
            0.0,
            5.89306,
            0.0
          ],
          [
            4.165,
            5.89306,
            0.0
          ],
          [
            2.0825,
            1.47329,
            1.47381
          ],
          [
            2.0825,
            4.41977,
            1.47381
          ],
          [
            6.2475,
            1.47329,
            1.47381
          ],
          [
            6.2475,
            4.41977,
            1.47381
          ],
          [
            2.0825,
            7.36625,
            1.47381
          ],
          [
            6.2475,
            7.36625,
            1.47381
          ],
          [
            0.00035,
            2.94463,
            2.94092
          ],
          [
            0.00045,
            5.90982,
            2.95575
          ],
          [
            4.16816,
            2.91444,
            2.91502
          ],
          [
            4.16783,
            5.91324,
            2.96143
          ],
          [
            4.16615,
            8.80511,
            2.99847
          ],
          [
            0.00125,
            8.82643,
            2.95751
          ],
          [
            2.06947,
            4.46523,
            4.45628
          ],
          [
            2.10768,
            7.39023,
            4.53038
          ],
          [
            6.26507,
            4.46212,
            4.46647
          ],
          [
            6.2116,
            7.38767,
            4.52508
          ],
          [
            2.09163,
            1.43671,
            4.45681
          ],
          [
            6.23445,
            1.43115,
            4.46141
          ],
          [
            0.00537,
            5.92645,
            5.89358
          ],
          [
            0.00519,
            0.00952,
            5.82382
          ],
          [
            4.16773,
            5.94238,
            5.98906
          ],
          [
            4.15947,
            0.23715,
            5.97567
          ],
          [
            0.03422,
            2.92228,
            5.81625
          ],
          [
            2.0825,
            0.0,
            0.0
          ],
          [
            2.0825,
            2.94648,
            0.0
          ],
          [
            6.2475,
            0.0,
            0.0
          ],
          [
            6.2475,
            2.94648,
            0.0
          ],
          [
            2.0825,
            5.89306,
            0.0
          ],
          [
            6.2475,
            5.89306,
            0.0
          ],
          [
            0.0,
            1.47329,
            1.47381
          ],
          [
            0.0,
            4.41977,
            1.47381
          ],
          [
            4.165,
            1.47329,
            1.47381
          ],
          [
            4.165,
            4.41977,
            1.47381
          ],
          [
            0.0,
            7.36625,
            1.47381
          ],
          [
            4.165,
            7.36625,
            1.47381
          ],
          [
            2.07883,
            8.83831,
            2.9597
          ],
          [
            2.07601,
            2.9515,
            2.9832
          ],
          [
            6.25458,
            8.83717,
            2.96241
          ],
          [
            6.2575,
            2.94939,
            2.9829
          ],
          [
            2.07806,
            5.88488,
            2.96049
          ],
          [
            6.25626,
            5.88222,
            2.96145
          ],
          [
            8.32637,
            1.49393,
            4.45442
          ],
          [
            0.00294,
            4.38423,
            4.47465
          ],
          [
            4.16388,
            1.48692,
            4.40306
          ],
          [
            4.16469,
            4.34171,
            4.46515
          ],
          [
            -0.00237,
            7.38861,
            4.42438
          ],
          [
            4.16481,
            7.29823,
            4.45657
          ],
          [
            2.15801,
            2.90659,
            5.88983
          ],
          [
            2.03531,
            5.89315,
            5.84551
          ],
          [
            6.1668,
            2.90259,
            5.89409
          ],
          [
            6.29723,
            5.88853,
            5.84471
          ],
          [
            2.02082,
            0.03814,
            5.88285
          ],
          [
            6.294,
            0.03571,
            5.87954
          ],
          [
            4.16454,
            4.38672,
            7.28275
          ],
          [
            4.17321,
            3.08308,
            6.0783
          ]
        ],
        "Stress": [
          [
            -83.67247,
            -0.0186,
            0.54045
          ],
          [
            -0.0186,
            -13.28015,
            -0.03825
          ],
          [
            0.54045,
            -0.03825,
            -34.9873
          ]
        ],
        "computation_code": "VASP",
        "pseudopotential_information": [
          [
            "PAW_PBE",
            "Ni",
            "02Aug2007"
          ],
          [
            "PAW_PBE",
            "O",
            "08Apr2002"
          ],
          [
            "PAW_PBE",
            "Nb_sv",
            "25May2007"
          ]
        ]
      }
    ],
    "EnergyStyle": "electronvolt",
    "ForcesStyle": "electronvoltperangstrom",
    "LatticeStyle": "angstrom",
    "PositionsStyle": "angstrom",
    "StressStyle": "kB"
  }
}